ISO-10303-21;
HEADER;
FILE_DESCRIPTION (( 'STEP AP214' ),
    '1' );
FILE_NAME ('RPMS210_R2_00601.STEP',
    '2025-02-12T10:44:42',
    ( '' ),
    ( '' ),
    'SwSTEP 2.0',
    'SolidWorks 2023',
    '' );
FILE_SCHEMA (( 'AUTOMOTIVE_DESIGN' ));
ENDSEC;

DATA;
#1 =( LENGTH_UNIT ( ) NAMED_UNIT ( * ) SI_UNIT ( .MILLI., .METRE. ) );
#2 = CARTESIAN_POINT ( 'NONE',  ( 3.075000000000000178, 5.200000000000001066, -0.5000000000000000000 ) ) ;
#3 = AXIS2_PLACEMENT_3D ( 'NONE', #587, #475, #276 ) ;
#4 = EDGE_CURVE ( 'NONE', #989, #20, #1699, .T. ) ;
#5 = CARTESIAN_POINT ( 'NONE',  ( 3.900000000000000355, -3.894830393913598865, -0.6000000000000000888 ) ) ;
#6 = VERTEX_POINT ( 'NONE', #1407 ) ;
#7 = UNCERTAINTY_MEASURE_WITH_UNIT (LENGTH_MEASURE( 1.000000000000000082E-05 ), #441, 'distance_accuracy_value', 'NONE');
#8 = CARTESIAN_POINT ( 'NONE',  ( 3.075000000000000178, 3.956837379108208541, -0.2462457881015459593 ) ) ;
#9 = AXIS2_PLACEMENT_3D ( 'NONE', #1447, #969, #1913 ) ;
#10 = SURFACE_STYLE_USAGE ( .BOTH. , #1575 ) ;
#11 = CIRCLE ( 'NONE', #1592, 0.1999999999999998723 ) ;
#12 = FILL_AREA_STYLE_COLOUR ( '', #923 ) ;
#13 = FACE_OUTER_BOUND ( 'NONE', #44, .T. ) ;
#14 = SURFACE_STYLE_FILL_AREA ( #961 ) ;
#15 = VECTOR ( 'NONE', #1290, 1000.000000000000000 ) ;
#16 = FILL_AREA_STYLE_COLOUR ( '', #841 ) ;
#17 = DIRECTION ( 'NONE',  ( -0.000000000000000000, 0.1726504835671661409, 0.9849831524061838373 ) ) ;
#18 =( NAMED_UNIT ( * ) SI_UNIT ( $, .STERADIAN. ) SOLID_ANGLE_UNIT ( ) );
#19 = ORIENTED_EDGE ( 'NONE', *, *, #198, .F. ) ;
#20 = VERTEX_POINT ( 'NONE', #602 ) ;
#21 = CARTESIAN_POINT ( 'NONE',  ( 3.075000000000000178, 5.200000000000001066, -0.5000000000000000000 ) ) ;
#22 = DIRECTION ( 'NONE',  ( 0.000000000000000000, 0.6605093788534929233, -0.7508177944392188108 ) ) ;
#23 = EDGE_CURVE ( 'NONE', #819, #6, #1842, .T. ) ;
#24 = FILL_AREA_STYLE_COLOUR ( '', #914 ) ;
#25 = VERTEX_POINT ( 'NONE', #1243 ) ;
#26 = FILL_AREA_STYLE_COLOUR ( '', #1188 ) ;
#27 = VECTOR ( 'NONE', #1600, 1000.000000000000000 ) ;
#28 = ADVANCED_FACE ( 'NONE', ( #1862 ), #613, .T. ) ;
#29 = VECTOR ( 'NONE', #1066, 1000.000000000000000 ) ;
#30 = ORIENTED_EDGE ( 'NONE', *, *, #1068, .F. ) ;
#31 = DIRECTION ( 'NONE',  ( -0.000000000000000000, 0.000000000000000000, 1.000000000000000000 ) ) ;
#32 = CARTESIAN_POINT ( 'NONE',  ( 2.024999999999999911, -4.490432225677355227, -0.7499999999999997780 ) ) ;
#33 = ORIENTED_EDGE ( 'NONE', *, *, #1601, .F. ) ;
#34 = VECTOR ( 'NONE', #1401, 1000.000000000000000 ) ;
#35 = VECTOR ( 'NONE', #158, 1000.000000000000000 ) ;
#36 = UNCERTAINTY_MEASURE_WITH_UNIT (LENGTH_MEASURE( 1.000000000000000082E-05 ), #1776, 'distance_accuracy_value', 'NONE');
#37 = AXIS2_PLACEMENT_3D ( 'NONE', #264, #1046, #916 ) ;
#38 = PLANE ( 'NONE',  #389 ) ;
#39 = DIRECTION ( 'NONE',  ( -1.000000000000000000, -0.000000000000000000, -0.000000000000000000 ) ) ;
#40 = EDGE_CURVE ( 'NONE', #718, #1598, #1423, .T. ) ;
#41 = ORIENTED_EDGE ( 'NONE', *, *, #138, .T. ) ;
#42 =( NAMED_UNIT ( * ) PLANE_ANGLE_UNIT ( ) SI_UNIT ( $, .RADIAN. ) );
#43 = DIRECTION ( 'NONE',  ( 0.000000000000000000, 0.000000000000000000, 1.000000000000000000 ) ) ;
#44 = EDGE_LOOP ( 'NONE', ( #826, #1073, #896, #1956 ) ) ;
#45 = FILL_AREA_STYLE ('',( #24 ) ) ;
#46 = SURFACE_STYLE_USAGE ( .BOTH. , #1463 ) ;
#47 = ORIENTED_EDGE ( 'NONE', *, *, #273, .T. ) ;
#48 = EDGE_CURVE ( 'NONE', #1670, #1439, #1674, .T. ) ;
#49 = ORIENTED_EDGE ( 'NONE', *, *, #1068, .T. ) ;
#50 = CARTESIAN_POINT ( 'NONE',  ( -3.900000000000000355, 4.000000000000000000, 1.469576158976824144E-15 ) ) ;
#51 = VERTEX_POINT ( 'NONE', #2023 ) ;
#52 =( LENGTH_UNIT ( ) NAMED_UNIT ( * ) SI_UNIT ( .MILLI., .METRE. ) );
#53 = DIRECTION ( 'NONE',  ( 0.000000000000000000, -1.000000000000000000, 0.000000000000000000 ) ) ;
#54 = CARTESIAN_POINT ( 'NONE',  ( -2.024999999999999911, 4.496124969497313550, -0.3000000000000000444 ) ) ;
#55 = ORIENTED_EDGE ( 'NONE', *, *, #1087, .F. ) ;
#56 = ADVANCED_FACE ( 'NONE', ( #1707 ), #1065, .T. ) ;
#57 = CIRCLE ( 'NONE', #783, 0.1999999999999998723 ) ;
#58 = ORIENTED_EDGE ( 'NONE', *, *, #1193, .T. ) ;
#59 = DIRECTION ( 'NONE',  ( 1.000000000000000000, -0.000000000000000000, -0.000000000000000000 ) ) ;
#60 = VERTEX_POINT ( 'NONE', #606 ) ;
#61 = DIRECTION ( 'NONE',  ( 0.000000000000000000, 0.6605093788534929233, 0.7508177944392188108 ) ) ;
#62 = DIRECTION ( 'NONE',  ( -1.000000000000000000, -0.000000000000000000, -0.000000000000000000 ) ) ;
#63 = EDGE_CURVE ( 'NONE', #808, #1260, #764, .T. ) ;
#64 = AXIS2_PLACEMENT_3D ( 'NONE', #424, #1681, #120 ) ;
#65 =( NAMED_UNIT ( * ) SI_UNIT ( $, .STERADIAN. ) SOLID_ANGLE_UNIT ( ) );
#66 = SURFACE_SIDE_STYLE ('',( #571 ) ) ;
#67 =( GEOMETRIC_REPRESENTATION_CONTEXT ( 3 ) GLOBAL_UNCERTAINTY_ASSIGNED_CONTEXT ( ( #496 ) ) GLOBAL_UNIT_ASSIGNED_CONTEXT ( ( #1938, #998, #1466 ) ) REPRESENTATION_CONTEXT ( 'NONE', 'WORKASPACE' ) );
#68 = CARTESIAN_POINT ( 'NONE',  ( 3.075000000000000178, 4.496124969497314439, -0.5000000000000000000 ) ) ;
#69 = SURFACE_STYLE_USAGE ( .BOTH. , #1749 ) ;
#70 = ORIENTED_EDGE ( 'NONE', *, *, #1661, .F. ) ;
#71 = CARTESIAN_POINT ( 'NONE',  ( 2.024999999999999911, 4.339951207608708117, -0.4249390095108844245 ) ) ;
#72 = ADVANCED_FACE ( 'NONE', ( #1694 ), #274, .F. ) ;
#73 = UNCERTAINTY_MEASURE_WITH_UNIT (LENGTH_MEASURE( 1.000000000000000082E-05 ), #1596, 'distance_accuracy_value', 'NONE');
#74 = FILL_AREA_STYLE ('',( #1988 ) ) ;
#75 = ORIENTED_EDGE ( 'NONE', *, *, #930, .F. ) ;
#76 = PLANE ( 'NONE',  #1042 ) ;
#77 = VERTEX_POINT ( 'NONE', #1718 ) ;
#78 = EDGE_CURVE ( 'NONE', #1035, #127, #1104, .T. ) ;
#79 = FILL_AREA_STYLE ('',( #1186 ) ) ;
#80 = CARTESIAN_POINT ( 'NONE',  ( 3.075000000000000178, -4.490432225677355227, -0.5499999999999999334 ) ) ;
#81 = ORIENTED_EDGE ( 'NONE', *, *, #1877, .F. ) ;
#82 = DIRECTION ( 'NONE',  ( 1.000000000000000000, -0.000000000000000000, -0.000000000000000000 ) ) ;
#83 = FILL_AREA_STYLE_COLOUR ( '', #1710 ) ;
#84 = VERTEX_POINT ( 'NONE', #502 ) ;
#85 = AXIS2_PLACEMENT_3D ( 'NONE', #1271, #481, #166 ) ;
#86 = STYLED_ITEM ( 'NONE', ( #1570 ), #958 ) ;
#87 = PRESENTATION_STYLE_ASSIGNMENT (( #1816 ) ) ;
#88 =( NAMED_UNIT ( * ) SI_UNIT ( $, .STERADIAN. ) SOLID_ANGLE_UNIT ( ) );
#89 = ORIENTED_EDGE ( 'NONE', *, *, #1370, .T. ) ;
#90 = DIRECTION ( 'NONE',  ( 1.000000000000000000, 0.000000000000000000, -0.000000000000000000 ) ) ;
#91 = CIRCLE ( 'NONE', #360, 0.1999999999999998723 ) ;
#92 = SURFACE_SIDE_STYLE ('',( #714 ) ) ;
#93 = ORIENTED_EDGE ( 'NONE', *, *, #198, .T. ) ;
#94 = VECTOR ( 'NONE', #1410, 1000.000000000000000 ) ;
#95 = VECTOR ( 'NONE', #618, 1000.000000000000000 ) ;
#96 = COLOUR_RGB ( '',0.6666666666666666297, 0.6980392156862744724, 0.7686274509803920907 ) ;
#97 =( NAMED_UNIT ( * ) PLANE_ANGLE_UNIT ( ) SI_UNIT ( $, .RADIAN. ) );
#98 =( NAMED_UNIT ( * ) SI_UNIT ( $, .STERADIAN. ) SOLID_ANGLE_UNIT ( ) );
#99 = ORIENTED_EDGE ( 'NONE', *, *, #1316, .T. ) ;
#100 = MECHANICAL_DESIGN_GEOMETRIC_PRESENTATION_REPRESENTATION (  '', ( #435 ), #262 ) ;
#101 = PLANE ( 'NONE',  #1047 ) ;
#102 = DIRECTION ( 'NONE',  ( 0.000000000000000000, -0.6605093788534929233, -0.7508177944392188108 ) ) ;
#103 = FILL_AREA_STYLE_COLOUR ( '', #920 ) ;
#104 = FILL_AREA_STYLE_COLOUR ( '', #1610 ) ;
#105 = LINE ( 'NONE', #411, #795 ) ;
#106 =( LENGTH_UNIT ( ) NAMED_UNIT ( * ) SI_UNIT ( .MILLI., .METRE. ) );
#107 = EDGE_LOOP ( 'NONE', ( #99, #317, #1771, #1761, #41, #772, #1502, #983, #413, #252, #170, #19 ) ) ;
#108 = CARTESIAN_POINT ( 'NONE',  ( -2.024999999999999911, 4.339951207608708117, -0.4249390095108844245 ) ) ;
#109 = DIRECTION ( 'NONE',  ( 0.000000000000000000, 0.000000000000000000, 1.000000000000000000 ) ) ;
#110 = CARTESIAN_POINT ( 'NONE',  ( 3.075000000000000178, -4.490432225677355227, -0.5499999999999999334 ) ) ;
#111 = CARTESIAN_POINT ( 'NONE',  ( 2.024999999999999911, 4.339951207608708117, -0.4249390095108842025 ) ) ;
#112 = ORIENTED_EDGE ( 'NONE', *, *, #753, .F. ) ;
#113 = MECHANICAL_DESIGN_GEOMETRIC_PRESENTATION_REPRESENTATION (  '', ( #942 ), #244 ) ;
#114 = CARTESIAN_POINT ( 'NONE',  ( -3.075000000000000178, -4.496124969497313550, -0.3000000000000000444 ) ) ;
#115 = VECTOR ( 'NONE', #791, 1000.000000000000000 ) ;
#116 = ADVANCED_FACE ( 'NONE', ( #1892 ), #806, .F. ) ;
#117 = VECTOR ( 'NONE', #2007, 1000.000000000000000 ) ;
#118 =( NAMED_UNIT ( * ) PLANE_ANGLE_UNIT ( ) SI_UNIT ( $, .RADIAN. ) );
#119 = PRESENTATION_LAYER_ASSIGNMENT (  '', '', ( #1969 ) ) ;
#120 = DIRECTION ( 'NONE',  ( 0.000000000000000000, 0.1889969624826595140, 0.9819776719316626323 ) ) ;
#121 = ORIENTED_EDGE ( 'NONE', *, *, #48, .T. ) ;
#122 =( NAMED_UNIT ( * ) PLANE_ANGLE_UNIT ( ) SI_UNIT ( $, .RADIAN. ) );
#123 = CARTESIAN_POINT ( 'NONE',  ( 2.024999999999999911, -3.956837379108208541, -0.2462457881015459593 ) ) ;
#124 = FILL_AREA_STYLE_COLOUR ( '', #1812 ) ;
#125 = EDGE_CURVE ( 'NONE', #6, #1231, #1568, .T. ) ;
#126 = CARTESIAN_POINT ( 'NONE',  ( -3.075000000000000178, -4.340268666789511620, -0.6821018757706979185 ) ) ;
#127 = VERTEX_POINT ( 'NONE', #1289 ) ;
#128 = ADVANCED_FACE ( 'NONE', ( #13 ), #1808, .T. ) ;
#129 = LINE ( 'NONE', #1397, #1834 ) ;
#130 = VECTOR ( 'NONE', #1729, 1000.000000000000000 ) ;
#131 = CARTESIAN_POINT ( 'NONE',  ( 3.075000000000000178, 4.490432225677355227, -0.7499999999999997780 ) ) ;
#132 = EDGE_LOOP ( 'NONE', ( #194, #1992, #1313, #378 ) ) ;
#133 = VECTOR ( 'NONE', #952, 1000.000000000000000 ) ;
#134 = ORIENTED_EDGE ( 'NONE', *, *, #1821, .F. ) ;
#135 = FILL_AREA_STYLE ('',( #1715 ) ) ;
#136 = CARTESIAN_POINT ( 'NONE',  ( -3.075000000000000178, 4.496124969497314439, -0.5000000000000000000 ) ) ;
#137 = PRESENTATION_STYLE_ASSIGNMENT (( #1709 ) ) ;
#138 = EDGE_CURVE ( 'NONE', #479, #1860, #1819, .T. ) ;
#139 = DIRECTION ( 'NONE',  ( 0.000000000000000000, -0.6246950475544247317, 0.7808688094430299431 ) ) ;
#140 = ORIENTED_EDGE ( 'NONE', *, *, #1362, .F. ) ;
#141 = PRESENTATION_STYLE_ASSIGNMENT (( #150 ) ) ;
#142 = EDGE_CURVE ( 'NONE', #1542, #84, #387, .T. ) ;
#143 = CARTESIAN_POINT ( 'NONE',  ( 2.024999999999999911, -4.339951207608708117, -0.4249390095108844245 ) ) ;
#144 = DIRECTION ( 'NONE',  ( -0.000000000000000000, 0.1726504835671653360, -0.9849831524061839483 ) ) ;
#145 = CARTESIAN_POINT ( 'NONE',  ( 3.900000000000000355, 4.000000000000000000, 1.469576158976824144E-15 ) ) ;
#146 = CARTESIAN_POINT ( 'NONE',  ( -3.075000000000000178, 4.490432225677355227, -0.7499999999999997780 ) ) ;
#147 = DIRECTION ( 'NONE',  ( 0.000000000000000000, 0.1726504835671665850, -0.9849831524061837262 ) ) ;
#148 = CARTESIAN_POINT ( 'NONE',  ( 3.075000000000000178, 5.200000000000001066, -0.7500000000000000000 ) ) ;
#149 = ORIENTED_EDGE ( 'NONE', *, *, #1154, .T. ) ;
#150 = SURFACE_STYLE_USAGE ( .BOTH. , #1107 ) ;
#151 = CARTESIAN_POINT ( 'NONE',  ( 3.075000000000000178, -4.496124969497314439, -0.5000000000000000000 ) ) ;
#152 = LINE ( 'NONE', #782, #924 ) ;
#153 = MECHANICAL_DESIGN_GEOMETRIC_PRESENTATION_REPRESENTATION (  '', ( #1903 ), #347 ) ;
#154 = ORIENTED_EDGE ( 'NONE', *, *, #1089, .T. ) ;
#155 = AXIS2_PLACEMENT_3D ( 'NONE', #1648, #1678, #1486 ) ;
#156 = SURFACE_SIDE_STYLE ('',( #763 ) ) ;
#157 =( NAMED_UNIT ( * ) SI_UNIT ( $, .STERADIAN. ) SOLID_ANGLE_UNIT ( ) );
#158 = DIRECTION ( 'NONE',  ( -1.000000000000000000, -0.000000000000000000, -0.000000000000000000 ) ) ;
#159 = PRODUCT_DEFINITION_SHAPE ( 'NONE', 'NONE',  #698 ) ;
#160 = CARTESIAN_POINT ( 'NONE',  ( -3.075000000000000178, -4.490432225677355227, -0.7499999999999997780 ) ) ;
#161 = UNCERTAINTY_MEASURE_WITH_UNIT (LENGTH_MEASURE( 1.000000000000000082E-05 ), #860, 'distance_accuracy_value', 'NONE');
#162 = ORIENTED_EDGE ( 'NONE', *, *, #659, .F. ) ;
#163 = PRESENTATION_LAYER_ASSIGNMENT (  '', '', ( #685 ) ) ;
#164 = PRESENTATION_LAYER_ASSIGNMENT (  '', '', ( #468 ) ) ;
#165 = FACE_OUTER_BOUND ( 'NONE', #1062, .T. ) ;
#166 = DIRECTION ( 'NONE',  ( 0.000000000000000000, 0.000000000000000000, -1.000000000000000000 ) ) ;
#167 = DIRECTION ( 'NONE',  ( 0.000000000000000000, 0.000000000000000000, -1.000000000000000000 ) ) ;
#168 =( LENGTH_UNIT ( ) NAMED_UNIT ( * ) SI_UNIT ( .MILLI., .METRE. ) );
#169 = CARTESIAN_POINT ( 'NONE',  ( 2.024999999999999911, -4.490432225677356115, -0.7500000000000000000 ) ) ;
#170 = ORIENTED_EDGE ( 'NONE', *, *, #1638, .F. ) ;
#171 = EDGE_CURVE ( 'NONE', #718, #967, #1037, .T. ) ;
#172 = FILL_AREA_STYLE_COLOUR ( '', #1883 ) ;
#173 =( LENGTH_UNIT ( ) NAMED_UNIT ( * ) SI_UNIT ( .MILLI., .METRE. ) );
#174 = SURFACE_SIDE_STYLE ('',( #14 ) ) ;
#175 = FILL_AREA_STYLE ('',( #16 ) ) ;
#176 = UNCERTAINTY_MEASURE_WITH_UNIT (LENGTH_MEASURE( 1.000000000000000082E-05 ), #747, 'distance_accuracy_value', 'NONE');
#177 = LINE ( 'NONE', #1285, #1772 ) ;
#178 = VERTEX_POINT ( 'NONE', #1170 ) ;
#179 = LINE ( 'NONE', #191, #1687 ) ;
#180 = PRESENTATION_STYLE_ASSIGNMENT (( #1775 ) ) ;
#181 = PRESENTATION_STYLE_ASSIGNMENT (( #951 ) ) ;
#182 = LINE ( 'NONE', #650, #848 ) ;
#183 = ORIENTED_EDGE ( 'NONE', *, *, #1241, .T. ) ;
#184 = PRESENTATION_LAYER_ASSIGNMENT (  '', '', ( #1582 ) ) ;
#185 = PRODUCT_RELATED_PRODUCT_CATEGORY ( 'part', '', ( #266 ) ) ;
#186 = CARTESIAN_POINT ( 'NONE',  ( -3.075000000000000178, 5.200000000000001066, -0.5000000000000000000 ) ) ;
#187 = CARTESIAN_POINT ( 'NONE',  ( 3.900000000000000355, -4.000000000000000000, 0.000000000000000000 ) ) ;
#188 = ADVANCED_FACE ( 'NONE', ( #1830 ), #1944, .F. ) ;
#189 = ORIENTED_EDGE ( 'NONE', *, *, #1234, .T. ) ;
#190 = EDGE_CURVE ( 'NONE', #1937, #645, #301, .T. ) ;
#191 = CARTESIAN_POINT ( 'NONE',  ( -2.024999999999999911, 4.496124969497314439, -0.5000000000000000000 ) ) ;
#192 = DIRECTION ( 'NONE',  ( -1.000000000000000000, -0.000000000000000000, -0.000000000000000000 ) ) ;
#193 = LINE ( 'NONE', #1301, #803 ) ;
#194 = ORIENTED_EDGE ( 'NONE', *, *, #859, .F. ) ;
#195 = AXIS2_PLACEMENT_3D ( 'NONE', #546, #530, #1787 ) ;
#196 = DIRECTION ( 'NONE',  ( 0.000000000000000000, 0.000000000000000000, 1.000000000000000000 ) ) ;
#197 = MECHANICAL_DESIGN_GEOMETRIC_PRESENTATION_REPRESENTATION (  '', ( #794 ), #690 ) ;
#198 = EDGE_CURVE ( 'NONE', #801, #1203, #1840, .T. ) ;
#199 = VECTOR ( 'NONE', #1200, 1000.000000000000000 ) ;
#200 = FILL_AREA_STYLE ('',( #1631 ) ) ;
#201 = PRESENTATION_LAYER_ASSIGNMENT (  '', '', ( #798 ) ) ;
#202 = ORIENTED_EDGE ( 'NONE', *, *, #63, .T. ) ;
#203 = SURFACE_STYLE_FILL_AREA ( #210 ) ;
#204 = LINE ( 'NONE', #1920, #1118 ) ;
#205 = ORIENTED_EDGE ( 'NONE', *, *, #1955, .F. ) ;
#206 =( NAMED_UNIT ( * ) PLANE_ANGLE_UNIT ( ) SI_UNIT ( $, .RADIAN. ) );
#207 = CARTESIAN_POINT ( 'NONE',  ( -3.075000000000000178, 4.496124969497313550, -0.3000000000000000444 ) ) ;
#208 = DIRECTION ( 'NONE',  ( -0.000000000000000000, 0.1726504835671653360, -0.9849831524061839483 ) ) ;
#209 = CARTESIAN_POINT ( 'NONE',  ( 3.900000000000000355, 3.824856266313162223, 0.9100000000000000311 ) ) ;
#210 = FILL_AREA_STYLE ('',( #172 ) ) ;
#211 =( LENGTH_UNIT ( ) NAMED_UNIT ( * ) SI_UNIT ( .MILLI., .METRE. ) );
#212 = ORIENTED_EDGE ( 'NONE', *, *, #324, .T. ) ;
#213 = PRESENTATION_LAYER_ASSIGNMENT (  '', '', ( #942 ) ) ;
#214 = PRODUCT_DEFINITION_CONTEXT ( 'detailed design', #993, 'design' ) ;
#215 = MECHANICAL_DESIGN_GEOMETRIC_PRESENTATION_REPRESENTATION (  '', ( #744 ), #1377 ) ;
#216 = MECHANICAL_DESIGN_GEOMETRIC_PRESENTATION_REPRESENTATION (  '', ( #1218 ), #580 ) ;
#217 = ORIENTED_EDGE ( 'NONE', *, *, #1964, .F. ) ;
#218 = CARTESIAN_POINT ( 'NONE',  ( -3.075000000000000178, 4.339951207608708117, -0.4249390095108842025 ) ) ;
#219 = SURFACE_SIDE_STYLE ('',( #231 ) ) ;
#220 = ORIENTED_EDGE ( 'NONE', *, *, #1877, .T. ) ;
#221 =( LENGTH_UNIT ( ) NAMED_UNIT ( * ) SI_UNIT ( .MILLI., .METRE. ) );
#222 = PRESENTATION_STYLE_ASSIGNMENT (( #1642 ) ) ;
#223 = VECTOR ( 'NONE', #1496, 1000.000000000000000 ) ;
#224 = DIRECTION ( 'NONE',  ( -0.000000000000000000, 0.1726504835671661409, 0.9849831524061838373 ) ) ;
#225 = VERTEX_POINT ( 'NONE', #2034 ) ;
#226 =( NAMED_UNIT ( * ) PLANE_ANGLE_UNIT ( ) SI_UNIT ( $, .RADIAN. ) );
#227 =( NAMED_UNIT ( * ) SI_UNIT ( $, .STERADIAN. ) SOLID_ANGLE_UNIT ( ) );
#228 = PRESENTATION_LAYER_ASSIGNMENT (  '', '', ( #1431 ) ) ;
#229 = VERTEX_POINT ( 'NONE', #431 ) ;
#230 = DIRECTION ( 'NONE',  ( 0.000000000000000000, 0.000000000000000000, -1.000000000000000000 ) ) ;
#231 = SURFACE_STYLE_FILL_AREA ( #1950 ) ;
#232 = ORIENTED_EDGE ( 'NONE', *, *, #1241, .F. ) ;
#233 = CARTESIAN_POINT ( 'NONE',  ( 3.075000000000000178, 4.490432225677355227, -0.5499999999999999334 ) ) ;
#234 = ADVANCED_FACE ( 'NONE', ( #1078 ), #1367, .F. ) ;
#235 =( NAMED_UNIT ( * ) SI_UNIT ( $, .STERADIAN. ) SOLID_ANGLE_UNIT ( ) );
#236 = UNCERTAINTY_MEASURE_WITH_UNIT (LENGTH_MEASURE( 1.000000000000000082E-05 ), #1404, 'distance_accuracy_value', 'NONE');
#237 = FACE_OUTER_BOUND ( 'NONE', #569, .T. ) ;
#238 = FILL_AREA_STYLE_COLOUR ( '', #864 ) ;
#239 = SURFACE_STYLE_FILL_AREA ( #79 ) ;
#240 = EDGE_LOOP ( 'NONE', ( #1321, #81, #682, #861, #1907, #598, #2036, #1930 ) ) ;
#241 = LINE ( 'NONE', #263, #691 ) ;
#242 = CARTESIAN_POINT ( 'NONE',  ( 3.075000000000000178, 4.339951207608708117, -0.4249390095108844245 ) ) ;
#243 =( NAMED_UNIT ( * ) SI_UNIT ( $, .STERADIAN. ) SOLID_ANGLE_UNIT ( ) );
#244 =( GEOMETRIC_REPRESENTATION_CONTEXT ( 3 ) GLOBAL_UNCERTAINTY_ASSIGNED_CONTEXT ( ( #1426 ) ) GLOBAL_UNIT_ASSIGNED_CONTEXT ( ( #1031, #226, #65 ) ) REPRESENTATION_CONTEXT ( 'NONE', 'WORKASPACE' ) );
#245 =( GEOMETRIC_REPRESENTATION_CONTEXT ( 3 ) GLOBAL_UNCERTAINTY_ASSIGNED_CONTEXT ( ( #1593 ) ) GLOBAL_UNIT_ASSIGNED_CONTEXT ( ( #249, #704, #1048 ) ) REPRESENTATION_CONTEXT ( 'NONE', 'WORKASPACE' ) );
#246 = CARTESIAN_POINT ( 'NONE',  ( -3.075000000000000178, -4.339951207608708117, -0.4249390095108844245 ) ) ;
#247 = EDGE_LOOP ( 'NONE', ( #921, #1043, #2026, #58 ) ) ;
#248 = FACE_OUTER_BOUND ( 'NONE', #1297, .T. ) ;
#249 =( LENGTH_UNIT ( ) NAMED_UNIT ( * ) SI_UNIT ( .MILLI., .METRE. ) );
#250 = COLOUR_RGB ( '',0.1098039215686274495, 0.1098039215686274495, 0.1098039215686274495 ) ;
#251 = SURFACE_SIDE_STYLE ('',( #239 ) ) ;
#252 = ORIENTED_EDGE ( 'NONE', *, *, #1821, .T. ) ;
#253 = CARTESIAN_POINT ( 'NONE',  ( 2.024999999999999911, 4.490432225677355227, -0.7499999999999997780 ) ) ;
#254 = EDGE_CURVE ( 'NONE', #60, #438, #1516, .T. ) ;
#255 = LINE ( 'NONE', #1017, #422 ) ;
#256 = VERTEX_POINT ( 'NONE', #585 ) ;
#257 = AXIS2_PLACEMENT_3D ( 'NONE', #1987, #1961, #840 ) ;
#258 = SURFACE_STYLE_FILL_AREA ( #733 ) ;
#259 = PLANE ( 'NONE',  #316 ) ;
#260 = PRESENTATION_LAYER_ASSIGNMENT (  '', '', ( #884 ) ) ;
#261 = CARTESIAN_POINT ( 'NONE',  ( -2.024999999999999911, 3.956837379108208541, -0.2462457881015459593 ) ) ;
#262 =( GEOMETRIC_REPRESENTATION_CONTEXT ( 3 ) GLOBAL_UNCERTAINTY_ASSIGNED_CONTEXT ( ( #980 ) ) GLOBAL_UNIT_ASSIGNED_CONTEXT ( ( #1351, #1174, #889 ) ) REPRESENTATION_CONTEXT ( 'NONE', 'WORKASPACE' ) );
#263 = CARTESIAN_POINT ( 'NONE',  ( 3.075000000000000178, 3.956837379108208541, -0.2462457881015459593 ) ) ;
#264 = CARTESIAN_POINT ( 'NONE',  ( 3.075000000000000178, 4.496124969497313550, -0.3000000000000000444 ) ) ;
#265 = SURFACE_STYLE_FILL_AREA ( #275 ) ;
#266 = PRODUCT ( 'RPMS210_R2_00601', 'RPMS210_R2_00601', '', ( #962 ) ) ;
#267 = EDGE_CURVE ( 'NONE', #1408, #1231, #11, .T. ) ;
#268 = SURFACE_STYLE_USAGE ( .BOTH. , #699 ) ;
#269 = EDGE_LOOP ( 'NONE', ( #183, #466, #140, #1876 ) ) ;
#270 = DIRECTION ( 'NONE',  ( -1.000000000000000000, 0.000000000000000000, -0.000000000000000000 ) ) ;
#271 = CARTESIAN_POINT ( 'NONE',  ( -3.075000000000000178, -5.200000000000001066, -0.7500000000000000000 ) ) ;
#272 = PRESENTATION_STYLE_ASSIGNMENT (( #796 ) ) ;
#273 = EDGE_CURVE ( 'NONE', #60, #1287, #1569, .T. ) ;
#274 = PLANE ( 'NONE',  #1324 ) ;
#275 = FILL_AREA_STYLE ('',( #464 ) ) ;
#276 = DIRECTION ( 'NONE',  ( 0.000000000000000000, 0.6246950475544247317, -0.7808688094430298321 ) ) ;
#277 = EDGE_LOOP ( 'NONE', ( #217, #1852, #1702, #743, #1773, #926, #964, #1081 ) ) ;
#278 = VECTOR ( 'NONE', #725, 1000.000000000000000 ) ;
#279 = DIRECTION ( 'NONE',  ( 1.000000000000000000, -0.000000000000000000, -0.000000000000000000 ) ) ;
#280 = PRESENTATION_LAYER_ASSIGNMENT (  '', '', ( #1185 ) ) ;
#281 = DIRECTION ( 'NONE',  ( 0.000000000000000000, -0.1889969624826598193, 0.9819776719316626323 ) ) ;
#282 = ORIENTED_EDGE ( 'NONE', *, *, #342, .T. ) ;
#283 = ADVANCED_FACE ( 'NONE', ( #1402 ), #1093, .T. ) ;
#284 = DIRECTION ( 'NONE',  ( -1.000000000000000000, -0.000000000000000000, -0.000000000000000000 ) ) ;
#285 = FACE_OUTER_BOUND ( 'NONE', #707, .T. ) ;
#286 = CARTESIAN_POINT ( 'NONE',  ( -3.075000000000000178, 4.496124969497313550, -0.3000000000000000444 ) ) ;
#287 =( NAMED_UNIT ( * ) PLANE_ANGLE_UNIT ( ) SI_UNIT ( $, .RADIAN. ) );
#288 = CARTESIAN_POINT ( 'NONE',  ( 2.024999999999999911, -4.496124969497314439, -0.5000000000000000000 ) ) ;
#289 = CARTESIAN_POINT ( 'NONE',  ( -2.024999999999999911, -4.496124969497313550, -0.3000000000000000444 ) ) ;
#290 = ORIENTED_EDGE ( 'NONE', *, *, #1746, .T. ) ;
#291 = ADVANCED_FACE ( 'NONE', ( #1273 ), #1581, .F. ) ;
#292 = MECHANICAL_DESIGN_GEOMETRIC_PRESENTATION_REPRESENTATION (  '', ( #1264 ), #327 ) ;
#293 = PLANE ( 'NONE',  #563 ) ;
#294 = MECHANICAL_DESIGN_GEOMETRIC_PRESENTATION_REPRESENTATION (  '', ( #623 ), #816 ) ;
#295 = ORIENTED_EDGE ( 'NONE', *, *, #811, .T. ) ;
#296 = PRESENTATION_LAYER_ASSIGNMENT (  '', '', ( #590 ) ) ;
#297 = VECTOR ( 'NONE', #634, 1000.000000000000000 ) ;
#298 = CARTESIAN_POINT ( 'NONE',  ( -3.075000000000000178, 3.956837379108208541, -0.2462457881015459593 ) ) ;
#299 = PRESENTATION_STYLE_ASSIGNMENT (( #629 ) ) ;
#300 = CARTESIAN_POINT ( 'NONE',  ( -3.900000000000000355, 3.894830393913598865, -0.6000000000000000888 ) ) ;
#301 = LINE ( 'NONE', #2, #1055 ) ;
#302 = PRESENTATION_LAYER_ASSIGNMENT (  '', '', ( #1357 ) ) ;
#303 = ORIENTED_EDGE ( 'NONE', *, *, #981, .T. ) ;
#304 = UNCERTAINTY_MEASURE_WITH_UNIT (LENGTH_MEASURE( 1.000000000000000082E-05 ), #1295, 'distance_accuracy_value', 'NONE');
#305 = FILL_AREA_STYLE ('',( #1723 ) ) ;
#306 = CARTESIAN_POINT ( 'NONE',  ( -3.075000000000000178, -4.340268666789511620, -0.6821018757706979185 ) ) ;
#307 = CARTESIAN_POINT ( 'NONE',  ( -3.075000000000000178, 4.490432225677355227, -0.5499999999999999334 ) ) ;
#308 = VERTEX_POINT ( 'NONE', #32 ) ;
#309 = DIRECTION ( 'NONE',  ( 1.000000000000000000, -0.000000000000000000, -0.000000000000000000 ) ) ;
#310 = LINE ( 'NONE', #939, #1344 ) ;
#311 = FILL_AREA_STYLE_COLOUR ( '', #1225 ) ;
#312 = CARTESIAN_POINT ( 'NONE',  ( -3.075000000000000178, -4.490432225677356115, -0.7500000000000000000 ) ) ;
#313 = FACE_OUTER_BOUND ( 'NONE', #615, .T. ) ;
#314 = CIRCLE ( 'NONE', #2001, 0.1999999999999997058 ) ;
#315 = FACE_OUTER_BOUND ( 'NONE', #1039, .T. ) ;
#316 = AXIS2_PLACEMENT_3D ( 'NONE', #876, #887, #270 ) ;
#317 = ORIENTED_EDGE ( 'NONE', *, *, #918, .T. ) ;
#318 =( GEOMETRIC_REPRESENTATION_CONTEXT ( 3 ) GLOBAL_UNCERTAINTY_ASSIGNED_CONTEXT ( ( #1116 ) ) GLOBAL_UNIT_ASSIGNED_CONTEXT ( ( #1164, #727, #1195 ) ) REPRESENTATION_CONTEXT ( 'NONE', 'WORKASPACE' ) );
#319 =( NAMED_UNIT ( * ) SI_UNIT ( $, .STERADIAN. ) SOLID_ANGLE_UNIT ( ) );
#320 = SURFACE_SIDE_STYLE ('',( #1272 ) ) ;
#321 = CARTESIAN_POINT ( 'NONE',  ( -2.024999999999999911, 4.339951207608708117, -0.4249390095108842025 ) ) ;
#322 = UNCERTAINTY_MEASURE_WITH_UNIT (LENGTH_MEASURE( 1.000000000000000082E-05 ), #106, 'distance_accuracy_value', 'NONE');
#323 = PRESENTATION_STYLE_ASSIGNMENT (( #46 ) ) ;
#324 = EDGE_CURVE ( 'NONE', #1616, #847, #1468, .T. ) ;
#325 = DIRECTION ( 'NONE',  ( 1.000000000000000000, -0.000000000000000000, -0.000000000000000000 ) ) ;
#326 = VERTEX_POINT ( 'NONE', #807 ) ;
#327 =( GEOMETRIC_REPRESENTATION_CONTEXT ( 3 ) GLOBAL_UNCERTAINTY_ASSIGNED_CONTEXT ( ( #532 ) ) GLOBAL_UNIT_ASSIGNED_CONTEXT ( ( #168, #1443, #338 ) ) REPRESENTATION_CONTEXT ( 'NONE', 'WORKASPACE' ) );
#328 = STYLED_ITEM ( 'NONE', ( #1669 ), #515 ) ;
#329 = PLANE ( 'NONE',  #1904 ) ;
#330 = SURFACE_STYLE_FILL_AREA ( #1737 ) ;
#331 = DIRECTION ( 'NONE',  ( 0.000000000000000000, 0.6605093788534929233, -0.7508177944392188108 ) ) ;
#332 = STYLED_ITEM ( 'NONE', ( #417 ), #283 ) ;
#333 = STYLED_ITEM ( 'NONE', ( #1774 ), #695 ) ;
#334 = EDGE_CURVE ( 'NONE', #1951, #819, #182, .T. ) ;
#335 = DIRECTION ( 'NONE',  ( 0.000000000000000000, 0.000000000000000000, 1.000000000000000000 ) ) ;
#336 = ORIENTED_EDGE ( 'NONE', *, *, #1939, .T. ) ;
#337 =( LENGTH_UNIT ( ) NAMED_UNIT ( * ) SI_UNIT ( .MILLI., .METRE. ) );
#338 =( NAMED_UNIT ( * ) SI_UNIT ( $, .STERADIAN. ) SOLID_ANGLE_UNIT ( ) );
#339 = DIRECTION ( 'NONE',  ( 0.000000000000000000, 0.000000000000000000, 1.000000000000000000 ) ) ;
#340 = ORIENTED_EDGE ( 'NONE', *, *, #1336, .T. ) ;
#341 = EDGE_CURVE ( 'NONE', #308, #1035, #1590, .T. ) ;
#342 = EDGE_CURVE ( 'NONE', #1236, #326, #1135, .T. ) ;
#343 = FILL_AREA_STYLE ('',( #978 ) ) ;
#344 = UNCERTAINTY_MEASURE_WITH_UNIT (LENGTH_MEASURE( 1.000000000000000082E-05 ), #355, 'distance_accuracy_value', 'NONE');
#345 = CARTESIAN_POINT ( 'NONE',  ( -3.075000000000000178, -4.496124969497314439, -0.5000000000000000000 ) ) ;
#346 = STYLED_ITEM ( 'NONE', ( #1763 ), #1556 ) ;
#347 =( GEOMETRIC_REPRESENTATION_CONTEXT ( 3 ) GLOBAL_UNCERTAINTY_ASSIGNED_CONTEXT ( ( #1895 ) ) GLOBAL_UNIT_ASSIGNED_CONTEXT ( ( #822, #1469, #377 ) ) REPRESENTATION_CONTEXT ( 'NONE', 'WORKASPACE' ) );
#349 = EDGE_CURVE ( 'NONE', #1951, #1676, #1881, .T. ) ;
#348 = LINE ( 'NONE', #520, #1150 ) ;
#350 = SURFACE_SIDE_STYLE ('',( #1479 ) ) ;
#351 = VERTEX_POINT ( 'NONE', #630 ) ;
#352 = VECTOR ( 'NONE', #17, 1000.000000000000114 ) ;
#353 = LINE ( 'NONE', #1002, #1931 ) ;
#354 =( GEOMETRIC_REPRESENTATION_CONTEXT ( 3 ) GLOBAL_UNCERTAINTY_ASSIGNED_CONTEXT ( ( #1139 ) ) GLOBAL_UNIT_ASSIGNED_CONTEXT ( ( #337, #1442, #827 ) ) REPRESENTATION_CONTEXT ( 'NONE', 'WORKASPACE' ) );
#355 =( LENGTH_UNIT ( ) NAMED_UNIT ( * ) SI_UNIT ( .MILLI., .METRE. ) );
#356 =( GEOMETRIC_REPRESENTATION_CONTEXT ( 3 ) GLOBAL_UNCERTAINTY_ASSIGNED_CONTEXT ( ( #850 ) ) GLOBAL_UNIT_ASSIGNED_CONTEXT ( ( #787, #1057, #596 ) ) REPRESENTATION_CONTEXT ( 'NONE', 'WORKASPACE' ) );
#357 = ORIENTED_EDGE ( 'NONE', *, *, #4, .F. ) ;
#358 = EDGE_CURVE ( 'NONE', #1203, #51, #797, .T. ) ;
#359 = VERTEX_POINT ( 'NONE', #1922 ) ;
#360 = AXIS2_PLACEMENT_3D ( 'NONE', #1629, #1304, #1171 ) ;
#361 = CARTESIAN_POINT ( 'NONE',  ( -3.075000000000000178, -5.200000000000001066, -0.5000000000000000000 ) ) ;
#362 = DIRECTION ( 'NONE',  ( 1.000000000000000000, 0.000000000000000000, 0.000000000000000000 ) ) ;
#363 = ORIENTED_EDGE ( 'NONE', *, *, #981, .F. ) ;
#364 = CARTESIAN_POINT ( 'NONE',  ( 2.024999999999999911, -4.340268666789511620, -0.6821018757706979185 ) ) ;
#365 = VECTOR ( 'NONE', #1755, 1000.000000000000000 ) ;
#366 = UNCERTAINTY_MEASURE_WITH_UNIT (LENGTH_MEASURE( 1.000000000000000082E-05 ), #818, 'distance_accuracy_value', 'NONE');
#367 = MECHANICAL_DESIGN_GEOMETRIC_PRESENTATION_REPRESENTATION (  '', ( #1850 ), #1355 ) ;
#368 = FACE_OUTER_BOUND ( 'NONE', #1805, .T. ) ;
#369 = FILL_AREA_STYLE ('',( #1292 ) ) ;
#370 = ORIENTED_EDGE ( 'NONE', *, *, #624, .F. ) ;
#371 = AXIS2_PLACEMENT_3D ( 'NONE', #1803, #1342, #1970 ) ;
#372 = ORIENTED_EDGE ( 'NONE', *, *, #599, .T. ) ;
#373 = CARTESIAN_POINT ( 'NONE',  ( 2.024999999999999911, 5.200000000000001066, -0.5000000000000000000 ) ) ;
#374 = LINE ( 'NONE', #999, #722 ) ;
#375 = ORIENTED_EDGE ( 'NONE', *, *, #1526, .T. ) ;
#376 =( LENGTH_UNIT ( ) NAMED_UNIT ( * ) SI_UNIT ( .MILLI., .METRE. ) );
#377 =( NAMED_UNIT ( * ) SI_UNIT ( $, .STERADIAN. ) SOLID_ANGLE_UNIT ( ) );
#378 = ORIENTED_EDGE ( 'NONE', *, *, #741, .T. ) ;
#379 = DIRECTION ( 'NONE',  ( 0.000000000000000000, -0.6605093788534929233, -0.7508177944392188108 ) ) ;
#380 = EDGE_CURVE ( 'NONE', #1051, #989, #1302, .T. ) ;
#381 = FILL_AREA_STYLE_COLOUR ( '', #1525 ) ;
#382 = DIRECTION ( 'NONE',  ( 0.000000000000000000, 0.000000000000000000, -1.000000000000000000 ) ) ;
#383 = EDGE_LOOP ( 'NONE', ( #295, #370, #522, #2019 ) ) ;
#384 = COLOUR_RGB ( '',0.1098039215686274495, 0.1098039215686274495, 0.1098039215686274495 ) ;
#385 = SURFACE_SIDE_STYLE ('',( #933 ) ) ;
#386 = COLOUR_RGB ( '',0.6666666666666666297, 0.6980392156862744724, 0.7686274509803920907 ) ;
#387 = LINE ( 'NONE', #406, #1196 ) ;
#388 = UNCERTAINTY_MEASURE_WITH_UNIT (LENGTH_MEASURE( 1.000000000000000082E-05 ), #485, 'distance_accuracy_value', 'NONE');
#389 = AXIS2_PLACEMENT_3D ( 'NONE', #209, #813, #1603 ) ;
#390 = ORIENTED_EDGE ( 'NONE', *, *, #1146, .T. ) ;
#391 = CARTESIAN_POINT ( 'NONE',  ( 3.075000000000000178, 4.000000000000000000, 5.421010862427522170E-17 ) ) ;
#392 = EDGE_CURVE ( 'NONE', #1670, #445, #1435, .T. ) ;
#393 = CARTESIAN_POINT ( 'NONE',  ( -3.075000000000000178, -4.339951207608708117, -0.4249390095108842025 ) ) ;
#394 = VERTEX_POINT ( 'NONE', #1764 ) ;
#395 = CARTESIAN_POINT ( 'NONE',  ( 3.075000000000000178, -4.340268666789511620, -0.6821018757706979185 ) ) ;
#396 = SURFACE_STYLE_FILL_AREA ( #1628 ) ;
#397 = PRESENTATION_LAYER_ASSIGNMENT (  '', '', ( #792 ) ) ;
#398 =( GEOMETRIC_REPRESENTATION_CONTEXT ( 3 ) GLOBAL_UNCERTAINTY_ASSIGNED_CONTEXT ( ( #7 ) ) GLOBAL_UNIT_ASSIGNED_CONTEXT ( ( #441, #752, #1871 ) ) REPRESENTATION_CONTEXT ( 'NONE', 'WORKASPACE' ) );
#399 = DIRECTION ( 'NONE',  ( 0.000000000000000000, 0.7808688094430299431, 0.6246950475544248427 ) ) ;
#400 = ORIENTED_EDGE ( 'NONE', *, *, #1089, .F. ) ;
#401 = STYLED_ITEM ( 'NONE', ( #1927 ), #641 ) ;
#402 = AXIS2_PLACEMENT_3D ( 'NONE', #1564, #444, #771 ) ;
#403 = ORIENTED_EDGE ( 'NONE', *, *, #1075, .F. ) ;
#404 = PRESENTATION_STYLE_ASSIGNMENT (( #858 ) ) ;
#405 = CARTESIAN_POINT ( 'NONE',  ( -3.900000000000000355, -4.000000000000000000, 0.000000000000000000 ) ) ;
#406 = CARTESIAN_POINT ( 'NONE',  ( -3.075000000000000178, 5.200000000000001066, -0.7500000000000000000 ) ) ;
#407 = EDGE_CURVE ( 'NONE', #1641, #1363, #1617, .T. ) ;
#408 = CARTESIAN_POINT ( 'NONE',  ( 2.024999999999999911, -4.490432225677355227, -0.5499999999999999334 ) ) ;
#409 = EDGE_CURVE ( 'NONE', #1676, #1408, #941, .T. ) ;
#410 = FILL_AREA_STYLE_COLOUR ( '', #1577 ) ;
#411 = CARTESIAN_POINT ( 'NONE',  ( -3.075000000000000178, 3.956837379108208541, -0.2462457881015459593 ) ) ;
#412 =( NAMED_UNIT ( * ) SI_UNIT ( $, .STERADIAN. ) SOLID_ANGLE_UNIT ( ) );
#413 = ORIENTED_EDGE ( 'NONE', *, *, #4, .T. ) ;
#414 = DIRECTION ( 'NONE',  ( 0.000000000000000000, 0.000000000000000000, -1.000000000000000000 ) ) ;
#415 = ADVANCED_FACE ( 'NONE', ( #639 ), #1280, .T. ) ;
#416 = CARTESIAN_POINT ( 'NONE',  ( -3.900000000000000355, -3.894830393913598865, -0.6000000000000000888 ) ) ;
#417 = PRESENTATION_STYLE_ASSIGNMENT (( #2010 ) ) ;
#418 = VECTOR ( 'NONE', #1888, 1000.000000000000000 ) ;
#419 =( NAMED_UNIT ( * ) SI_UNIT ( $, .STERADIAN. ) SOLID_ANGLE_UNIT ( ) );
#420 = EDGE_LOOP ( 'NONE', ( #665, #1533, #1832, #1634, #1727, #1659, #1753, #1604, #1621, #1887, #1566, #1714 ) ) ;
#421 = CARTESIAN_POINT ( 'NONE',  ( 3.075000000000000178, 4.496124969497314439, -0.5000000000000000000 ) ) ;
#422 = VECTOR ( 'NONE', #853, 1000.000000000000000 ) ;
#423 = CARTESIAN_POINT ( 'NONE',  ( 3.075000000000000178, -4.496124969497313550, -0.3000000000000000444 ) ) ;
#424 = CARTESIAN_POINT ( 'NONE',  ( 3.900000000000000355, -4.000000000000000000, 0.000000000000000000 ) ) ;
#425 = ORIENTED_EDGE ( 'NONE', *, *, #1795, .F. ) ;
#426 = SURFACE_SIDE_STYLE ('',( #1223 ) ) ;
#427 = EDGE_CURVE ( 'NONE', #438, #308, #828, .T. ) ;
#428 = CIRCLE ( 'NONE', #1644, 0.1999999999999997058 ) ;
#429 = PRESENTATION_STYLE_ASSIGNMENT (( #738 ) ) ;
#430 = LINE ( 'NONE', #1054, #1508 ) ;
#431 = CARTESIAN_POINT ( 'NONE',  ( -3.075000000000000178, 4.496124969497314439, -0.5000000000000000000 ) ) ;
#432 = SURFACE_STYLE_USAGE ( .BOTH. , #92 ) ;
#433 = ORIENTED_EDGE ( 'NONE', *, *, #2037, .T. ) ;
#434 = ADVANCED_FACE ( 'NONE', ( #1804 ), #1640, .F. ) ;
#435 = STYLED_ITEM ( 'NONE', ( #540 ), #719 ) ;
#436 = PRESENTATION_STYLE_ASSIGNMENT (( #1843 ) ) ;
#437 = SURFACE_STYLE_FILL_AREA ( #1844 ) ;
#438 = VERTEX_POINT ( 'NONE', #1506 ) ;
#439 = CARTESIAN_POINT ( 'NONE',  ( 3.075000000000000178, 5.200000000000001066, -0.5000000000000000000 ) ) ;
#440 = LINE ( 'NONE', #1828, #1284 ) ;
#441 =( LENGTH_UNIT ( ) NAMED_UNIT ( * ) SI_UNIT ( .MILLI., .METRE. ) );
#442 = EDGE_LOOP ( 'NONE', ( #162, #1497, #189, #2005 ) ) ;
#443 = SURFACE_STYLE_FILL_AREA ( #1854 ) ;
#444 = DIRECTION ( 'NONE',  ( 0.000000000000000000, -0.9819776719316626323, -0.1889969624826598471 ) ) ;
#445 = VERTEX_POINT ( 'NONE', #988 ) ;
#446 = DIRECTION ( 'NONE',  ( -0.000000000000000000, -0.000000000000000000, 1.000000000000000000 ) ) ;
#447 = LINE ( 'NONE', #271, #1815 ) ;
#448 = SURFACE_SIDE_STYLE ('',( #617 ) ) ;
#449 = CARTESIAN_POINT ( 'NONE',  ( 3.900000000000000355, 3.894830393913598865, -0.6000000000000000888 ) ) ;
#450 = DIRECTION ( 'NONE',  ( -1.000000000000000000, -0.000000000000000000, -0.000000000000000000 ) ) ;
#451 = EDGE_CURVE ( 'NONE', #229, #1180, #1626, .T. ) ;
#452 = CARTESIAN_POINT ( 'NONE',  ( -3.075000000000000178, 4.496124969497314439, -0.5000000000000000000 ) ) ;
#453 = ORIENTED_EDGE ( 'NONE', *, *, #659, .T. ) ;
#454 = VECTOR ( 'NONE', #729, 1000.000000000000114 ) ;
#455 = DIRECTION ( 'NONE',  ( 1.000000000000000000, -0.000000000000000000, -0.000000000000000000 ) ) ;
#456 =( GEOMETRIC_REPRESENTATION_CONTEXT ( 3 ) GLOBAL_UNCERTAINTY_ASSIGNED_CONTEXT ( ( #1933 ) ) GLOBAL_UNIT_ASSIGNED_CONTEXT ( ( #221, #1374, #235 ) ) REPRESENTATION_CONTEXT ( 'NONE', 'WORKASPACE' ) );
#457 = CARTESIAN_POINT ( 'NONE',  ( 2.024999999999999911, -3.956837379108208541, -0.2462457881015459593 ) ) ;
#458 = ORIENTED_EDGE ( 'NONE', *, *, #863, .T. ) ;
#459 = SURFACE_STYLE_USAGE ( .BOTH. , #1865 ) ;
#460 = DIRECTION ( 'NONE',  ( 0.000000000000000000, -0.9849831524061839483, 0.1726504835671661686 ) ) ;
#461 = CARTESIAN_POINT ( 'NONE',  ( 3.075000000000000178, -4.490432225677355227, -0.5499999999999999334 ) ) ;
#462 = DIRECTION ( 'NONE',  ( 1.000000000000000000, -0.000000000000000000, -0.000000000000000000 ) ) ;
#463 = DIRECTION ( 'NONE',  ( -0.000000000000000000, 0.000000000000000000, 1.000000000000000000 ) ) ;
#464 = FILL_AREA_STYLE_COLOUR ( '', #559 ) ;
#465 = FACE_OUTER_BOUND ( 'NONE', #1191, .T. ) ;
#466 = ORIENTED_EDGE ( 'NONE', *, *, #564, .F. ) ;
#467 = SURFACE_SIDE_STYLE ('',( #443 ) ) ;
#468 = STYLED_ITEM ( 'NONE', ( #137 ), #234 ) ;
#469 = SURFACE_STYLE_FILL_AREA ( #1259 ) ;
#470 = VECTOR ( 'NONE', #59, 1000.000000000000000 ) ;
#471 = ORIENTED_EDGE ( 'NONE', *, *, #1467, .T. ) ;
#472 = PRESENTATION_LAYER_ASSIGNMENT (  '', '', ( #1850 ) ) ;
#473 = CARTESIAN_POINT ( 'NONE',  ( -3.075000000000000178, 3.956837379108208541, -0.2462457881015459593 ) ) ;
#474 = VECTOR ( 'NONE', #760, 1000.000000000000000 ) ;
#475 = DIRECTION ( 'NONE',  ( 0.000000000000000000, -0.7808688094430299431, -0.6246950475544248427 ) ) ;
#476 = UNCERTAINTY_MEASURE_WITH_UNIT (LENGTH_MEASURE( 1.000000000000000082E-05 ), #52, 'distance_accuracy_value', 'NONE');
#477 = FILL_AREA_STYLE_COLOUR ( '', #868 ) ;
#478 = CARTESIAN_POINT ( 'NONE',  ( 3.900000000000000355, -4.000000000000000000, 0.000000000000000000 ) ) ;
#479 = VERTEX_POINT ( 'NONE', #1792 ) ;
#480 = DIRECTION ( 'NONE',  ( 1.000000000000000000, 0.000000000000000000, 0.000000000000000000 ) ) ;
#481 = DIRECTION ( 'NONE',  ( -1.000000000000000000, 0.000000000000000000, 0.000000000000000000 ) ) ;
#482 = CARTESIAN_POINT ( 'NONE',  ( -2.024999999999999911, 4.490432225677355227, -0.5499999999999999334 ) ) ;
#483 = CARTESIAN_POINT ( 'NONE',  ( -2.024999999999999911, 4.340268666789511620, -0.6821018757706979185 ) ) ;
#484 = DIRECTION ( 'NONE',  ( 0.000000000000000000, -0.6246950475544247317, 0.7808688094430299431 ) ) ;
#485 =( LENGTH_UNIT ( ) NAMED_UNIT ( * ) SI_UNIT ( .MILLI., .METRE. ) );
#486 = VERTEX_POINT ( 'NONE', #1489 ) ;
#487 = VECTOR ( 'NONE', #455, 1000.000000000000000 ) ;
#488 = ORIENTED_EDGE ( 'NONE', *, *, #588, .F. ) ;
#489 = PRESENTATION_STYLE_ASSIGNMENT (( #594 ) ) ;
#490 = DIRECTION ( 'NONE',  ( 0.000000000000000000, 0.000000000000000000, -1.000000000000000000 ) ) ;
#491 =( GEOMETRIC_REPRESENTATION_CONTEXT ( 3 ) GLOBAL_UNCERTAINTY_ASSIGNED_CONTEXT ( ( #73 ) ) GLOBAL_UNIT_ASSIGNED_CONTEXT ( ( #1596, #1159, #507 ) ) REPRESENTATION_CONTEXT ( 'NONE', 'WORKASPACE' ) );
#492 =( NAMED_UNIT ( * ) SI_UNIT ( $, .STERADIAN. ) SOLID_ANGLE_UNIT ( ) );
#493 = FILL_AREA_STYLE ('',( #1902 ) ) ;
#494 = EDGE_CURVE ( 'NONE', #6, #1542, #1320, .T. ) ;
#495 =( LENGTH_UNIT ( ) NAMED_UNIT ( * ) SI_UNIT ( .MILLI., .METRE. ) );
#496 = UNCERTAINTY_MEASURE_WITH_UNIT (LENGTH_MEASURE( 1.000000000000000082E-05 ), #1938, 'distance_accuracy_value', 'NONE');
#497 = ORIENTED_EDGE ( 'NONE', *, *, #1853, .T. ) ;
#498 = VECTOR ( 'NONE', #1483, 1000.000000000000000 ) ;
#499 = EDGE_CURVE ( 'NONE', #819, #1408, #374, .T. ) ;
#500 = DIRECTION ( 'NONE',  ( 1.000000000000000000, 0.000000000000000000, 0.000000000000000000 ) ) ;
#501 = CARTESIAN_POINT ( 'NONE',  ( -3.075000000000000178, 5.200000000000001066, -0.5000000000000000000 ) ) ;
#502 = CARTESIAN_POINT ( 'NONE',  ( -2.024999999999999911, 5.200000000000001066, -0.7500000000000000000 ) ) ;
#503 = CARTESIAN_POINT ( 'NONE',  ( 3.900000000000000355, 3.894830393913598865, -0.6000000000000000888 ) ) ;
#504 = STYLED_ITEM ( 'NONE', ( #2021 ), #635 ) ;
#505 = CARTESIAN_POINT ( 'NONE',  ( -3.075000000000000178, -4.490432225677355227, -0.5499999999999999334 ) ) ;
#506 = STYLED_ITEM ( 'NONE', ( #87 ), #770 ) ;
#507 =( NAMED_UNIT ( * ) SI_UNIT ( $, .STERADIAN. ) SOLID_ANGLE_UNIT ( ) );
#508 = ADVANCED_FACE ( 'NONE', ( #835 ), #686, .F. ) ;
#509 = ORIENTED_EDGE ( 'NONE', *, *, #499, .T. ) ;
#510 = DIRECTION ( 'NONE',  ( 0.000000000000000000, -0.7808688094430299431, 0.6246950475544248427 ) ) ;
#511 = FILL_AREA_STYLE_COLOUR ( '', #1583 ) ;
#512 = DIRECTION ( 'NONE',  ( 0.000000000000000000, 0.6246950475544247317, 0.7808688094430299431 ) ) ;
#513 = PLANE ( 'NONE',  #1505 ) ;
#514 = UNCERTAINTY_MEASURE_WITH_UNIT (LENGTH_MEASURE( 1.000000000000000082E-05 ), #901, 'distance_accuracy_value', 'NONE');
#515 = ADVANCED_FACE ( 'NONE', ( #890 ), #717, .T. ) ;
#516 = AXIS2_PLACEMENT_3D ( 'NONE', #421, #1677, #716 ) ;
#517 = EDGE_LOOP ( 'NONE', ( #497, #668, #70, #1552 ) ) ;
#518 = AXIS2_PLACEMENT_3D ( 'NONE', #1530, #539, #1841 ) ;
#519 = FACE_OUTER_BOUND ( 'NONE', #1959, .T. ) ;
#520 = CARTESIAN_POINT ( 'NONE',  ( -3.900000000000000355, -4.000000000000000000, 0.000000000000000000 ) ) ;
#521 = PRESENTATION_STYLE_ASSIGNMENT (( #1034 ) ) ;
#522 = ORIENTED_EDGE ( 'NONE', *, *, #63, .F. ) ;
#523 = VECTOR ( 'NONE', #1158, 1000.000000000000000 ) ;
#524 = DIRECTION ( 'NONE',  ( -1.000000000000000000, -0.000000000000000000, -0.000000000000000000 ) ) ;
#525 =( NAMED_UNIT ( * ) SI_UNIT ( $, .STERADIAN. ) SOLID_ANGLE_UNIT ( ) );
#526 =( NAMED_UNIT ( * ) PLANE_ANGLE_UNIT ( ) SI_UNIT ( $, .RADIAN. ) );
#527 = FILL_AREA_STYLE ('',( #1940 ) ) ;
#528 = SURFACE_STYLE_FILL_AREA ( #1312 ) ;
#529 = EDGE_LOOP ( 'NONE', ( #1395, #1836, #906, #1627, #134, #748 ) ) ;
#530 = DIRECTION ( 'NONE',  ( 0.000000000000000000, 0.000000000000000000, 1.000000000000000000 ) ) ;
#531 = COLOUR_RGB ( '',0.6666666666666666297, 0.6980392156862744724, 0.7686274509803920907 ) ;
#532 = UNCERTAINTY_MEASURE_WITH_UNIT (LENGTH_MEASURE( 1.000000000000000082E-05 ), #168, 'distance_accuracy_value', 'NONE');
#533 = ORIENTED_EDGE ( 'NONE', *, *, #1146, .F. ) ;
#534 = ORIENTED_EDGE ( 'NONE', *, *, #537, .T. ) ;
#535 = ORIENTED_EDGE ( 'NONE', *, *, #863, .F. ) ;
#536 = DIRECTION ( 'NONE',  ( 0.000000000000000000, 0.6246950475544247317, 0.7808688094430299431 ) ) ;
#537 = EDGE_CURVE ( 'NONE', #1222, #225, #1825, .T. ) ;
#538 = PRESENTATION_STYLE_ASSIGNMENT (( #1978 ) ) ;
#539 = DIRECTION ( 'NONE',  ( 0.000000000000000000, -0.7508177944392188108, 0.6605093788534929233 ) ) ;
#540 = PRESENTATION_STYLE_ASSIGNMENT (( #843 ) ) ;
#541 = CARTESIAN_POINT ( 'NONE',  ( 3.075000000000000178, -4.490432225677355227, -0.7499999999999997780 ) ) ;
#542 = ORIENTED_EDGE ( 'NONE', *, *, #1752, .T. ) ;
#543 = AXIS2_PLACEMENT_3D ( 'NONE', #286, #1249, #1579 ) ;
#544 = SURFACE_STYLE_FILL_AREA ( #1839 ) ;
#545 = STYLED_ITEM ( 'NONE', ( #1656 ), #1609 ) ;
#546 = CARTESIAN_POINT ( 'NONE',  ( 3.075000000000000178, 4.490432225677356115, -0.7500000000000000000 ) ) ;
#547 = COLOUR_RGB ( '',0.6666666666666666297, 0.6980392156862744724, 0.7686274509803920907 ) ;
#548 = MECHANICAL_DESIGN_GEOMETRIC_PRESENTATION_REPRESENTATION (  '', ( #86 ), #356 ) ;
#549 = CARTESIAN_POINT ( 'NONE',  ( 3.075000000000000178, 4.340268666789511620, -0.6821018757706979185 ) ) ;
#550 = EDGE_CURVE ( 'NONE', #1817, #1777, #241, .T. ) ;
#551 = PLANE ( 'NONE',  #402 ) ;
#552 =( NAMED_UNIT ( * ) PLANE_ANGLE_UNIT ( ) SI_UNIT ( $, .RADIAN. ) );
#553 = ORIENTED_EDGE ( 'NONE', *, *, #1224, .T. ) ;
#554 = DIRECTION ( 'NONE',  ( 0.000000000000000000, 0.000000000000000000, 1.000000000000000000 ) ) ;
#555 = CARTESIAN_POINT ( 'NONE',  ( 3.900000000000000355, 4.000000000000000000, 1.469576158976824144E-15 ) ) ;
#556 = CARTESIAN_POINT ( 'NONE',  ( -2.024999999999999911, -4.496124969497314439, -0.5000000000000000000 ) ) ;
#557 = ADVANCED_FACE ( 'NONE', ( #879 ), #574, .T. ) ;
#558 = MECHANICAL_DESIGN_GEOMETRIC_PRESENTATION_REPRESENTATION (  '', ( #1910 ), #1766 ) ;
#559 = COLOUR_RGB ( '',0.6666666666666666297, 0.6980392156862744724, 0.7686274509803920907 ) ;
#560 = DIRECTION ( 'NONE',  ( 0.000000000000000000, -1.000000000000000000, 0.000000000000000000 ) ) ;
#561 =( GEOMETRIC_REPRESENTATION_CONTEXT ( 3 ) GLOBAL_UNCERTAINTY_ASSIGNED_CONTEXT ( ( #778 ) ) GLOBAL_UNIT_ASSIGNED_CONTEXT ( ( #1387, #2044, #1735 ) ) REPRESENTATION_CONTEXT ( 'NONE', 'WORKASPACE' ) );
#562 = SURFACE_STYLE_USAGE ( .BOTH. , #1172 ) ;
#563 = AXIS2_PLACEMENT_3D ( 'NONE', #947, #1896, #335 ) ;
#564 = EDGE_CURVE ( 'NONE', #808, #1826, #1123, .T. ) ;
#565 = DIRECTION ( 'NONE',  ( 1.000000000000000000, 0.000000000000000000, 0.000000000000000000 ) ) ;
#566 = ORIENTED_EDGE ( 'NONE', *, *, #1316, .F. ) ;
#567 =( NAMED_UNIT ( * ) PLANE_ANGLE_UNIT ( ) SI_UNIT ( $, .RADIAN. ) );
#568 = CARTESIAN_POINT ( 'NONE',  ( -3.075000000000000178, -4.496124969497314439, -0.5000000000000000000 ) ) ;
#569 = EDGE_LOOP ( 'NONE', ( #705, #700, #232, #654, #205, #533, #857, #1372 ) ) ;
#570 =( LENGTH_UNIT ( ) NAMED_UNIT ( * ) SI_UNIT ( .MILLI., .METRE. ) );
#571 = SURFACE_STYLE_FILL_AREA ( #693 ) ;
#572 = VERTEX_POINT ( 'NONE', #1433 ) ;
#573 = SURFACE_STYLE_FILL_AREA ( #135 ) ;
#574 = PLANE ( 'NONE',  #626 ) ;
#575 = CARTESIAN_POINT ( 'NONE',  ( -3.900000000000000355, 4.000000000000000000, 1.469576158976824144E-15 ) ) ;
#576 = PRESENTATION_LAYER_ASSIGNMENT (  '', '', ( #1903 ) ) ;
#577 = PLANE ( 'NONE',  #1639 ) ;
#578 = ORIENTED_EDGE ( 'NONE', *, *, #1224, .F. ) ;
#579 = COLOUR_RGB ( '',0.6666666666666666297, 0.6980392156862744724, 0.7686274509803920907 ) ;
#580 =( GEOMETRIC_REPRESENTATION_CONTEXT ( 3 ) GLOBAL_UNCERTAINTY_ASSIGNED_CONTEXT ( ( #1448 ) ) GLOBAL_UNIT_ASSIGNED_CONTEXT ( ( #1202, #723, #419 ) ) REPRESENTATION_CONTEXT ( 'NONE', 'WORKASPACE' ) );
#581 = ORIENTED_EDGE ( 'NONE', *, *, #1075, .T. ) ;
#582 = LINE ( 'NONE', #261, #454 ) ;
#583 = VECTOR ( 'NONE', #1924, 1000.000000000000000 ) ;
#584 = FILL_AREA_STYLE_COLOUR ( '', #386 ) ;
#585 = CARTESIAN_POINT ( 'NONE',  ( -3.075000000000000178, 4.339951207608708117, -0.4249390095108844245 ) ) ;
#586 = CIRCLE ( 'NONE', #1384, 0.1999999999999998723 ) ;
#587 = CARTESIAN_POINT ( 'NONE',  ( 3.075000000000000178, 4.339951207608708117, -0.4249390095108842025 ) ) ;
#588 = EDGE_CURVE ( 'NONE', #25, #351, #447, .T. ) ;
#589 = LINE ( 'NONE', #2015, #904 ) ;
#590 = STYLED_ITEM ( 'NONE', ( #1134 ), #701 ) ;
#591 = PRESENTATION_LAYER_ASSIGNMENT (  '', '', ( #401 ) ) ;
#592 = EDGE_LOOP ( 'NONE', ( #220, #488, #55, #1269 ) ) ;
#593 = DIRECTION ( 'NONE',  ( 0.000000000000000000, 0.6605093788534929233, -0.7508177944392188108 ) ) ;
#594 = SURFACE_STYLE_USAGE ( .BOTH. , #1838 ) ;
#595 = CARTESIAN_POINT ( 'NONE',  ( 3.075000000000000178, -4.496124969497313550, -0.3000000000000000444 ) ) ;
#596 =( NAMED_UNIT ( * ) SI_UNIT ( $, .STERADIAN. ) SOLID_ANGLE_UNIT ( ) );
#597 = LINE ( 'NONE', #1894, #680 ) ;
#598 = ORIENTED_EDGE ( 'NONE', *, *, #1806, .F. ) ;
#599 = EDGE_CURVE ( 'NONE', #479, #832, #900, .T. ) ;
#600 = LINE ( 'NONE', #8, #115 ) ;
#601 = CARTESIAN_POINT ( 'NONE',  ( 2.024999999999999911, 4.490432225677356115, -0.7500000000000000000 ) ) ;
#602 = CARTESIAN_POINT ( 'NONE',  ( -3.900000000000000355, -4.000000000000000000, 0.000000000000000000 ) ) ;
#603 = ORIENTED_EDGE ( 'NONE', *, *, #1021, .T. ) ;
#604 = FILL_AREA_STYLE ('',( #1063 ) ) ;
#605 = SURFACE_SIDE_STYLE ('',( #1879 ) ) ;
#606 = CARTESIAN_POINT ( 'NONE',  ( 3.075000000000000178, -4.340268666789511620, -0.6821018757706979185 ) ) ;
#607 = AXIS2_PLACEMENT_3D ( 'NONE', #1553, #1857, #593 ) ;
#608 = DIRECTION ( 'NONE',  ( 0.000000000000000000, 0.000000000000000000, -1.000000000000000000 ) ) ;
#609 = ORIENTED_EDGE ( 'NONE', *, *, #1897, .T. ) ;
#610 = COLOUR_RGB ( '',0.6666666666666666297, 0.6980392156862744724, 0.7686274509803920907 ) ;
#611 = CARTESIAN_POINT ( 'NONE',  ( -3.075000000000000178, -4.340268666789511620, -0.6821018757706979185 ) ) ;
#612 = LINE ( 'NONE', #1698, #1984 ) ;
#613 = CYLINDRICAL_SURFACE ( 'NONE', #991, 0.1999999999999998723 ) ;
#614 = PRESENTATION_LAYER_ASSIGNMENT (  '', '', ( #1218 ) ) ;
#615 = EDGE_LOOP ( 'NONE', ( #1572, #670, #1432, #1811 ) ) ;
#616 = EDGE_CURVE ( 'NONE', #1845, #832, #1705, .T. ) ;
#617 = SURFACE_STYLE_FILL_AREA ( #1901 ) ;
#618 = DIRECTION ( 'NONE',  ( -1.000000000000000000, -0.000000000000000000, -0.000000000000000000 ) ) ;
#619 = CARTESIAN_POINT ( 'NONE',  ( 3.900000000000000355, -3.824856266313162223, 0.9100000000000000311 ) ) ;
#620 = CARTESIAN_POINT ( 'NONE',  ( -3.075000000000000178, -3.956837379108208541, -0.2462457881015459593 ) ) ;
#621 = VECTOR ( 'NONE', #62, 1000.000000000000000 ) ;
#622 = PRESENTATION_STYLE_ASSIGNMENT (( #10 ) ) ;
#623 = STYLED_ITEM ( 'NONE', ( #521 ), #434 ) ;
#624 = EDGE_CURVE ( 'NONE', #1260, #1000, #1418, .T. ) ;
#625 = ORIENTED_EDGE ( 'NONE', *, *, #918, .F. ) ;
#626 = AXIS2_PLACEMENT_3D ( 'NONE', #1716, #480, #1891 ) ;
#627 = STYLED_ITEM ( 'NONE', ( #1996 ), #56 ) ;
#628 = FILL_AREA_STYLE_COLOUR ( '', #1392 ) ;
#629 = SURFACE_STYLE_USAGE ( .BOTH. , #320 ) ;
#630 = CARTESIAN_POINT ( 'NONE',  ( -2.024999999999999911, -5.200000000000001066, -0.7500000000000000000 ) ) ;
#631 = APPLICATION_PROTOCOL_DEFINITION ( 'draft international standard', 'automotive_design', 1998, #993 ) ;
#632 = PLANE ( 'NONE',  #3 ) ;
#633 = UNCERTAINTY_MEASURE_WITH_UNIT (LENGTH_MEASURE( 1.000000000000000082E-05 ), #570, 'distance_accuracy_value', 'NONE');
#634 = DIRECTION ( 'NONE',  ( -1.000000000000000000, -0.000000000000000000, -0.000000000000000000 ) ) ;
#635 = ADVANCED_FACE ( 'NONE', ( #1111 ), #1728, .F. ) ;
#636 = ORIENTED_EDGE ( 'NONE', *, *, #789, .F. ) ;
#637 = SURFACE_STYLE_FILL_AREA ( #1270 ) ;
#638 = DIRECTION ( 'NONE',  ( -0.000000000000000000, -0.1726504835671653360, -0.9849831524061839483 ) ) ;
#639 = FACE_OUTER_BOUND ( 'NONE', #1963, .T. ) ;
#640 = LINE ( 'NONE', #1323, #1905 ) ;
#641 = ADVANCED_FACE ( 'NONE', ( #165 ), #1090, .F. ) ;
#642 =( GEOMETRIC_REPRESENTATION_CONTEXT ( 3 ) GLOBAL_UNCERTAINTY_ASSIGNED_CONTEXT ( ( #633 ) ) GLOBAL_UNIT_ASSIGNED_CONTEXT ( ( #570, #1019, #1513 ) ) REPRESENTATION_CONTEXT ( 'NONE', 'WORKASPACE' ) );
#643 = ORIENTED_EDGE ( 'NONE', *, *, #1193, .F. ) ;
#644 = CARTESIAN_POINT ( 'NONE',  ( 2.024999999999999911, 5.200000000000001066, -0.7500000000000000000 ) ) ;
#645 = VERTEX_POINT ( 'NONE', #373 ) ;
#646 = PRESENTATION_LAYER_ASSIGNMENT (  '', '', ( #1256 ) ) ;
#647 = FACE_OUTER_BOUND ( 'NONE', #529, .T. ) ;
#648 = VECTOR ( 'NONE', #2033, 1000.000000000000000 ) ;
#649 = DIRECTION ( 'NONE',  ( 0.000000000000000000, -1.000000000000000000, 0.000000000000000000 ) ) ;
#650 = CARTESIAN_POINT ( 'NONE',  ( -3.075000000000000178, 4.340268666789511620, -0.6821018757706979185 ) ) ;
#651 = DIRECTION ( 'NONE',  ( 0.000000000000000000, 0.1726504835671653360, -0.9849831524061839483 ) ) ;
#652 = UNCERTAINTY_MEASURE_WITH_UNIT (LENGTH_MEASURE( 1.000000000000000082E-05 ), #376, 'distance_accuracy_value', 'NONE');
#653 = EDGE_CURVE ( 'NONE', #989, #1860, #666, .T. ) ;
#654 = ORIENTED_EDGE ( 'NONE', *, *, #324, .F. ) ;
#655 = VECTOR ( 'NONE', #147, 1000.000000000000227 ) ;
#656 = MECHANICAL_DESIGN_GEOMETRIC_PRESENTATION_REPRESENTATION (  '', ( #1557 ), #1520 ) ;
#657 = DIRECTION ( 'NONE',  ( 0.000000000000000000, -0.6246950475544247317, -0.7808688094430298321 ) ) ;
#658 = CARTESIAN_POINT ( 'NONE',  ( 3.075000000000000178, -4.496124969497314439, -0.5000000000000000000 ) ) ;
#659 = EDGE_CURVE ( 'NONE', #394, #1180, #179, .T. ) ;
#660 = FILL_AREA_STYLE_COLOUR ( '', #1847 ) ;
#661 = ORIENTED_EDGE ( 'NONE', *, *, #1129, .T. ) ;
#662 = AXIS2_PLACEMENT_3D ( 'NONE', #1247, #460, #1868 ) ;
#663 =( GEOMETRIC_REPRESENTATION_CONTEXT ( 3 ) GLOBAL_UNCERTAINTY_ASSIGNED_CONTEXT ( ( #176 ) ) GLOBAL_UNIT_ASSIGNED_CONTEXT ( ( #747, #118, #2017 ) ) REPRESENTATION_CONTEXT ( 'NONE', 'WORKASPACE' ) );
#664 = PRESENTATION_STYLE_ASSIGNMENT (( #1138 ) ) ;
#665 = ORIENTED_EDGE ( 'NONE', *, *, #1492, .F. ) ;
#666 = LINE ( 'NONE', #1919, #1232 ) ;
#667 =( NAMED_UNIT ( * ) SI_UNIT ( $, .STERADIAN. ) SOLID_ANGLE_UNIT ( ) );
#668 = ORIENTED_EDGE ( 'NONE', *, *, #774, .F. ) ;
#669 = SURFACE_STYLE_USAGE ( .BOTH. , #385 ) ;
#670 = ORIENTED_EDGE ( 'NONE', *, *, #1867, .F. ) ;
#671 = APPLICATION_CONTEXT ( 'automotive_design' ) ;
#672 = PRESENTATION_LAYER_ASSIGNMENT (  '', '', ( #1409 ) ) ;
#673 = VERTEX_POINT ( 'NONE', #361 ) ;
#674 = VECTOR ( 'NONE', #1743, 1000.000000000000000 ) ;
#675 = PLANE ( 'NONE',  #849 ) ;
#676 = SURFACE_SIDE_STYLE ('',( #528 ) ) ;
#677 = EDGE_LOOP ( 'NONE', ( #1560, #1864, #1166, #1465 ) ) ;
#678 = CARTESIAN_POINT ( 'NONE',  ( 3.075000000000000178, 4.496124969497314439, -0.5000000000000000000 ) ) ;
#679 = COLOUR_RGB ( '',0.6666666666666666297, 0.6980392156862744724, 0.7686274509803920907 ) ;
#680 = VECTOR ( 'NONE', #1239, 1000.000000000000000 ) ;
#681 = ORIENTED_EDGE ( 'NONE', *, *, #254, .F. ) ;
#682 = ORIENTED_EDGE ( 'NONE', *, *, #1526, .F. ) ;
#683 = AXIS2_PLACEMENT_3D ( 'NONE', #395, #1972, #61 ) ;
#684 = CARTESIAN_POINT ( 'NONE',  ( 2.024999999999999911, -4.490432225677355227, -0.5499999999999999334 ) ) ;
#685 = STYLED_ITEM ( 'NONE', ( #935 ), #28 ) ;
#686 = PLANE ( 'NONE',  #64 ) ;
#687 = ORIENTED_EDGE ( 'NONE', *, *, #138, .F. ) ;
#688 =( NAMED_UNIT ( * ) SI_UNIT ( $, .STERADIAN. ) SOLID_ANGLE_UNIT ( ) );
#689 =( GEOMETRIC_REPRESENTATION_CONTEXT ( 3 ) GLOBAL_UNCERTAINTY_ASSIGNED_CONTEXT ( ( #1975 ) ) GLOBAL_UNIT_ASSIGNED_CONTEXT ( ( #1675, #903, #1262 ) ) REPRESENTATION_CONTEXT ( 'NONE', 'WORKASPACE' ) );
#690 =( GEOMETRIC_REPRESENTATION_CONTEXT ( 3 ) GLOBAL_UNCERTAINTY_ASSIGNED_CONTEXT ( ( #366 ) ) GLOBAL_UNIT_ASSIGNED_CONTEXT ( ( #818, #1456, #786 ) ) REPRESENTATION_CONTEXT ( 'NONE', 'WORKASPACE' ) );
#691 = VECTOR ( 'NONE', #1672, 1000.000000000000114 ) ;
#692 = CARTESIAN_POINT ( 'NONE',  ( 3.075000000000000178, -4.340268666789511620, -0.6821018757706979185 ) ) ;
#693 = FILL_AREA_STYLE ('',( #1485 ) ) ;
#694 = ORIENTED_EDGE ( 'NONE', *, *, #653, .T. ) ;
#695 = ADVANCED_FACE ( 'NONE', ( #519 ), #675, .T. ) ;
#696 = CARTESIAN_POINT ( 'NONE',  ( -3.075000000000000178, 4.490432225677356115, -0.7500000000000000000 ) ) ;
#697 = ORIENTED_EDGE ( 'NONE', *, *, #1535, .F. ) ;
#698 = PRODUCT_DEFINITION ( 'UNKNOWN', '', #1476, #214 ) ;
#699 = SURFACE_SIDE_STYLE ('',( #1494 ) ) ;
#700 = ORIENTED_EDGE ( 'NONE', *, *, #811, .F. ) ;
#701 = ADVANCED_FACE ( 'NONE', ( #1325 ), #1141, .T. ) ;
#702 = FACE_OUTER_BOUND ( 'NONE', #1713, .T. ) ;
#703 = EDGE_CURVE ( 'NONE', #2029, #1951, #105, .T. ) ;
#704 =( NAMED_UNIT ( * ) PLANE_ANGLE_UNIT ( ) SI_UNIT ( $, .RADIAN. ) );
#705 = ORIENTED_EDGE ( 'NONE', *, *, #1939, .F. ) ;
#706 = DIRECTION ( 'NONE',  ( -1.000000000000000000, -0.000000000000000000, -0.000000000000000000 ) ) ;
#707 = EDGE_LOOP ( 'NONE', ( #30, #899, #1110, #1760 ) ) ;
#708 = CARTESIAN_POINT ( 'NONE',  ( 3.900000000000000355, -4.000000000000000000, 0.000000000000000000 ) ) ;
#709 = STYLED_ITEM ( 'NONE', ( #875 ), #1503 ) ;
#710 = LINE ( 'NONE', #556, #117 ) ;
#711 = STYLED_ITEM ( 'NONE', ( #1880 ), #1917 ) ;
#712 = EDGE_CURVE ( 'NONE', #256, #2029, #726, .T. ) ;
#713 = VECTOR ( 'NONE', #777, 1000.000000000000000 ) ;
#714 = SURFACE_STYLE_FILL_AREA ( #1511 ) ;
#715 = ORIENTED_EDGE ( 'NONE', *, *, #171, .F. ) ;
#716 = DIRECTION ( 'NONE',  ( -1.000000000000000000, 0.000000000000000000, -0.000000000000000000 ) ) ;
#717 = PLANE ( 'NONE',  #1491 ) ;
#718 = VERTEX_POINT ( 'NONE', #68 ) ;
#719 = ADVANCED_FACE ( 'NONE', ( #1041 ), #1531, .F. ) ;
#720 = SURFACE_SIDE_STYLE ('',( #1389 ) ) ;
#721 = AXIS2_PLACEMENT_3D ( 'NONE', #1998, #1217, #1251 ) ;
#722 = VECTOR ( 'NONE', #1024, 1000.000000000000000 ) ;
#723 =( NAMED_UNIT ( * ) PLANE_ANGLE_UNIT ( ) SI_UNIT ( $, .RADIAN. ) );
#724 = EDGE_LOOP ( 'NONE', ( #433, #357, #694, #687, #403, #566, #1122, #282 ) ) ;
#725 = DIRECTION ( 'NONE',  ( -1.000000000000000000, -0.000000000000000000, -0.000000000000000000 ) ) ;
#726 = LINE ( 'NONE', #218, #1945 ) ;
#727 =( NAMED_UNIT ( * ) PLANE_ANGLE_UNIT ( ) SI_UNIT ( $, .RADIAN. ) );
#728 = ORIENTED_EDGE ( 'NONE', *, *, #1398, .F. ) ;
#729 = DIRECTION ( 'NONE',  ( 0.000000000000000000, -0.1726504835671653360, -0.9849831524061839483 ) ) ;
#730 = CARTESIAN_POINT ( 'NONE',  ( 3.075000000000000178, -4.339951207608708117, -0.4249390095108844245 ) ) ;
#731 = CARTESIAN_POINT ( 'NONE',  ( 3.075000000000000178, 4.340268666789511620, -0.6821018757706979185 ) ) ;
#732 = DIRECTION ( 'NONE',  ( -1.000000000000000000, -0.000000000000000000, -0.000000000000000000 ) ) ;
#733 = FILL_AREA_STYLE ('',( #104 ) ) ;
#734 = FILL_AREA_STYLE ('',( #381 ) ) ;
#735 =( NAMED_UNIT ( * ) PLANE_ANGLE_UNIT ( ) SI_UNIT ( $, .RADIAN. ) );
#736 = ORIENTED_EDGE ( 'NONE', *, *, #1731, .F. ) ;
#737 =( LENGTH_UNIT ( ) NAMED_UNIT ( * ) SI_UNIT ( .MILLI., .METRE. ) );
#738 = SURFACE_STYLE_USAGE ( .BOTH. , #1848 ) ;
#739 = CARTESIAN_POINT ( 'NONE',  ( 3.075000000000000178, -4.340268666789511620, -0.6821018757706979185 ) ) ;
#740 = PRESENTATION_LAYER_ASSIGNMENT (  '', '', ( #709 ) ) ;
#741 = EDGE_CURVE ( 'NONE', #572, #394, #1668, .T. ) ;
#742 =( GEOMETRIC_REPRESENTATION_CONTEXT ( 3 ) GLOBAL_UNCERTAINTY_ASSIGNED_CONTEXT ( ( #1500 ) ) GLOBAL_UNIT_ASSIGNED_CONTEXT ( ( #769, #1071, #1275 ) ) REPRESENTATION_CONTEXT ( 'NONE', 'WORKASPACE' ) );
#743 = ORIENTED_EDGE ( 'NONE', *, *, #334, .F. ) ;
#744 = STYLED_ITEM ( 'NONE', ( #180 ), #2027 ) ;
#745 = VECTOR ( 'NONE', #484, 1000.000000000000000 ) ;
#746 = CARTESIAN_POINT ( 'NONE',  ( 2.024999999999999911, -4.496124969497313550, -0.3000000000000000444 ) ) ;
#747 =( LENGTH_UNIT ( ) NAMED_UNIT ( * ) SI_UNIT ( .MILLI., .METRE. ) );
#748 = ORIENTED_EDGE ( 'NONE', *, *, #2037, .F. ) ;
#749 = CARTESIAN_POINT ( 'NONE',  ( -2.024999999999999911, -5.200000000000001066, -0.5000000000000000000 ) ) ;
#750 = FILL_AREA_STYLE_COLOUR ( '', #805 ) ;
#751 = FILL_AREA_STYLE ('',( #124 ) ) ;
#752 =( NAMED_UNIT ( * ) PLANE_ANGLE_UNIT ( ) SI_UNIT ( $, .RADIAN. ) );
#753 = EDGE_CURVE ( 'NONE', #1477, #1051, #1169, .T. ) ;
#754 = MECHANICAL_DESIGN_GEOMETRIC_PRESENTATION_REPRESENTATION (  '', ( #1049 ), #1589 ) ;
#755 =( LENGTH_UNIT ( ) NAMED_UNIT ( * ) SI_UNIT ( .MILLI., .METRE. ) );
#756 = STYLED_ITEM ( 'NONE', ( #222 ), #188 ) ;
#757 = LINE ( 'NONE', #611, #1866 ) ;
#758 =( GEOMETRIC_REPRESENTATION_CONTEXT ( 3 ) GLOBAL_UNCERTAINTY_ASSIGNED_CONTEXT ( ( #322 ) ) GLOBAL_UNIT_ASSIGNED_CONTEXT ( ( #106, #735, #412 ) ) REPRESENTATION_CONTEXT ( 'NONE', 'WORKASPACE' ) );
#759 = COLOUR_RGB ( '',0.1098039215686274495, 0.1098039215686274495, 0.1098039215686274495 ) ;
#760 = DIRECTION ( 'NONE',  ( 1.000000000000000000, -0.000000000000000000, -0.000000000000000000 ) ) ;
#761 = CARTESIAN_POINT ( 'NONE',  ( -2.024999999999999911, 4.340268666789511620, -0.6821018757706979185 ) ) ;
#762 = CARTESIAN_POINT ( 'NONE',  ( 3.075000000000000178, 4.490432225677355227, -0.7499999999999997780 ) ) ;
#763 = SURFACE_STYLE_FILL_AREA ( #1434 ) ;
#764 = LINE ( 'NONE', #2008, #34 ) ;
#765 = DIRECTION ( 'NONE',  ( 1.000000000000000000, 0.000000000000000000, 0.000000000000000000 ) ) ;
#766 = DIRECTION ( 'NONE',  ( 0.000000000000000000, 0.000000000000000000, -1.000000000000000000 ) ) ;
#767 = DIRECTION ( 'NONE',  ( 1.000000000000000000, -0.000000000000000000, -0.000000000000000000 ) ) ;
#768 = EDGE_LOOP ( 'NONE', ( #336, #1381, #728, #1856 ) ) ;
#769 =( LENGTH_UNIT ( ) NAMED_UNIT ( * ) SI_UNIT ( .MILLI., .METRE. ) );
#770 = ADVANCED_FACE ( 'NONE', ( #1791 ), #551, .F. ) ;
#771 = DIRECTION ( 'NONE',  ( 0.000000000000000000, 0.1889969624826598471, -0.9819776719316626323 ) ) ;
#772 = ORIENTED_EDGE ( 'NONE', *, *, #1874, .T. ) ;
#773 = DIRECTION ( 'NONE',  ( -1.000000000000000000, -0.000000000000000000, -0.000000000000000000 ) ) ;
#774 = EDGE_CURVE ( 'NONE', #1140, #77, #1061, .T. ) ;
#775 = DIRECTION ( 'NONE',  ( -0.000000000000000000, -0.1889969624826594863, -0.9819776719316626323 ) ) ;
#776 =( GEOMETRIC_REPRESENTATION_CONTEXT ( 3 ) GLOBAL_UNCERTAINTY_ASSIGNED_CONTEXT ( ( #831 ) ) GLOBAL_UNIT_ASSIGNED_CONTEXT ( ( #737, #912, #1683 ) ) REPRESENTATION_CONTEXT ( 'NONE', 'WORKASPACE' ) );
#777 = DIRECTION ( 'NONE',  ( -1.000000000000000000, -0.000000000000000000, -0.000000000000000000 ) ) ;
#778 = UNCERTAINTY_MEASURE_WITH_UNIT (LENGTH_MEASURE( 1.000000000000000082E-05 ), #1387, 'distance_accuracy_value', 'NONE');
#779 = AXIS2_PLACEMENT_3D ( 'NONE', #114, #279, #909 ) ;
#780 = ADVANCED_FACE ( 'NONE', ( #315 ), #1235, .T. ) ;
#781 = CARTESIAN_POINT ( 'NONE',  ( 3.075000000000000178, -4.339951207608708117, -0.4249390095108844245 ) ) ;
#782 = CARTESIAN_POINT ( 'NONE',  ( -3.900000000000000355, 3.894830393913598865, -0.6000000000000000888 ) ) ;
#783 = AXIS2_PLACEMENT_3D ( 'NONE', #408, #1796, #1038 ) ;
#784 = DIRECTION ( 'NONE',  ( 1.000000000000000000, -0.000000000000000000, -0.000000000000000000 ) ) ;
#785 = CARTESIAN_POINT ( 'NONE',  ( -2.024999999999999911, -4.490432225677355227, -0.5499999999999999334 ) ) ;
#786 =( NAMED_UNIT ( * ) SI_UNIT ( $, .STERADIAN. ) SOLID_ANGLE_UNIT ( ) );
#787 =( LENGTH_UNIT ( ) NAMED_UNIT ( * ) SI_UNIT ( .MILLI., .METRE. ) );
#788 = LINE ( 'NONE', #931, #2011 ) ;
#789 = EDGE_CURVE ( 'NONE', #1889, #359, #612, .T. ) ;
#790 =( NAMED_UNIT ( * ) PLANE_ANGLE_UNIT ( ) SI_UNIT ( $, .RADIAN. ) );
#791 = DIRECTION ( 'NONE',  ( -1.000000000000000000, -0.000000000000000000, -0.000000000000000000 ) ) ;
#792 = STYLED_ITEM ( 'NONE', ( #299 ), #116 ) ;
#793 = ORIENTED_EDGE ( 'NONE', *, *, #1691, .F. ) ;
#794 = STYLED_ITEM ( 'NONE', ( #1113 ), #291 ) ;
#795 = VECTOR ( 'NONE', #1649, 1000.000000000000114 ) ;
#796 = SURFACE_STYLE_USAGE ( .BOTH. , #448 ) ;
#797 = LINE ( 'NONE', #503, #1130 ) ;
#798 = STYLED_ITEM ( 'NONE', ( #323 ), #851 ) ;
#799 = EDGE_CURVE ( 'NONE', #1873, #971, #152, .T. ) ;
#800 = PLANE ( 'NONE',  #683 ) ;
#801 = VERTEX_POINT ( 'NONE', #1551 ) ;
#802 = CARTESIAN_POINT ( 'NONE',  ( 2.024999999999999911, -4.339951207608708117, -0.4249390095108842025 ) ) ;
#803 = VECTOR ( 'NONE', #43, 1000.000000000000000 ) ;
#804 = ORIENTED_EDGE ( 'NONE', *, *, #1003, .T. ) ;
#805 = COLOUR_RGB ( '',0.6666666666666666297, 0.6980392156862744724, 0.7686274509803920907 ) ;
#806 = PLANE ( 'NONE',  #1977 ) ;
#807 = CARTESIAN_POINT ( 'NONE',  ( -3.900000000000000355, -3.824856266313162223, 0.9100000000000000311 ) ) ;
#808 = VERTEX_POINT ( 'NONE', #131 ) ;
#809 = DIRECTION ( 'NONE',  ( 0.000000000000000000, 1.000000000000000000, -0.000000000000000000 ) ) ;
#810 = PRESENTATION_STYLE_ASSIGNMENT (( #1148 ) ) ;
#811 = EDGE_CURVE ( 'NONE', #1826, #1000, #2028, .T. ) ;
#812 = UNCERTAINTY_MEASURE_WITH_UNIT (LENGTH_MEASURE( 1.000000000000000082E-05 ), #1010, 'distance_accuracy_value', 'NONE');
#813 = DIRECTION ( 'NONE',  ( 0.000000000000000000, 0.000000000000000000, -1.000000000000000000 ) ) ;
#814 = VERTEX_POINT ( 'NONE', #1875 ) ;
#815 = AXIS2_PLACEMENT_3D ( 'NONE', #136, #109, #90 ) ;
#816 =( GEOMETRIC_REPRESENTATION_CONTEXT ( 3 ) GLOBAL_UNCERTAINTY_ASSIGNED_CONTEXT ( ( #1178 ) ) GLOBAL_UNIT_ASSIGNED_CONTEXT ( ( #211, #552, #1658 ) ) REPRESENTATION_CONTEXT ( 'NONE', 'WORKASPACE' ) );
#817 = SURFACE_SIDE_STYLE ('',( #1300 ) ) ;
#818 =( LENGTH_UNIT ( ) NAMED_UNIT ( * ) SI_UNIT ( .MILLI., .METRE. ) );
#819 = VERTEX_POINT ( 'NONE', #1725 ) ;
#820 = VECTOR ( 'NONE', #1567, 1000.000000000000000 ) ;
#821 =( GEOMETRIC_REPRESENTATION_CONTEXT ( 3 ) GLOBAL_UNCERTAINTY_ASSIGNED_CONTEXT ( ( #304 ) ) GLOBAL_UNIT_ASSIGNED_CONTEXT ( ( #1295, #1820, #525 ) ) REPRESENTATION_CONTEXT ( 'NONE', 'WORKASPACE' ) );
#822 =( LENGTH_UNIT ( ) NAMED_UNIT ( * ) SI_UNIT ( .MILLI., .METRE. ) );
#823 = SURFACE_STYLE_FILL_AREA ( #45 ) ;
#824 = CARTESIAN_POINT ( 'NONE',  ( 3.900000000000000355, 3.824856266313162223, 0.9100000000000000311 ) ) ;
#825 = SURFACE_STYLE_FILL_AREA ( #369 ) ;
#826 = ORIENTED_EDGE ( 'NONE', *, *, #78, .F. ) ;
#827 =( NAMED_UNIT ( * ) SI_UNIT ( $, .STERADIAN. ) SOLID_ANGLE_UNIT ( ) );
#828 = LINE ( 'NONE', #541, #223 ) ;
#829 = ORIENTED_EDGE ( 'NONE', *, *, #996, .F. ) ;
#830 = LINE ( 'NONE', #1788, #583 ) ;
#831 = UNCERTAINTY_MEASURE_WITH_UNIT (LENGTH_MEASURE( 1.000000000000000082E-05 ), #737, 'distance_accuracy_value', 'NONE');
#832 = VERTEX_POINT ( 'NONE', #457 ) ;
#833 = PRESENTATION_LAYER_ASSIGNMENT (  '', '', ( #545 ) ) ;
#834 = FACE_OUTER_BOUND ( 'NONE', #517, .T. ) ;
#835 = FACE_OUTER_BOUND ( 'NONE', #724, .T. ) ;
#836 = ORIENTED_EDGE ( 'NONE', *, *, #380, .T. ) ;
#837 = DIRECTION ( 'NONE',  ( 0.000000000000000000, -0.1726504835671665572, 0.9849831524061837262 ) ) ;
#838 = AXIS2_PLACEMENT_3D ( 'NONE', #461, #1091, #1388 ) ;
#839 = AXIS2_PLACEMENT_3D ( 'NONE', #54, #524, #1306 ) ;
#840 = DIRECTION ( 'NONE',  ( 0.000000000000000000, -0.000000000000000000, -1.000000000000000000 ) ) ;
#841 = COLOUR_RGB ( '',0.6666666666666666297, 0.6980392156862744724, 0.7686274509803920907 ) ;
#842 = ADVANCED_FACE ( 'NONE', ( #1416 ), #293, .F. ) ;
#843 = SURFACE_STYLE_USAGE ( .BOTH. , #251 ) ;
#844 =( GEOMETRIC_REPRESENTATION_CONTEXT ( 3 ) GLOBAL_UNCERTAINTY_ASSIGNED_CONTEXT ( ( #1954 ) ) GLOBAL_UNIT_ASSIGNED_CONTEXT ( ( #495, #1757, #1778 ) ) REPRESENTATION_CONTEXT ( 'NONE', 'WORKASPACE' ) );
#845 = CARTESIAN_POINT ( 'NONE',  ( -3.075000000000000178, 5.200000000000001066, -0.7500000000000000000 ) ) ;
#846 = PRESENTATION_LAYER_ASSIGNMENT (  '', '', ( #1161 ) ) ;
#847 = VERTEX_POINT ( 'NONE', #1770 ) ;
#848 = VECTOR ( 'NONE', #331, 1000.000000000000000 ) ;
#849 = AXIS2_PLACEMENT_3D ( 'NONE', #1163, #510, #657 ) ;
#850 = UNCERTAINTY_MEASURE_WITH_UNIT (LENGTH_MEASURE( 1.000000000000000082E-05 ), #787, 'distance_accuracy_value', 'NONE');
#851 = ADVANCED_FACE ( 'NONE', ( #1307 ), #38, .F. ) ;
#852 = MECHANICAL_DESIGN_GEOMETRIC_PRESENTATION_REPRESENTATION (  '', ( #1357 ), #663 ) ;
#853 = DIRECTION ( 'NONE',  ( -1.000000000000000000, -0.000000000000000000, -0.000000000000000000 ) ) ;
#854 = LINE ( 'NONE', #1689, #1543 ) ;
#855 = DIRECTION ( 'NONE',  ( 0.000000000000000000, -0.6246950475544247317, 0.7808688094430299431 ) ) ;
#856 = PRESENTATION_STYLE_ASSIGNMENT (( #1332 ) ) ;
#857 = ORIENTED_EDGE ( 'NONE', *, *, #1451, .F. ) ;
#858 = SURFACE_STYLE_USAGE ( .BOTH. , #1960 ) ;
#859 = EDGE_CURVE ( 'NONE', #84, #394, #982, .T. ) ;
#860 =( LENGTH_UNIT ( ) NAMED_UNIT ( * ) SI_UNIT ( .MILLI., .METRE. ) );
#861 = ORIENTED_EDGE ( 'NONE', *, *, #1853, .F. ) ;
#862 = DIRECTION ( 'NONE',  ( -1.000000000000000000, -0.000000000000000000, -0.000000000000000000 ) ) ;
#863 = EDGE_CURVE ( 'NONE', #1180, #1780, #908, .T. ) ;
#864 = COLOUR_RGB ( '',0.6666666666666666297, 0.6980392156862744724, 0.7686274509803920907 ) ;
#865 = DIRECTION ( 'NONE',  ( 0.000000000000000000, 0.6246950475544247317, 0.7808688094430298321 ) ) ;
#866 = ORIENTED_EDGE ( 'NONE', *, *, #1328, .T. ) ;
#867 = CARTESIAN_POINT ( 'NONE',  ( 2.024999999999999911, -4.496124969497314439, -0.5000000000000000000 ) ) ;
#868 = COLOUR_RGB ( '',0.6666666666666666297, 0.6980392156862744724, 0.7686274509803920907 ) ;
#869 = DIRECTION ( 'NONE',  ( -1.000000000000000000, -0.000000000000000000, -0.000000000000000000 ) ) ;
#870 =( LENGTH_UNIT ( ) NAMED_UNIT ( * ) SI_UNIT ( .MILLI., .METRE. ) );
#871 = AXIS2_PLACEMENT_3D ( 'NONE', #1124, #1754, #490 ) ;
#872 = VECTOR ( 'NONE', #139, 1000.000000000000000 ) ;
#873 = LINE ( 'NONE', #1527, #1585 ) ;
#874 = ORIENTED_EDGE ( 'NONE', *, *, #427, .F. ) ;
#875 = PRESENTATION_STYLE_ASSIGNMENT (( #562 ) ) ;
#876 = CARTESIAN_POINT ( 'NONE',  ( 3.075000000000000178, -4.490432225677356115, -0.7500000000000000000 ) ) ;
#877 = SURFACE_SIDE_STYLE ('',( #1194 ) ) ;
#878 = ORIENTED_EDGE ( 'NONE', *, *, #753, .T. ) ;
#879 = FACE_OUTER_BOUND ( 'NONE', #1490, .T. ) ;
#880 = CARTESIAN_POINT ( 'NONE',  ( 3.075000000000000178, -3.956837379108208541, -0.2462457881015455707 ) ) ;
#881 = SURFACE_STYLE_USAGE ( .BOTH. , #1227 ) ;
#882 = FILL_AREA_STYLE ('',( #103 ) ) ;
#883 = AXIS2_PLACEMENT_3D ( 'NONE', #110, #1695, #1411 ) ;
#884 = STYLED_ITEM ( 'NONE', ( #856 ), #508 ) ;
#885 = ORIENTED_EDGE ( 'NONE', *, *, #142, .T. ) ;
#886 = MECHANICAL_DESIGN_GEOMETRIC_PRESENTATION_REPRESENTATION (  '', ( #590 ), #1721 ) ;
#887 = DIRECTION ( 'NONE',  ( 0.000000000000000000, 0.000000000000000000, -1.000000000000000000 ) ) ;
#888 = COLOUR_RGB ( '',0.6666666666666666297, 0.6980392156862744724, 0.7686274509803920907 ) ;
#889 =( NAMED_UNIT ( * ) SI_UNIT ( $, .STERADIAN. ) SOLID_ANGLE_UNIT ( ) );
#890 = FACE_OUTER_BOUND ( 'NONE', #1722, .T. ) ;
#891 = ORIENTED_EDGE ( 'NONE', *, *, #342, .F. ) ;
#892 = DIRECTION ( 'NONE',  ( 0.000000000000000000, 0.000000000000000000, 1.000000000000000000 ) ) ;
#893 = DIRECTION ( 'NONE',  ( 0.000000000000000000, 0.1726504835671653360, -0.9849831524061839483 ) ) ;
#894 = LINE ( 'NONE', #288, #648 ) ;
#895 = DIRECTION ( 'NONE',  ( 0.000000000000000000, -0.6246950475544247317, 0.7808688094430298321 ) ) ;
#896 = ORIENTED_EDGE ( 'NONE', *, *, #1356, .T. ) ;
#897 = FACE_OUTER_BOUND ( 'NONE', #1549, .T. ) ;
#898 = EDGE_CURVE ( 'NONE', #673, #1477, #1595, .T. ) ;
#899 = ORIENTED_EDGE ( 'NONE', *, *, #273, .F. ) ;
#900 = LINE ( 'NONE', #123, #1980 ) ;
#901 =( LENGTH_UNIT ( ) NAMED_UNIT ( * ) SI_UNIT ( .MILLI., .METRE. ) );
#902 = DIRECTION ( 'NONE',  ( 0.000000000000000000, 0.000000000000000000, -1.000000000000000000 ) ) ;
#903 =( NAMED_UNIT ( * ) PLANE_ANGLE_UNIT ( ) SI_UNIT ( $, .RADIAN. ) );
#904 = VECTOR ( 'NONE', #1574, 1000.000000000000000 ) ;
#905 = LINE ( 'NONE', #321, #872 ) ;
#906 = ORIENTED_EDGE ( 'NONE', *, *, #1615, .F. ) ;
#907 = AXIS2_PLACEMENT_3D ( 'NONE', #595, #784, #915 ) ;
#908 = CIRCLE ( 'NONE', #839, 0.1999999999999997058 ) ;
#909 = DIRECTION ( 'NONE',  ( 0.000000000000000000, 0.000000000000000000, -1.000000000000000000 ) ) ;
#910 = DIRECTION ( 'NONE',  ( -0.000000000000000000, 1.000000000000000000, -0.000000000000000000 ) ) ;
#911 = EDGE_LOOP ( 'NONE', ( #400, #1785, #936, #885 ) ) ;
#912 =( NAMED_UNIT ( * ) PLANE_ANGLE_UNIT ( ) SI_UNIT ( $, .RADIAN. ) );
#913 = FILL_AREA_STYLE ('',( #628 ) ) ;
#914 = COLOUR_RGB ( '',0.6666666666666666297, 0.6980392156862744724, 0.7686274509803920907 ) ;
#915 = DIRECTION ( 'NONE',  ( 0.000000000000000000, 0.000000000000000000, 1.000000000000000000 ) ) ;
#916 = DIRECTION ( 'NONE',  ( 0.000000000000000000, 0.000000000000000000, 1.000000000000000000 ) ) ;
#917 = SURFACE_SIDE_STYLE ('',( #929 ) ) ;
#918 = EDGE_CURVE ( 'NONE', #445, #1845, #640, .T. ) ;
#919 = LINE ( 'NONE', #1274, #713 ) ;
#920 = COLOUR_RGB ( '',0.6666666666666666297, 0.6980392156862744724, 0.7686274509803920907 ) ;
#921 = ORIENTED_EDGE ( 'NONE', *, *, #1814, .T. ) ;
#922 = DIRECTION ( 'NONE',  ( 1.000000000000000000, -0.000000000000000000, -0.000000000000000000 ) ) ;
#923 = COLOUR_RGB ( '',0.6666666666666666297, 0.6980392156862744724, 0.7686274509803920907 ) ;
#924 = VECTOR ( 'NONE', #910, 1000.000000000000000 ) ;
#925 = FILL_AREA_STYLE_COLOUR ( '', #888 ) ;
#926 = ORIENTED_EDGE ( 'NONE', *, *, #712, .F. ) ;
#927 = CARTESIAN_POINT ( 'NONE',  ( 2.024999999999999911, 5.200000000000001066, -0.5000000000000000000 ) ) ;
#928 = CARTESIAN_POINT ( 'NONE',  ( 3.900000000000000355, -4.000000000000000000, 0.000000000000000000 ) ) ;
#929 = SURFACE_STYLE_FILL_AREA ( #882 ) ;
#930 = EDGE_CURVE ( 'NONE', #359, #1236, #1620, .T. ) ;
#931 = CARTESIAN_POINT ( 'NONE',  ( -3.075000000000000178, -4.490432225677355227, -0.7499999999999997780 ) ) ;
#932 = ORIENTED_EDGE ( 'NONE', *, *, #499, .F. ) ;
#933 = SURFACE_STYLE_FILL_AREA ( #305 ) ;
#934 = FILL_AREA_STYLE ('',( #925 ) ) ;
#935 = PRESENTATION_STYLE_ASSIGNMENT (( #1726 ) ) ;
#936 = ORIENTED_EDGE ( 'NONE', *, *, #494, .T. ) ;
#937 = EDGE_CURVE ( 'NONE', #1777, #1650, #177, .T. ) ;
#938 =( NAMED_UNIT ( * ) SI_UNIT ( $, .STERADIAN. ) SOLID_ANGLE_UNIT ( ) );
#939 = CARTESIAN_POINT ( 'NONE',  ( 2.024999999999999911, 3.956837379108208541, -0.2462457881015459593 ) ) ;
#940 =( NAMED_UNIT ( * ) PLANE_ANGLE_UNIT ( ) SI_UNIT ( $, .RADIAN. ) );
#941 = LINE ( 'NONE', #483, #1267 ) ;
#942 = STYLED_ITEM ( 'NONE', ( #538 ), #1461 ) ;
#943 =( NAMED_UNIT ( * ) SI_UNIT ( $, .STERADIAN. ) SOLID_ANGLE_UNIT ( ) );
#944 = UNCERTAINTY_MEASURE_WITH_UNIT (LENGTH_MEASURE( 1.000000000000000082E-05 ), #1237, 'distance_accuracy_value', 'NONE');
#945 = CIRCLE ( 'NONE', #1412, 0.1999999999999997058 ) ;
#946 = CARTESIAN_POINT ( 'NONE',  ( -3.075000000000000178, -4.496124969497314439, -0.5000000000000000000 ) ) ;
#947 = CARTESIAN_POINT ( 'NONE',  ( -3.075000000000000178, -5.200000000000001066, -0.5000000000000000000 ) ) ;
#948 = PRESENTATION_LAYER_ASSIGNMENT (  '', '', ( #711 ) ) ;
#949 = DIRECTION ( 'NONE',  ( 0.000000000000000000, 0.000000000000000000, -1.000000000000000000 ) ) ;
#950 = AXIS2_PLACEMENT_3D ( 'NONE', #449, #463, #765 ) ;
#951 = SURFACE_STYLE_USAGE ( .BOTH. , #960 ) ;
#952 = DIRECTION ( 'NONE',  ( -0.000000000000000000, 0.6605093788534929233, -0.7508177944392188108 ) ) ;
#953 = MECHANICAL_DESIGN_GEOMETRIC_PRESENTATION_REPRESENTATION (  '', ( #792 ), #1386 ) ;
#954 = MECHANICAL_DESIGN_GEOMETRIC_PRESENTATION_REPRESENTATION (  '', ( #1161 ), #1096 ) ;
#955 =( GEOMETRIC_REPRESENTATION_CONTEXT ( 3 ) GLOBAL_UNCERTAINTY_ASSIGNED_CONTEXT ( ( #1573 ) ) GLOBAL_UNIT_ASSIGNED_CONTEXT ( ( #1517, #1541, #98 ) ) REPRESENTATION_CONTEXT ( 'NONE', 'WORKASPACE' ) );
#956 = ORIENTED_EDGE ( 'NONE', *, *, #1666, .T. ) ;
#957 = VECTOR ( 'NONE', #284, 1000.000000000000000 ) ;
#958 = ADVANCED_FACE ( 'NONE', ( #368 ), #1915, .F. ) ;
#959 = PRESENTATION_STYLE_ASSIGNMENT (( #1633 ) ) ;
#960 = SURFACE_SIDE_STYLE ('',( #330 ) ) ;
#961 = FILL_AREA_STYLE ('',( #660 ) ) ;
#962 = PRODUCT_CONTEXT ( 'NONE', #671, 'mechanical' ) ;
#963 = FACE_OUTER_BOUND ( 'NONE', #1327, .T. ) ;
#964 = ORIENTED_EDGE ( 'NONE', *, *, #1328, .F. ) ;
#965 = EDGE_CURVE ( 'NONE', #832, #1287, #1997, .T. ) ;
#966 = CARTESIAN_POINT ( 'NONE',  ( 3.075000000000000178, -4.339951207608708117, -0.4249390095108842025 ) ) ;
#967 = VERTEX_POINT ( 'NONE', #1708 ) ;
#968 = PLANE ( 'NONE',  #1008 ) ;
#969 = DIRECTION ( 'NONE',  ( -1.000000000000000000, -0.000000000000000000, -0.000000000000000000 ) ) ;
#970 = VECTOR ( 'NONE', #446, 1000.000000000000000 ) ;
#971 = VERTEX_POINT ( 'NONE', #300 ) ;
#972 = VECTOR ( 'NONE', #1419, 1000.000000000000000 ) ;
#973 =( NAMED_UNIT ( * ) PLANE_ANGLE_UNIT ( ) SI_UNIT ( $, .RADIAN. ) );
#974 = FILL_AREA_STYLE ('',( #26 ) ) ;
#975 = VECTOR ( 'NONE', #1291, 1000.000000000000000 ) ;
#976 = DIRECTION ( 'NONE',  ( 0.000000000000000000, -1.000000000000000000, 0.000000000000000000 ) ) ;
#977 = ORIENTED_EDGE ( 'NONE', *, *, #1462, .T. ) ;
#978 = FILL_AREA_STYLE_COLOUR ( '', #1613 ) ;
#979 = SURFACE_STYLE_FILL_AREA ( #175 ) ;
#980 = UNCERTAINTY_MEASURE_WITH_UNIT (LENGTH_MEASURE( 1.000000000000000082E-05 ), #1351, 'distance_accuracy_value', 'NONE');
#981 = EDGE_CURVE ( 'NONE', #127, #1363, #894, .T. ) ;
#982 = LINE ( 'NONE', #1759, #1936 ) ;
#983 = ORIENTED_EDGE ( 'NONE', *, *, #1746, .F. ) ;
#984 = MECHANICAL_DESIGN_GEOMETRIC_PRESENTATION_REPRESENTATION (  '', ( #627 ), #1023 ) ;
#985 = EDGE_CURVE ( 'NONE', #1236, #801, #2009, .T. ) ;
#986 = VECTOR ( 'NONE', #1912, 1000.000000000000000 ) ;
#987 = SURFACE_SIDE_STYLE ('',( #203 ) ) ;
#988 = CARTESIAN_POINT ( 'NONE',  ( 3.075000000000000178, -4.000000000000000000, 0.000000000000000000 ) ) ;
#989 = VERTEX_POINT ( 'NONE', #1376 ) ;
#990 = MECHANICAL_DESIGN_GEOMETRIC_PRESENTATION_REPRESENTATION (  '', ( #328 ), #758 ) ;
#991 = AXIS2_PLACEMENT_3D ( 'NONE', #1053, #462, #902 ) ;
#992 =( LENGTH_UNIT ( ) NAMED_UNIT ( * ) SI_UNIT ( .MILLI., .METRE. ) );
#993 = APPLICATION_CONTEXT ( 'automotive_design' ) ;
#994 = AXIS2_PLACEMENT_3D ( 'NONE', #1855, #1072, #949 ) ;
#995 = FILL_AREA_STYLE_COLOUR ( '', #1779 ) ;
#996 = EDGE_CURVE ( 'NONE', #1650, #847, #1849, .T. ) ;
#997 = ORIENTED_EDGE ( 'NONE', *, *, #1028, .F. ) ;
#998 =( NAMED_UNIT ( * ) PLANE_ANGLE_UNIT ( ) SI_UNIT ( $, .RADIAN. ) );
#999 = CARTESIAN_POINT ( 'NONE',  ( -3.075000000000000178, 4.340268666789511620, -0.6821018757706979185 ) ) ;
#1000 = VERTEX_POINT ( 'NONE', #644 ) ;
#1001 =( NAMED_UNIT ( * ) SI_UNIT ( $, .STERADIAN. ) SOLID_ANGLE_UNIT ( ) );
#1002 = CARTESIAN_POINT ( 'NONE',  ( -3.075000000000000178, -3.956837379108208541, -0.2462457881015459593 ) ) ;
#1003 = EDGE_CURVE ( 'NONE', #1293, #1035, #1908, .T. ) ;
#1004 = UNCERTAINTY_MEASURE_WITH_UNIT (LENGTH_MEASURE( 1.000000000000000082E-05 ), #1245, 'distance_accuracy_value', 'NONE');
#1005 = ORIENTED_EDGE ( 'NONE', *, *, #349, .F. ) ;
#1006 = SURFACE_STYLE_FILL_AREA ( #1529 ) ;
#1007 = AXIS2_PLACEMENT_3D ( 'NONE', #708, #1660, #837 ) ;
#1008 = AXIS2_PLACEMENT_3D ( 'NONE', #186, #809, #1168 ) ;
#1009 =( NAMED_UNIT ( * ) SI_UNIT ( $, .STERADIAN. ) SOLID_ANGLE_UNIT ( ) );
#1010 =( LENGTH_UNIT ( ) NAMED_UNIT ( * ) SI_UNIT ( .MILLI., .METRE. ) );
#1011 = ORIENTED_EDGE ( 'NONE', *, *, #23, .T. ) ;
#1012 = EDGE_CURVE ( 'NONE', #51, #971, #430, .T. ) ;
#1013 = VECTOR ( 'NONE', #1036, 1000.000000000000000 ) ;
#1014 = MECHANICAL_DESIGN_GEOMETRIC_PRESENTATION_REPRESENTATION (  '', ( #1414 ), #1547 ) ;
#1015 = SURFACE_STYLE_USAGE ( .BOTH. , #1137 ) ;
#1016 = SURFACE_SIDE_STYLE ('',( #396 ) ) ;
#1017 = CARTESIAN_POINT ( 'NONE',  ( 3.075000000000000178, -4.000000000000000000, 5.421010862427522170E-17 ) ) ;
#1018 = ORIENTED_EDGE ( 'NONE', *, *, #985, .T. ) ;
#1019 =( NAMED_UNIT ( * ) PLANE_ANGLE_UNIT ( ) SI_UNIT ( $, .RADIAN. ) );
#1020 = PRESENTATION_LAYER_ASSIGNMENT (  '', '', ( #1910 ) ) ;
#1021 = EDGE_CURVE ( 'NONE', #51, #1889, #1645, .T. ) ;
#1022 =( NAMED_UNIT ( * ) SI_UNIT ( $, .STERADIAN. ) SOLID_ANGLE_UNIT ( ) );
#1023 =( GEOMETRIC_REPRESENTATION_CONTEXT ( 3 ) GLOBAL_UNCERTAINTY_ASSIGNED_CONTEXT ( ( #1789 ) ) GLOBAL_UNIT_ASSIGNED_CONTEXT ( ( #870, #287, #1536 ) ) REPRESENTATION_CONTEXT ( 'NONE', 'WORKASPACE' ) );
#1024 = DIRECTION ( 'NONE',  ( 1.000000000000000000, -0.000000000000000000, -0.000000000000000000 ) ) ;
#1025 = ORIENTED_EDGE ( 'NONE', *, *, #1028, .T. ) ;
#1026 = MECHANICAL_DESIGN_GEOMETRIC_PRESENTATION_REPRESENTATION (  '', ( #332 ), #398 ) ;
#1027 = PRESENTATION_LAYER_ASSIGNMENT (  '', '', ( #333 ) ) ;
#1028 = EDGE_CURVE ( 'NONE', #1937, #718, #1822, .T. ) ;
#1029 = DIRECTION ( 'NONE',  ( 0.000000000000000000, 1.000000000000000000, 0.000000000000000000 ) ) ;
#1030 = ORIENTED_EDGE ( 'NONE', *, *, #774, .T. ) ;
#1031 =( LENGTH_UNIT ( ) NAMED_UNIT ( * ) SI_UNIT ( .MILLI., .METRE. ) );
#1032 = CARTESIAN_POINT ( 'NONE',  ( 2.024999999999999911, 4.496124969497314439, -0.5000000000000000000 ) ) ;
#1033 =( LENGTH_UNIT ( ) NAMED_UNIT ( * ) SI_UNIT ( .MILLI., .METRE. ) );
#1034 = SURFACE_STYLE_USAGE ( .BOTH. , #676 ) ;
#1035 = VERTEX_POINT ( 'NONE', #1358 ) ;
#1036 = DIRECTION ( 'NONE',  ( 0.000000000000000000, -0.6605093788534929233, -0.7508177944392188108 ) ) ;
#1037 = LINE ( 'NONE', #678, #621 ) ;
#1038 = DIRECTION ( 'NONE',  ( 0.000000000000000000, 0.000000000000000000, -1.000000000000000000 ) ) ;
#1039 = EDGE_LOOP ( 'NONE', ( #375, #1474, #2030, #1030 ) ) ;
#1040 = FILL_AREA_STYLE ('',( #410 ) ) ;
#1041 = FACE_OUTER_BOUND ( 'NONE', #1899, .T. ) ;
#1042 = AXIS2_PLACEMENT_3D ( 'NONE', #549, #1192, #1813 ) ;
#1043 = ORIENTED_EDGE ( 'NONE', *, *, #1701, .F. ) ;
#1044 = FACE_OUTER_BOUND ( 'NONE', #107, .T. ) ;
#1045 = VECTOR ( 'NONE', #536, 1000.000000000000000 ) ;
#1046 = DIRECTION ( 'NONE',  ( -1.000000000000000000, -0.000000000000000000, 0.000000000000000000 ) ) ;
#1047 = AXIS2_PLACEMENT_3D ( 'NONE', #568, #1334, #1499 ) ;
#1048 =( NAMED_UNIT ( * ) SI_UNIT ( $, .STERADIAN. ) SOLID_ANGLE_UNIT ( ) );
#1049 = STYLED_ITEM ( 'NONE', ( #810 ), #1350 ) ;
#1050 = FILL_AREA_STYLE_COLOUR ( '', #1229 ) ;
#1051 = VERTEX_POINT ( 'NONE', #246 ) ;
#1052 = PLANE ( 'NONE',  #607 ) ;
#1053 = CARTESIAN_POINT ( 'NONE',  ( -3.075000000000000178, 4.490432225677355227, -0.5499999999999999334 ) ) ;
#1054 = CARTESIAN_POINT ( 'NONE',  ( 3.900000000000000355, 3.894830393913598865, -0.6000000000000000888 ) ) ;
#1055 = VECTOR ( 'NONE', #732, 1000.000000000000000 ) ;
#1056 = AXIS2_PLACEMENT_3D ( 'NONE', #80, #362, #382 ) ;
#1057 =( NAMED_UNIT ( * ) PLANE_ANGLE_UNIT ( ) SI_UNIT ( $, .RADIAN. ) );
#1058 = EDGE_LOOP ( 'NONE', ( #1341, #1005, #1276, #509 ) ) ;
#1059 = COLOUR_RGB ( '',0.6666666666666666297, 0.6980392156862744724, 0.7686274509803920907 ) ;
#1060 = MECHANICAL_DESIGN_GEOMETRIC_PRESENTATION_REPRESENTATION (  '', ( #506 ), #1624 ) ;
#1061 = LINE ( 'NONE', #306, #474 ) ;
#1062 = EDGE_LOOP ( 'NONE', ( #1453, #303, #1692, #542, #372, #1333, #49, #1338 ) ) ;
#1063 = FILL_AREA_STYLE_COLOUR ( '', #1833 ) ;
#1064 = DIRECTION ( 'NONE',  ( 0.000000000000000000, -1.000000000000000000, 0.000000000000000000 ) ) ;
#1065 = PLANE ( 'NONE',  #815 ) ;
#1066 = DIRECTION ( 'NONE',  ( -1.000000000000000000, -0.000000000000000000, -0.000000000000000000 ) ) ;
#1067 = CARTESIAN_POINT ( 'NONE',  ( 3.075000000000000178, 4.490432225677355227, -0.5499999999999999334 ) ) ;
#1068 = EDGE_CURVE ( 'NONE', #1287, #308, #57, .T. ) ;
#1069 = CARTESIAN_POINT ( 'NONE',  ( -2.024999999999999911, 4.496124969497314439, -0.5000000000000000000 ) ) ;
#1070 = ORIENTED_EDGE ( 'NONE', *, *, #1162, .F. ) ;
#1071 =( NAMED_UNIT ( * ) PLANE_ANGLE_UNIT ( ) SI_UNIT ( $, .RADIAN. ) );
#1072 = DIRECTION ( 'NONE',  ( 1.000000000000000000, -0.000000000000000000, -0.000000000000000000 ) ) ;
#1073 = ORIENTED_EDGE ( 'NONE', *, *, #1003, .F. ) ;
#1074 = PRESENTATION_STYLE_ASSIGNMENT (( #1993 ) ) ;
#1075 = EDGE_CURVE ( 'NONE', #445, #479, #255, .T. ) ;
#1076 =( NAMED_UNIT ( * ) PLANE_ANGLE_UNIT ( ) SI_UNIT ( $, .RADIAN. ) );
#1077 = ADVANCED_FACE ( 'NONE', ( #1179 ), #1999, .T. ) ;
#1078 = FACE_OUTER_BOUND ( 'NONE', #240, .T. ) ;
#1079 = COLOUR_RGB ( '',0.6666666666666666297, 0.6980392156862744724, 0.7686274509803920907 ) ;
#1080 = FILL_AREA_STYLE_COLOUR ( '', #579 ) ;
#1081 = ORIENTED_EDGE ( 'NONE', *, *, #1234, .F. ) ;
#1082 = VECTOR ( 'NONE', #1985, 1000.000000000000227 ) ;
#1083 = MECHANICAL_DESIGN_GEOMETRIC_PRESENTATION_REPRESENTATION (  '', ( #1969 ), #1872 ) ;
#1084 = VECTOR ( 'NONE', #1711, 1000.000000000000000 ) ;
#1085 = SURFACE_SIDE_STYLE ('',( #1690 ) ) ;
#1086 = ORIENTED_EDGE ( 'NONE', *, *, #2020, .T. ) ;
#1087 = EDGE_CURVE ( 'NONE', #1220, #25, #873, .T. ) ;
#1088 = ORIENTED_EDGE ( 'NONE', *, *, #409, .T. ) ;
#1089 = EDGE_CURVE ( 'NONE', #1231, #84, #1810, .T. ) ;
#1090 = PLANE ( 'NONE',  #1488 ) ;
#1091 = DIRECTION ( 'NONE',  ( -1.000000000000000000, -0.000000000000000000, -0.000000000000000000 ) ) ;
#1092 = DIRECTION ( 'NONE',  ( -1.000000000000000000, -0.000000000000000000, -0.000000000000000000 ) ) ;
#1093 = CYLINDRICAL_SURFACE ( 'NONE', #1228, 0.1999999999999999278 ) ;
#1094 = SURFACE_STYLE_USAGE ( .BOTH. , #1393 ) ;
#1095 = LINE ( 'NONE', #452, #1084 ) ;
#1096 =( GEOMETRIC_REPRESENTATION_CONTEXT ( 3 ) GLOBAL_UNCERTAINTY_ASSIGNED_CONTEXT ( ( #1643 ) ) GLOBAL_UNIT_ASSIGNED_CONTEXT ( ( #1829, #940, #157 ) ) REPRESENTATION_CONTEXT ( 'NONE', 'WORKASPACE' ) );
#1097 = PRESENTATION_LAYER_ASSIGNMENT (  '', '', ( #1557 ) ) ;
#1098 = ADVANCED_FACE ( 'NONE', ( #237 ), #577, .F. ) ;
#1099 = PRESENTATION_STYLE_ASSIGNMENT (( #1550 ) ) ;
#1100 = AXIS2_PLACEMENT_3D ( 'NONE', #1824, #230, #1205 ) ;
#1101 = SURFACE_STYLE_FILL_AREA ( #934 ) ;
#1102 = SURFACE_SIDE_STYLE ('',( #469 ) ) ;
#1103 = CARTESIAN_POINT ( 'NONE',  ( 3.075000000000000178, -3.956837379108208541, -0.2462457881015459593 ) ) ;
#1104 = LINE ( 'NONE', #1455, #94 ) ;
#1105 = CARTESIAN_POINT ( 'NONE',  ( -3.075000000000000178, -4.339951207608708117, -0.4249390095108842025 ) ) ;
#1106 = CARTESIAN_POINT ( 'NONE',  ( -2.024999999999999911, -4.490432225677355227, -0.7499999999999997780 ) ) ;
#1107 = SURFACE_SIDE_STYLE ('',( #1562 ) ) ;
#1108 = CARTESIAN_POINT ( 'NONE',  ( -3.900000000000000355, 4.000000000000000000, 1.469576158976824144E-15 ) ) ;
#1109 = DIRECTION ( 'NONE',  ( 0.000000000000000000, 0.000000000000000000, -1.000000000000000000 ) ) ;
#1110 = ORIENTED_EDGE ( 'NONE', *, *, #254, .T. ) ;
#1111 = FACE_OUTER_BOUND ( 'NONE', #420, .T. ) ;
#1112 = FILL_AREA_STYLE_COLOUR ( '', #1425 ) ;
#1113 = PRESENTATION_STYLE_ASSIGNMENT (( #1144 ) ) ;
#1114 = MECHANICAL_DESIGN_GEOMETRIC_PRESENTATION_REPRESENTATION (  '', ( #1409 ), #776 ) ;
#1115 = DIRECTION ( 'NONE',  ( 1.000000000000000000, 0.000000000000000000, 0.000000000000000000 ) ) ;
#1116 = UNCERTAINTY_MEASURE_WITH_UNIT (LENGTH_MEASURE( 1.000000000000000082E-05 ), #1164, 'distance_accuracy_value', 'NONE');
#1117 = CYLINDRICAL_SURFACE ( 'NONE', #779, 0.1999999999999997613 ) ;
#1118 = VECTOR ( 'NONE', #192, 1000.000000000000000 ) ;
#1119 = PRESENTATION_LAYER_ASSIGNMENT (  '', '', ( #1414 ) ) ;
#1120 = ORIENTED_EDGE ( 'NONE', *, *, #125, .T. ) ;
#1121 = STYLED_ITEM ( 'NONE', ( #664 ), #1282 ) ;
#1122 = ORIENTED_EDGE ( 'NONE', *, *, #985, .F. ) ;
#1123 = LINE ( 'NONE', #762, #820 ) ;
#1124 = CARTESIAN_POINT ( 'NONE',  ( -3.900000000000000355, 0.000000000000000000, 0.000000000000000000 ) ) ;
#1125 = DIRECTION ( 'NONE',  ( 0.000000000000000000, -0.000000000000000000, -1.000000000000000000 ) ) ;
#1126 = SURFACE_STYLE_FILL_AREA ( #493 ) ;
#1127 = DIRECTION ( 'NONE',  ( -1.000000000000000000, -0.000000000000000000, -0.000000000000000000 ) ) ;
#1128 = COLOUR_RGB ( '',0.1098039215686274495, 0.1098039215686274495, 0.1098039215686274495 ) ;
#1129 = EDGE_CURVE ( 'NONE', #1889, #1817, #919, .T. ) ;
#1130 = VECTOR ( 'NONE', #1893, 1000.000000000000000 ) ;
#1131 = PRESENTATION_LAYER_ASSIGNMENT (  '', '', ( #504 ) ) ;
#1132 = EDGE_LOOP ( 'NONE', ( #2042, #453, #458, #1982, #1968, #1088, #1654, #154 ) ) ;
#1133 = COLOUR_RGB ( '',0.6666666666666666297, 0.6980392156862744724, 0.7686274509803920907 ) ;
#1134 = PRESENTATION_STYLE_ASSIGNMENT (( #1599 ) ) ;
#1135 = LINE ( 'NONE', #1422, #15 ) ;
#1136 = ORIENTED_EDGE ( 'NONE', *, *, #1973, .T. ) ;
#1137 = SURFACE_SIDE_STYLE ('',( #1147 ) ) ;
#1138 = SURFACE_STYLE_USAGE ( .BOTH. , #1602 ) ;
#1139 = UNCERTAINTY_MEASURE_WITH_UNIT (LENGTH_MEASURE( 1.000000000000000082E-05 ), #337, 'distance_accuracy_value', 'NONE');
#1140 = VERTEX_POINT ( 'NONE', #126 ) ;
#1141 = PLANE ( 'NONE',  #1100 ) ;
#1142 = SURFACE_STYLE_FILL_AREA ( #974 ) ;
#1143 = PLANE ( 'NONE',  #518 ) ;
#1144 = SURFACE_STYLE_USAGE ( .BOTH. , #174 ) ;
#1145 = EDGE_LOOP ( 'NONE', ( #1176, #932, #1011, #1120 ) ) ;
#1146 = EDGE_CURVE ( 'NONE', #1765, #1222, #1740, .T. ) ;
#1147 = SURFACE_STYLE_FILL_AREA ( #343 ) ;
#1148 = SURFACE_STYLE_USAGE ( .BOTH. , #1315 ) ;
#1149 = VECTOR ( 'NONE', #1182, 1000.000000000000000 ) ;
#1150 = VECTOR ( 'NONE', #1153, 1000.000000000000227 ) ;
#1151 = ORIENTED_EDGE ( 'NONE', *, *, #588, .T. ) ;
#1152 = DIRECTION ( 'NONE',  ( 1.000000000000000000, -0.000000000000000000, -0.000000000000000000 ) ) ;
#1154 = EDGE_CURVE ( 'NONE', #486, #814, #1742, .T. ) ;
#1153 = DIRECTION ( 'NONE',  ( -0.000000000000000000, -0.1889969624826594863, -0.9819776719316626323 ) ) ;
#1155 = VECTOR ( 'NONE', #767, 1000.000000000000000 ) ;
#1156 =( NAMED_UNIT ( * ) PLANE_ANGLE_UNIT ( ) SI_UNIT ( $, .RADIAN. ) );
#1157 = ORIENTED_EDGE ( 'NONE', *, *, #1594, .T. ) ;
#1158 = DIRECTION ( 'NONE',  ( 0.000000000000000000, 1.000000000000000000, -0.000000000000000000 ) ) ;
#1159 =( NAMED_UNIT ( * ) PLANE_ANGLE_UNIT ( ) SI_UNIT ( $, .RADIAN. ) );
#1160 = ORIENTED_EDGE ( 'NONE', *, *, #1666, .F. ) ;
#1161 = STYLED_ITEM ( 'NONE', ( #1986 ), #72 ) ;
#1162 = EDGE_CURVE ( 'NONE', #1780, #225, #905, .T. ) ;
#1163 = CARTESIAN_POINT ( 'NONE',  ( 3.075000000000000178, -4.339951207608708117, -0.4249390095108842025 ) ) ;
#1164 =( LENGTH_UNIT ( ) NAMED_UNIT ( * ) SI_UNIT ( .MILLI., .METRE. ) );
#1165 = DIRECTION ( 'NONE',  ( 0.000000000000000000, 1.000000000000000000, 0.000000000000000000 ) ) ;
#1166 = ORIENTED_EDGE ( 'NONE', *, *, #380, .F. ) ;
#1167 = LINE ( 'NONE', #1481, #2014 ) ;
#1168 = DIRECTION ( 'NONE',  ( 0.000000000000000000, 0.000000000000000000, 1.000000000000000000 ) ) ;
#1169 = CIRCLE ( 'NONE', #371, 0.1999999999999997058 ) ;
#1170 = CARTESIAN_POINT ( 'NONE',  ( -2.024999999999999911, -5.200000000000001066, -0.5000000000000000000 ) ) ;
#1171 = DIRECTION ( 'NONE',  ( 0.000000000000000000, 0.000000000000000000, -1.000000000000000000 ) ) ;
#1172 = SURFACE_SIDE_STYLE ('',( #1006 ) ) ;
#1173 = ADVANCED_FACE ( 'NONE', ( #465 ), #632, .F. ) ;
#1174 =( NAMED_UNIT ( * ) PLANE_ANGLE_UNIT ( ) SI_UNIT ( $, .RADIAN. ) );
#1175 =( NAMED_UNIT ( * ) PLANE_ANGLE_UNIT ( ) SI_UNIT ( $, .RADIAN. ) );
#1176 = ORIENTED_EDGE ( 'NONE', *, *, #267, .F. ) ;
#1177 = LINE ( 'NONE', #1952, #1221 ) ;
#1178 = UNCERTAINTY_MEASURE_WITH_UNIT (LENGTH_MEASURE( 1.000000000000000082E-05 ), #211, 'distance_accuracy_value', 'NONE');
#1179 = FACE_OUTER_BOUND ( 'NONE', #1303, .T. ) ;
#1180 = VERTEX_POINT ( 'NONE', #1069 ) ;
#1181 = SURFACE_SIDE_STYLE ('',( #258 ) ) ;
#1182 = DIRECTION ( 'NONE',  ( -0.000000000000000000, -1.000000000000000000, -0.000000000000000000 ) ) ;
#1183 = STYLED_ITEM ( 'NONE', ( #141 ), #1510 ) ;
#1184 = EDGE_LOOP ( 'NONE', ( #1989, #1450, #878, #836, #290, #1470, #1277, #1518 ) ) ;
#1185 = STYLED_ITEM ( 'NONE', ( #429 ), #1802 ) ;
#1186 = FILL_AREA_STYLE_COLOUR ( '', #1059 ) ;
#1187 = ORIENTED_EDGE ( 'NONE', *, *, #937, .F. ) ;
#1188 = COLOUR_RGB ( '',0.6666666666666666297, 0.6980392156862744724, 0.7686274509803920907 ) ;
#1189 = VECTOR ( 'NONE', #1537, 1000.000000000000000 ) ;
#1190 = CARTESIAN_POINT ( 'NONE',  ( -3.075000000000000178, 4.339951207608708117, -0.4249390095108842025 ) ) ;
#1191 = EDGE_LOOP ( 'NONE', ( #390, #1623, #1160, #1918 ) ) ;
#1192 = DIRECTION ( 'NONE',  ( -0.000000000000000000, 0.7508177944392188108, 0.6605093788534929233 ) ) ;
#1193 = EDGE_CURVE ( 'NONE', #673, #178, #1696, .T. ) ;
#1194 = SURFACE_STYLE_FILL_AREA ( #734 ) ;
#1195 =( NAMED_UNIT ( * ) SI_UNIT ( $, .STERADIAN. ) SOLID_ANGLE_UNIT ( ) );
#1196 = VECTOR ( 'NONE', #1493, 1000.000000000000000 ) ;
#1197 = PRESENTATION_STYLE_ASSIGNMENT (( #69 ) ) ;
#1198 = ORIENTED_EDGE ( 'NONE', *, *, #1296, .T. ) ;
#1199 = VECTOR ( 'NONE', #976, 1000.000000000000000 ) ;
#1200 = DIRECTION ( 'NONE',  ( -1.000000000000000000, -0.000000000000000000, -0.000000000000000000 ) ) ;
#1201 = COLOUR_RGB ( '',0.6666666666666666297, 0.6980392156862744724, 0.7686274509803920907 ) ;
#1202 =( LENGTH_UNIT ( ) NAMED_UNIT ( * ) SI_UNIT ( .MILLI., .METRE. ) );
#1203 = VERTEX_POINT ( 'NONE', #5 ) ;
#1204 = CARTESIAN_POINT ( 'NONE',  ( -2.024999999999999911, -3.956837379108208541, -0.2462457881015459593 ) ) ;
#1205 = DIRECTION ( 'NONE',  ( -1.000000000000000000, 0.000000000000000000, -0.000000000000000000 ) ) ;
#1206 = DIRECTION ( 'NONE',  ( 0.000000000000000000, 0.000000000000000000, -1.000000000000000000 ) ) ;
#1207 = CARTESIAN_POINT ( 'NONE',  ( -2.024999999999999911, -4.339951207608708117, -0.4249390095108842025 ) ) ;
#1208 = CARTESIAN_POINT ( 'NONE',  ( 3.900000000000000355, -4.000000000000000000, 0.000000000000000000 ) ) ;
#1209 = ORIENTED_EDGE ( 'NONE', *, *, #1492, .T. ) ;
#1210 =( GEOMETRIC_REPRESENTATION_CONTEXT ( 3 ) GLOBAL_UNCERTAINTY_ASSIGNED_CONTEXT ( ( #1004 ) ) GLOBAL_UNIT_ASSIGNED_CONTEXT ( ( #1245, #122, #1703 ) ) REPRESENTATION_CONTEXT ( 'NONE', 'WORKASPACE' ) );
#1211 = ORIENTED_EDGE ( 'NONE', *, *, #358, .F. ) ;
#1212 = MECHANICAL_DESIGN_GEOMETRIC_PRESENTATION_REPRESENTATION (  '', ( #1704 ), #2041 ) ;
#1213 = ADVANCED_BREP_SHAPE_REPRESENTATION ( 'RPMS210_R2_00601', ( #1440, #155 ), #318 ) ;
#1214 = SURFACE_STYLE_FILL_AREA ( #1994 ) ;
#1215 = LINE ( 'NONE', #1685, #1739 ) ;
#1216 = DIRECTION ( 'NONE',  ( -1.000000000000000000, -0.000000000000000000, -0.000000000000000000 ) ) ;
#1217 = DIRECTION ( 'NONE',  ( -1.000000000000000000, 0.000000000000000000, 0.000000000000000000 ) ) ;
#1218 = STYLED_ITEM ( 'NONE', ( #1346 ), #1098 ) ;
#1219 = PRESENTATION_STYLE_ASSIGNMENT (( #268 ) ) ;
#1220 = VERTEX_POINT ( 'NONE', #160 ) ;
#1221 = VECTOR ( 'NONE', #554, 1000.000000000000000 ) ;
#1222 = VERTEX_POINT ( 'NONE', #1584 ) ;
#1223 = SURFACE_STYLE_FILL_AREA ( #604 ) ;
#1224 = EDGE_CURVE ( 'NONE', #1359, #1641, #597, .T. ) ;
#1225 = COLOUR_RGB ( '',0.6666666666666666297, 0.6980392156862744724, 0.7686274509803920907 ) ;
#1226 = CARTESIAN_POINT ( 'NONE',  ( 3.075000000000000178, 3.956837379108208541, -0.2462457881015459593 ) ) ;
#1227 = SURFACE_SIDE_STYLE ('',( #1375 ) ) ;
#1228 = AXIS2_PLACEMENT_3D ( 'NONE', #1067, #450, #1719 ) ;
#1229 = COLOUR_RGB ( '',0.1098039215686274495, 0.1098039215686274495, 0.1098039215686274495 ) ;
#1230 = DIRECTION ( 'NONE',  ( 0.000000000000000000, 0.000000000000000000, 1.000000000000000000 ) ) ;
#1231 = VERTEX_POINT ( 'NONE', #1859 ) ;
#1232 = VECTOR ( 'NONE', #1152, 1000.000000000000000 ) ;
#1233 = LINE ( 'NONE', #620, #418 ) ;
#1234 = EDGE_CURVE ( 'NONE', #572, #229, #1095, .T. ) ;
#1235 = CYLINDRICAL_SURFACE ( 'NONE', #994, 0.1999999999999998723 ) ;
#1236 = VERTEX_POINT ( 'NONE', #619 ) ;
#1237 =( LENGTH_UNIT ( ) NAMED_UNIT ( * ) SI_UNIT ( .MILLI., .METRE. ) );
#1238 = SURFACE_STYLE_USAGE ( .BOTH. , #156 ) ;
#1239 = DIRECTION ( 'NONE',  ( -0.000000000000000000, 1.000000000000000000, -0.000000000000000000 ) ) ;
#1240 = ORIENTED_EDGE ( 'NONE', *, *, #799, .T. ) ;
#1241 = EDGE_CURVE ( 'NONE', #847, #1826, #1744, .T. ) ;
#1242 = DIRECTION ( 'NONE',  ( 0.000000000000000000, 1.000000000000000000, 0.000000000000000000 ) ) ;
#1243 = CARTESIAN_POINT ( 'NONE',  ( -3.075000000000000178, -5.200000000000001066, -0.7500000000000000000 ) ) ;
#1244 = ORIENTED_EDGE ( 'NONE', *, *, #1370, .F. ) ;
#1245 =( LENGTH_UNIT ( ) NAMED_UNIT ( * ) SI_UNIT ( .MILLI., .METRE. ) );
#1246 = MECHANICAL_DESIGN_GEOMETRIC_PRESENTATION_REPRESENTATION (  '', ( #709 ), #642 ) ;
#1247 = CARTESIAN_POINT ( 'NONE',  ( 3.900000000000000355, 4.000000000000000000, 1.469576158976824144E-15 ) ) ;
#1248 = CARTESIAN_POINT ( 'NONE',  ( -2.024999999999999911, -4.490432225677356115, -0.7500000000000000000 ) ) ;
#1249 = DIRECTION ( 'NONE',  ( 1.000000000000000000, -0.000000000000000000, -0.000000000000000000 ) ) ;
#1250 = FILL_AREA_STYLE ('',( #1858 ) ) ;
#1251 = DIRECTION ( 'NONE',  ( 0.000000000000000000, 0.000000000000000000, -1.000000000000000000 ) ) ;
#1252 = MECHANICAL_DESIGN_GEOMETRIC_PRESENTATION_REPRESENTATION (  '', ( #1371 ), #1210 ) ;
#1253 = EDGE_CURVE ( 'NONE', #1220, #1265, #788, .T. ) ;
#1254 = FILL_AREA_STYLE ('',( #1080 ) ) ;
#1255 = ORIENTED_EDGE ( 'NONE', *, *, #1897, .F. ) ;
#1256 = STYLED_ITEM ( 'NONE', ( #959 ), #2012 ) ;
#1257 = VECTOR ( 'NONE', #224, 1000.000000000000114 ) ;
#1258 = DIRECTION ( 'NONE',  ( 1.000000000000000000, -0.000000000000000000, -0.000000000000000000 ) ) ;
#1259 = FILL_AREA_STYLE ('',( #1734 ) ) ;
#1260 = VERTEX_POINT ( 'NONE', #148 ) ;
#1261 = DIRECTION ( 'NONE',  ( 0.000000000000000000, 0.000000000000000000, -1.000000000000000000 ) ) ;
#1262 =( NAMED_UNIT ( * ) SI_UNIT ( $, .STERADIAN. ) SOLID_ANGLE_UNIT ( ) );
#1263 = SURFACE_STYLE_FILL_AREA ( #1254 ) ;
#1264 = STYLED_ITEM ( 'NONE', ( #181 ), #128 ) ;
#1265 = VERTEX_POINT ( 'NONE', #1106 ) ;
#1266 = UNCERTAINTY_MEASURE_WITH_UNIT (LENGTH_MEASURE( 1.000000000000000082E-05 ), #1299, 'distance_accuracy_value', 'NONE');
#1267 = VECTOR ( 'NONE', #22, 1000.000000000000000 ) ;
#1268 = VECTOR ( 'NONE', #1657, 1000.000000000000000 ) ;
#1269 = ORIENTED_EDGE ( 'NONE', *, *, #1253, .T. ) ;
#1270 = FILL_AREA_STYLE ('',( #12 ) ) ;
#1271 = CARTESIAN_POINT ( 'NONE',  ( -3.075000000000000178, 4.490432225677355227, -0.5499999999999999334 ) ) ;
#1272 = SURFACE_STYLE_FILL_AREA ( #1580 ) ;
#1273 = FACE_OUTER_BOUND ( 'NONE', #592, .T. ) ;
#1274 = CARTESIAN_POINT ( 'NONE',  ( 3.900000000000000355, 4.000000000000000000, 1.469576158976824144E-15 ) ) ;
#1275 =( NAMED_UNIT ( * ) SI_UNIT ( $, .STERADIAN. ) SOLID_ANGLE_UNIT ( ) );
#1276 = ORIENTED_EDGE ( 'NONE', *, *, #334, .T. ) ;
#1277 = ORIENTED_EDGE ( 'NONE', *, *, #1308, .T. ) ;
#1278 = SURFACE_STYLE_USAGE ( .BOTH. , #605 ) ;
#1279 =( NAMED_UNIT ( * ) SI_UNIT ( $, .STERADIAN. ) SOLID_ANGLE_UNIT ( ) );
#1280 = PLANE ( 'NONE',  #1056 ) ;
#1281 = LINE ( 'NONE', #187, #1976 ) ;
#1282 = ADVANCED_FACE ( 'NONE', ( #313 ), #1424, .F. ) ;
#1283 = UNCERTAINTY_MEASURE_WITH_UNIT (LENGTH_MEASURE( 1.000000000000000082E-05 ), #1, 'distance_accuracy_value', 'NONE');
#1284 = VECTOR ( 'NONE', #82, 1000.000000000000000 ) ;
#1285 = CARTESIAN_POINT ( 'NONE',  ( 3.075000000000000178, 4.340268666789511620, -0.6821018757706979185 ) ) ;
#1286 = PRESENTATION_LAYER_ASSIGNMENT (  '', '', ( #86 ) ) ;
#1287 = VERTEX_POINT ( 'NONE', #364 ) ;
#1288 = SURFACE_STYLE_FILL_AREA ( #1318 ) ;
#1289 = CARTESIAN_POINT ( 'NONE',  ( 2.024999999999999911, -5.200000000000001066, -0.5000000000000000000 ) ) ;
#1290 = DIRECTION ( 'NONE',  ( -1.000000000000000000, -0.000000000000000000, -0.000000000000000000 ) ) ;
#1291 = DIRECTION ( 'NONE',  ( 0.000000000000000000, -1.000000000000000000, 0.000000000000000000 ) ) ;
#1292 = FILL_AREA_STYLE_COLOUR ( '', #759 ) ;
#1293 = VERTEX_POINT ( 'NONE', #1611 ) ;
#1294 = VECTOR ( 'NONE', #512, 1000.000000000000000 ) ;
#1295 =( LENGTH_UNIT ( ) NAMED_UNIT ( * ) SI_UNIT ( .MILLI., .METRE. ) );
#1296 = EDGE_CURVE ( 'NONE', #438, #1293, #1436, .T. ) ;
#1297 = EDGE_LOOP ( 'NONE', ( #535, #1909, #866, #89 ) ) ;
#1298 = PRESENTATION_LAYER_ASSIGNMENT (  '', '', ( #506 ) ) ;
#1299 =( LENGTH_UNIT ( ) NAMED_UNIT ( * ) SI_UNIT ( .MILLI., .METRE. ) );
#1300 = SURFACE_STYLE_FILL_AREA ( #1311 ) ;
#1301 = CARTESIAN_POINT ( 'NONE',  ( -3.075000000000000178, -5.200000000000001066, -0.5000000000000000000 ) ) ;
#1302 = LINE ( 'NONE', #1105, #365 ) ;
#1303 = EDGE_LOOP ( 'NONE', ( #1070, #1244, #1618, #1697 ) ) ;
#1304 = DIRECTION ( 'NONE',  ( -1.000000000000000000, 0.000000000000000000, 0.000000000000000000 ) ) ;
#1305 = UNCERTAINTY_MEASURE_WITH_UNIT (LENGTH_MEASURE( 1.000000000000000082E-05 ), #992, 'distance_accuracy_value', 'NONE');
#1306 = DIRECTION ( 'NONE',  ( 0.000000000000000000, 0.000000000000000000, 1.000000000000000000 ) ) ;
#1307 = FACE_OUTER_BOUND ( 'NONE', #1632, .T. ) ;
#1308 = EDGE_CURVE ( 'NONE', #1140, #1220, #91, .T. ) ;
#1309 = ORIENTED_EDGE ( 'NONE', *, *, #930, .T. ) ;
#1310 = SURFACE_STYLE_USAGE ( .BOTH. , #1605 ) ;
#1311 = FILL_AREA_STYLE ('',( #511 ) ) ;
#1312 = FILL_AREA_STYLE ('',( #1929 ) ) ;
#1313 = ORIENTED_EDGE ( 'NONE', *, *, #1964, .T. ) ;
#1314 = DIRECTION ( 'NONE',  ( 0.000000000000000000, 0.000000000000000000, -1.000000000000000000 ) ) ;
#1315 = SURFACE_SIDE_STYLE ('',( #823 ) ) ;
#1316 = EDGE_CURVE ( 'NONE', #801, #445, #1281, .T. ) ;
#1317 = MECHANICAL_DESIGN_GEOMETRIC_PRESENTATION_REPRESENTATION (  '', ( #545 ), #245 ) ;
#1318 = FILL_AREA_STYLE ('',( #1747 ) ) ;
#1319 = CARTESIAN_POINT ( 'NONE',  ( -3.075000000000000178, 4.000000000000000000, 1.469576158976824144E-15 ) ) ;
#1320 = LINE ( 'NONE', #696, #1622 ) ;
#1321 = ORIENTED_EDGE ( 'NONE', *, *, #1391, .F. ) ;
#1322 =( NAMED_UNIT ( * ) SI_UNIT ( $, .STERADIAN. ) SOLID_ANGLE_UNIT ( ) );
#1323 = CARTESIAN_POINT ( 'NONE',  ( 3.075000000000000178, -3.956837379108208541, -0.2462457881015459593 ) ) ;
#1324 = AXIS2_PLACEMENT_3D ( 'NONE', #21, #649, #1125 ) ;
#1325 = FACE_OUTER_BOUND ( 'NONE', #911, .T. ) ;
#1326 = FILL_AREA_STYLE_COLOUR ( '', #1781 ) ;
#1327 = EDGE_LOOP ( 'NONE', ( #1347, #1745, #977, #47 ) ) ;
#1328 = EDGE_CURVE ( 'NONE', #229, #256, #428, .T. ) ;
#1329 = CARTESIAN_POINT ( 'NONE',  ( 3.075000000000000178, 4.496124969497314439, -0.5000000000000000000 ) ) ;
#1330 = DIRECTION ( 'NONE',  ( -1.000000000000000000, -0.000000000000000000, -0.000000000000000000 ) ) ;
#1331 = DIRECTION ( 'NONE',  ( 0.000000000000000000, 0.000000000000000000, 1.000000000000000000 ) ) ;
#1332 = SURFACE_STYLE_USAGE ( .BOTH. , #219 ) ;
#1333 = ORIENTED_EDGE ( 'NONE', *, *, #965, .T. ) ;
#1334 = DIRECTION ( 'NONE',  ( 0.000000000000000000, 0.000000000000000000, -1.000000000000000000 ) ) ;
#1335 = UNCERTAINTY_MEASURE_WITH_UNIT (LENGTH_MEASURE( 1.000000000000000082E-05 ), #755, 'distance_accuracy_value', 'NONE');
#1336 = EDGE_CURVE ( 'NONE', #1946, #326, #830, .T. ) ;
#1337 =( NAMED_UNIT ( * ) PLANE_ANGLE_UNIT ( ) SI_UNIT ( $, .RADIAN. ) );
#1338 = ORIENTED_EDGE ( 'NONE', *, *, #341, .T. ) ;
#1339 = LINE ( 'NONE', #692, #1635 ) ;
#1340 =( GEOMETRIC_REPRESENTATION_CONTEXT ( 3 ) GLOBAL_UNCERTAINTY_ASSIGNED_CONTEXT ( ( #236 ) ) GLOBAL_UNIT_ASSIGNED_CONTEXT ( ( #1404, #790, #1538 ) ) REPRESENTATION_CONTEXT ( 'NONE', 'WORKASPACE' ) );
#1341 = ORIENTED_EDGE ( 'NONE', *, *, #409, .F. ) ;
#1342 = DIRECTION ( 'NONE',  ( 1.000000000000000000, 0.000000000000000000, 0.000000000000000000 ) ) ;
#1343 = EDGE_LOOP ( 'NONE', ( #363, #33, #553, #1437 ) ) ;
#1344 = VECTOR ( 'NONE', #638, 1000.000000000000114 ) ;
#1345 = CARTESIAN_POINT ( 'NONE',  ( 3.075000000000000178, 4.000000000000000000, 1.469576158976824144E-15 ) ) ;
#1346 = PRESENTATION_STYLE_ASSIGNMENT (( #432 ) ) ;
#1347 = ORIENTED_EDGE ( 'NONE', *, *, #965, .F. ) ;
#1348 = CYLINDRICAL_SURFACE ( 'NONE', #543, 0.1999999999999997613 ) ;
#1349 = SURFACE_STYLE_USAGE ( .BOTH. , #66 ) ;
#1350 = ADVANCED_FACE ( 'NONE', ( #963 ), #800, .T. ) ;
#1351 =( LENGTH_UNIT ( ) NAMED_UNIT ( * ) SI_UNIT ( .MILLI., .METRE. ) );
#1352 = MECHANICAL_DESIGN_GEOMETRIC_PRESENTATION_REPRESENTATION (  '', ( #468 ), #689 ) ;
#1353 = AXIS2_PLACEMENT_3D ( 'NONE', #393, #1784, #865 ) ;
#1354 = SURFACE_STYLE_USAGE ( .BOTH. , #720 ) ;
#1355 =( GEOMETRIC_REPRESENTATION_CONTEXT ( 3 ) GLOBAL_UNCERTAINTY_ASSIGNED_CONTEXT ( ( #944 ) ) GLOBAL_UNIT_ASSIGNED_CONTEXT ( ( #1237, #1400, #938 ) ) REPRESENTATION_CONTEXT ( 'NONE', 'WORKASPACE' ) );
#1356 = EDGE_CURVE ( 'NONE', #1293, #1359, #1177, .T. ) ;
#1357 = STYLED_ITEM ( 'NONE', ( #436 ), #780 ) ;
#1358 = CARTESIAN_POINT ( 'NONE',  ( 2.024999999999999911, -5.200000000000001066, -0.7500000000000000000 ) ) ;
#1359 = VERTEX_POINT ( 'NONE', #1827 ) ;
#1360 = CARTESIAN_POINT ( 'NONE',  ( -3.075000000000000178, -3.956837379108208541, -0.2462457881015459593 ) ) ;
#1361 = CARTESIAN_POINT ( 'NONE',  ( 3.075000000000000178, 4.339951207608708117, -0.4249390095108844245 ) ) ;
#1362 = EDGE_CURVE ( 'NONE', #1650, #808, #586, .T. ) ;
#1363 = VERTEX_POINT ( 'NONE', #867 ) ;
#1364 = CARTESIAN_POINT ( 'NONE',  ( 2.024999999999999911, 4.496124969497313550, -0.3000000000000000444 ) ) ;
#1365 = CARTESIAN_POINT ( 'NONE',  ( -2.024999999999999911, -4.340268666789511620, -0.6821018757706979185 ) ) ;
#1366 = CARTESIAN_POINT ( 'NONE',  ( 3.075000000000000178, -5.200000000000001066, -0.7500000000000000000 ) ) ;
#1367 = PLANE ( 'NONE',  #721 ) ;
#1368 = EDGE_LOOP ( 'NONE', ( #1512, #643, #697, #1151 ) ) ;
#1369 = CARTESIAN_POINT ( 'NONE',  ( -3.075000000000000178, -4.496124969497314439, -0.5000000000000000000 ) ) ;
#1370 = EDGE_CURVE ( 'NONE', #256, #1780, #1167, .T. ) ;
#1371 = STYLED_ITEM ( 'NONE', ( #1074 ), #1438 ) ;
#1372 = ORIENTED_EDGE ( 'NONE', *, *, #1594, .F. ) ;
#1373 = MECHANICAL_DESIGN_GEOMETRIC_PRESENTATION_REPRESENTATION (  '', ( #346 ), #1475 ) ;
#1374 =( NAMED_UNIT ( * ) PLANE_ANGLE_UNIT ( ) SI_UNIT ( $, .RADIAN. ) );
#1375 = SURFACE_STYLE_FILL_AREA ( #1250 ) ;
#1376 = CARTESIAN_POINT ( 'NONE',  ( -3.075000000000000178, -4.000000000000000000, 0.000000000000000000 ) ) ;
#1377 =( GEOMETRIC_REPRESENTATION_CONTEXT ( 3 ) GLOBAL_UNCERTAINTY_ASSIGNED_CONTEXT ( ( #1612 ) ) GLOBAL_UNIT_ASSIGNED_CONTEXT ( ( #173, #42, #667 ) ) REPRESENTATION_CONTEXT ( 'NONE', 'WORKASPACE' ) );
#1378 = SURFACE_SIDE_STYLE ('',( #265 ) ) ;
#1379 = AXIS2_PLACEMENT_3D ( 'NONE', #1190, #399, #895 ) ;
#1380 = AXIS2_PLACEMENT_3D ( 'NONE', #1403, #2035, #608 ) ;
#1381 = ORIENTED_EDGE ( 'NONE', *, *, #190, .F. ) ;
#1382 = ADVANCED_FACE ( 'NONE', ( #1044 ), #1498, .F. ) ;
#1383 = CARTESIAN_POINT ( 'NONE',  ( 2.024999999999999911, 3.956837379108208541, -0.2462457881015459593 ) ) ;
#1384 = AXIS2_PLACEMENT_3D ( 'NONE', #233, #1983, #414 ) ;
#1385 = LINE ( 'NONE', #439, #970 ) ;
#1386 =( GEOMETRIC_REPRESENTATION_CONTEXT ( 3 ) GLOBAL_UNCERTAINTY_ASSIGNED_CONTEXT ( ( #1283 ) ) GLOBAL_UNIT_ASSIGNED_CONTEXT ( ( #1, #1421, #492 ) ) REPRESENTATION_CONTEXT ( 'NONE', 'WORKASPACE' ) );
#1387 =( LENGTH_UNIT ( ) NAMED_UNIT ( * ) SI_UNIT ( .MILLI., .METRE. ) );
#1388 = DIRECTION ( 'NONE',  ( 0.000000000000000000, 0.000000000000000000, 1.000000000000000000 ) ) ;
#1389 = SURFACE_STYLE_FILL_AREA ( #751 ) ;
#1390 = PRESENTATION_LAYER_ASSIGNMENT (  '', '', ( #623 ) ) ;
#1391 = EDGE_CURVE ( 'NONE', #351, #178, #1942, .T. ) ;
#1392 = COLOUR_RGB ( '',0.1098039215686274495, 0.1098039215686274495, 0.1098039215686274495 ) ;
#1393 = SURFACE_SIDE_STYLE ('',( #1906 ) ) ;
#1394 = DIRECTION ( 'NONE',  ( 1.000000000000000000, 0.000000000000000000, 0.000000000000000000 ) ) ;
#1395 = ORIENTED_EDGE ( 'NONE', *, *, #1336, .F. ) ;
#1396 = VECTOR ( 'NONE', #1242, 1000.000000000000000 ) ;
#1397 = CARTESIAN_POINT ( 'NONE',  ( -3.075000000000000178, -4.339951207608708117, -0.4249390095108844245 ) ) ;
#1398 = EDGE_CURVE ( 'NONE', #1260, #1937, #1385, .T. ) ;
#1399 = FACE_OUTER_BOUND ( 'NONE', #1058, .T. ) ;
#1400 =( NAMED_UNIT ( * ) PLANE_ANGLE_UNIT ( ) SI_UNIT ( $, .RADIAN. ) );
#1401 = DIRECTION ( 'NONE',  ( 0.000000000000000000, 1.000000000000000000, 0.000000000000000000 ) ) ;
#1402 = FACE_OUTER_BOUND ( 'NONE', #269, .T. ) ;
#1403 = CARTESIAN_POINT ( 'NONE',  ( 2.024999999999999911, 4.490432225677355227, -0.5499999999999999334 ) ) ;
#1404 =( LENGTH_UNIT ( ) NAMED_UNIT ( * ) SI_UNIT ( .MILLI., .METRE. ) );
#1405 = CARTESIAN_POINT ( 'NONE',  ( 3.075000000000000178, 4.340268666789511620, -0.6821018757706979185 ) ) ;
#1406 = FILL_AREA_STYLE_COLOUR ( '', #1133 ) ;
#1407 = CARTESIAN_POINT ( 'NONE',  ( -3.075000000000000178, 4.490432225677355227, -0.7499999999999997780 ) ) ;
#1408 = VERTEX_POINT ( 'NONE', #761 ) ;
#1409 = STYLED_ITEM ( 'NONE', ( #1846 ), #1440 ) ;
#1410 = DIRECTION ( 'NONE',  ( 0.000000000000000000, 0.000000000000000000, 1.000000000000000000 ) ) ;
#1411 = DIRECTION ( 'NONE',  ( 0.000000000000000000, 0.000000000000000000, -1.000000000000000000 ) ) ;
#1412 = AXIS2_PLACEMENT_3D ( 'NONE', #746, #1258, #1428 ) ;
#1413 = ORIENTED_EDGE ( 'NONE', *, *, #550, .T. ) ;
#1414 = STYLED_ITEM ( 'NONE', ( #1219 ), #1077 ) ;
#1415 = CARTESIAN_POINT ( 'NONE',  ( -2.024999999999999911, 3.956837379108208541, -0.2462457881015459593 ) ) ;
#1416 = FACE_OUTER_BOUND ( 'NONE', #1368, .T. ) ;
#1417 = ORIENTED_EDGE ( 'NONE', *, *, #1652, .T. ) ;
#1418 = LINE ( 'NONE', #2031, #957 ) ;
#1419 = DIRECTION ( 'NONE',  ( -0.000000000000000000, -0.000000000000000000, 1.000000000000000000 ) ) ;
#1420 = DIRECTION ( 'NONE',  ( -1.000000000000000000, 0.000000000000000000, 0.000000000000000000 ) ) ;
#1421 =( NAMED_UNIT ( * ) PLANE_ANGLE_UNIT ( ) SI_UNIT ( $, .RADIAN. ) );
#1422 = CARTESIAN_POINT ( 'NONE',  ( 3.900000000000000355, -3.824856266313162223, 0.9100000000000000311 ) ) ;
#1423 = CIRCLE ( 'NONE', #37, 0.1999999999999997058 ) ;
#1424 = CYLINDRICAL_SURFACE ( 'NONE', #9, 0.1999999999999997058 ) ;
#1425 = COLOUR_RGB ( '',0.6666666666666666297, 0.6980392156862744724, 0.7686274509803920907 ) ;
#1426 = UNCERTAINTY_MEASURE_WITH_UNIT (LENGTH_MEASURE( 1.000000000000000082E-05 ), #1031, 'distance_accuracy_value', 'NONE');
#1427 = MECHANICAL_DESIGN_GEOMETRIC_PRESENTATION_REPRESENTATION (  '', ( #884 ), #955 ) ;
#1428 = DIRECTION ( 'NONE',  ( 0.000000000000000000, 0.000000000000000000, 1.000000000000000000 ) ) ;
#1429 = MECHANICAL_DESIGN_GEOMETRIC_PRESENTATION_REPRESENTATION (  '', ( #504 ), #561 ) ;
#1430 = AXIS2_PLACEMENT_3D ( 'NONE', #307, #325, #1109 ) ;
#1431 = STYLED_ITEM ( 'NONE', ( #622 ), #842 ) ;
#1432 = ORIENTED_EDGE ( 'NONE', *, *, #40, .F. ) ;
#1433 = CARTESIAN_POINT ( 'NONE',  ( -3.075000000000000178, 5.200000000000001066, -0.5000000000000000000 ) ) ;
#1434 = FILL_AREA_STYLE ('',( #750 ) ) ;
#1435 = LINE ( 'NONE', #966, #1294 ) ;
#1436 = LINE ( 'NONE', #1619, #1588 ) ;
#1437 = ORIENTED_EDGE ( 'NONE', *, *, #407, .T. ) ;
#1438 = ADVANCED_FACE ( 'NONE', ( #1399 ), #1052, .T. ) ;
#1439 = VERTEX_POINT ( 'NONE', #143 ) ;
#1440 = MANIFOLD_SOLID_BREP ( 'Mirror2', #1679 ) ;
#1441 = DIRECTION ( 'NONE',  ( 0.000000000000000000, -1.000000000000000000, -0.000000000000000000 ) ) ;
#1442 =( NAMED_UNIT ( * ) PLANE_ANGLE_UNIT ( ) SI_UNIT ( $, .RADIAN. ) );
#1443 =( NAMED_UNIT ( * ) PLANE_ANGLE_UNIT ( ) SI_UNIT ( $, .RADIAN. ) );
#1444 = CARTESIAN_POINT ( 'NONE',  ( 2.024999999999999911, 4.340268666789511620, -0.6821018757706979185 ) ) ;
#1445 = SHAPE_DEFINITION_REPRESENTATION ( #159, #1213 ) ;
#1446 = MECHANICAL_DESIGN_GEOMETRIC_PRESENTATION_REPRESENTATION (  '', ( #1183 ), #1340 ) ;
#1447 = CARTESIAN_POINT ( 'NONE',  ( 3.075000000000000178, 4.496124969497313550, -0.3000000000000000444 ) ) ;
#1448 = UNCERTAINTY_MEASURE_WITH_UNIT (LENGTH_MEASURE( 1.000000000000000082E-05 ), #1202, 'distance_accuracy_value', 'NONE');
#1449 = EDGE_CURVE ( 'NONE', #225, #1676, #582, .T. ) ;
#1450 = ORIENTED_EDGE ( 'NONE', *, *, #898, .T. ) ;
#1451 = EDGE_CURVE ( 'NONE', #967, #1765, #314, .T. ) ;
#1452 = VECTOR ( 'NONE', #869, 1000.000000000000000 ) ;
#1453 = ORIENTED_EDGE ( 'NONE', *, *, #78, .T. ) ;
#1454 =( NAMED_UNIT ( * ) SI_UNIT ( $, .STERADIAN. ) SOLID_ANGLE_UNIT ( ) );
#1455 = CARTESIAN_POINT ( 'NONE',  ( 2.024999999999999911, -5.200000000000001066, -0.5000000000000000000 ) ) ;
#1456 =( NAMED_UNIT ( * ) PLANE_ANGLE_UNIT ( ) SI_UNIT ( $, .RADIAN. ) );
#1457 = VERTEX_POINT ( 'NONE', #1360 ) ;
#1458 = PRESENTATION_LAYER_ASSIGNMENT (  '', '', ( #1121 ) ) ;
#1459 =( NAMED_UNIT ( * ) PLANE_ANGLE_UNIT ( ) SI_UNIT ( $, .RADIAN. ) );
#1460 = PRESENTATION_LAYER_ASSIGNMENT (  '', '', ( #1049 ) ) ;
#1461 = ADVANCED_FACE ( 'NONE', ( #702 ), #1664, .F. ) ;
#1462 = EDGE_CURVE ( 'NONE', #1845, #60, #1339, .T. ) ;
#1463 = SURFACE_SIDE_STYLE ('',( #825 ) ) ;
#1464 = COLOUR_RGB ( '',0.6666666666666666297, 0.6980392156862744724, 0.7686274509803920907 ) ;
#1465 = ORIENTED_EDGE ( 'NONE', *, *, #1731, .T. ) ;
#1466 =( NAMED_UNIT ( * ) SI_UNIT ( $, .STERADIAN. ) SOLID_ANGLE_UNIT ( ) );
#1467 = EDGE_CURVE ( 'NONE', #1817, #1222, #1636, .T. ) ;
#1468 = LINE ( 'NONE', #1444, #133 ) ;
#1469 =( NAMED_UNIT ( * ) PLANE_ANGLE_UNIT ( ) SI_UNIT ( $, .RADIAN. ) );
#1470 = ORIENTED_EDGE ( 'NONE', *, *, #1661, .T. ) ;
#1471 = SURFACE_STYLE_USAGE ( .BOTH. , #987 ) ;
#1472 = FACE_OUTER_BOUND ( 'NONE', #1343, .T. ) ;
#1473 = CARTESIAN_POINT ( 'NONE',  ( -3.075000000000000178, 4.496124969497314439, -0.5000000000000000000 ) ) ;
#1474 = ORIENTED_EDGE ( 'NONE', *, *, #1253, .F. ) ;
#1475 =( GEOMETRIC_REPRESENTATION_CONTEXT ( 3 ) GLOBAL_UNCERTAINTY_ASSIGNED_CONTEXT ( ( #36 ) ) GLOBAL_UNIT_ASSIGNED_CONTEXT ( ( #1776, #1175, #227 ) ) REPRESENTATION_CONTEXT ( 'NONE', 'WORKASPACE' ) );
#1476 = PRODUCT_DEFINITION_FORMATION_WITH_SPECIFIED_SOURCE ( 'ANY', '', #266, .NOT_KNOWN. ) ;
#1477 = VERTEX_POINT ( 'NONE', #1369 ) ;
#1478 = DIRECTION ( 'NONE',  ( 0.000000000000000000, 0.000000000000000000, -1.000000000000000000 ) ) ;
#1479 = SURFACE_STYLE_FILL_AREA ( #527 ) ;
#1480 = ORIENTED_EDGE ( 'NONE', *, *, #1296, .F. ) ;
#1481 = CARTESIAN_POINT ( 'NONE',  ( -3.075000000000000178, 4.339951207608708117, -0.4249390095108844245 ) ) ;
#1482 = DIRECTION ( 'NONE',  ( -1.000000000000000000, 0.000000000000000000, 0.000000000000000000 ) ) ;
#1483 = DIRECTION ( 'NONE',  ( -1.000000000000000000, -0.000000000000000000, -0.000000000000000000 ) ) ;
#1484 = PRESENTATION_LAYER_ASSIGNMENT (  '', '', ( #756 ) ) ;
#1485 = FILL_AREA_STYLE_COLOUR ( '', #610 ) ;
#1486 = DIRECTION ( 'NONE',  ( 1.000000000000000000, 0.000000000000000000, 0.000000000000000000 ) ) ;
#1487 = PRESENTATION_LAYER_ASSIGNMENT (  '', '', ( #328 ) ) ;
#1488 = AXIS2_PLACEMENT_3D ( 'NONE', #684, #500, #1478 ) ;
#1489 = CARTESIAN_POINT ( 'NONE',  ( -2.024999999999999911, -4.496124969497314439, -0.5000000000000000000 ) ) ;
#1490 = EDGE_LOOP ( 'NONE', ( #1898, #1025, #1565, #956, #1413, #1576, #1941, #202 ) ) ;
#1491 = AXIS2_PLACEMENT_3D ( 'NONE', #1981, #565, #1206 ) ;
#1492 = EDGE_CURVE ( 'NONE', #2029, #1790, #1966, .T. ) ;
#1493 = DIRECTION ( 'NONE',  ( 1.000000000000000000, -0.000000000000000000, -0.000000000000000000 ) ) ;
#1494 = SURFACE_STYLE_FILL_AREA ( #74 ) ;
#1495 = VERTEX_POINT ( 'NONE', #1204 ) ;
#1496 = DIRECTION ( 'NONE',  ( -1.000000000000000000, -0.000000000000000000, -0.000000000000000000 ) ) ;
#1497 = ORIENTED_EDGE ( 'NONE', *, *, #741, .F. ) ;
#1498 = PLANE ( 'NONE',  #1007 ) ;
#1499 = DIRECTION ( 'NONE',  ( -1.000000000000000000, 0.000000000000000000, 0.000000000000000000 ) ) ;
#1500 = UNCERTAINTY_MEASURE_WITH_UNIT (LENGTH_MEASURE( 1.000000000000000082E-05 ), #769, 'distance_accuracy_value', 'NONE');
#1501 = CARTESIAN_POINT ( 'NONE',  ( 2.024999999999999911, 4.490432225677355227, -0.5499999999999999334 ) ) ;
#1502 = ORIENTED_EDGE ( 'NONE', *, *, #1720, .F. ) ;
#1503 = ADVANCED_FACE ( 'NONE', ( #1799 ), #76, .F. ) ;
#1504 = PRESENTATION_LAYER_ASSIGNMENT (  '', '', ( #346 ) ) ;
#1505 = AXIS2_PLACEMENT_3D ( 'NONE', #505, #1482, #1314 ) ;
#1506 = CARTESIAN_POINT ( 'NONE',  ( 3.075000000000000178, -4.490432225677355227, -0.7499999999999997780 ) ) ;
#1507 = VECTOR ( 'NONE', #1064, 1000.000000000000000 ) ;
#1508 = VECTOR ( 'NONE', #39, 1000.000000000000000 ) ;
#1509 = LINE ( 'NONE', #242, #1452 ) ;
#1510 = ADVANCED_FACE ( 'NONE', ( #248 ), #1348, .F. ) ;
#1511 = FILL_AREA_STYLE ('',( #83 ) ) ;
#1512 = ORIENTED_EDGE ( 'NONE', *, *, #1391, .T. ) ;
#1513 =( NAMED_UNIT ( * ) SI_UNIT ( $, .STERADIAN. ) SOLID_ANGLE_UNIT ( ) );
#1514 = MECHANICAL_DESIGN_GEOMETRIC_PRESENTATION_REPRESENTATION (  '', ( #1121 ), #844 ) ;
#1515 =( NAMED_UNIT ( * ) PLANE_ANGLE_UNIT ( ) SI_UNIT ( $, .RADIAN. ) );
#1516 = CIRCLE ( 'NONE', #883, 0.1999999999999998723 ) ;
#1517 =( LENGTH_UNIT ( ) NAMED_UNIT ( * ) SI_UNIT ( .MILLI., .METRE. ) );
#1518 = ORIENTED_EDGE ( 'NONE', *, *, #1087, .T. ) ;
#1519 = DIRECTION ( 'NONE',  ( 1.000000000000000000, -0.000000000000000000, -0.000000000000000000 ) ) ;
#1520 =( GEOMETRIC_REPRESENTATION_CONTEXT ( 3 ) GLOBAL_UNCERTAINTY_ASSIGNED_CONTEXT ( ( #812 ) ) GLOBAL_UNIT_ASSIGNED_CONTEXT ( ( #1010, #1156, #88 ) ) REPRESENTATION_CONTEXT ( 'NONE', 'WORKASPACE' ) );
#1521 = FILL_AREA_STYLE_COLOUR ( '', #96 ) ;
#1522 = LINE ( 'NONE', #1365, #1013 ) ;
#1523 = MECHANICAL_DESIGN_GEOMETRIC_PRESENTATION_REPRESENTATION (  '', ( #333 ), #1782 ) ;
#1524 = COLOUR_RGB ( '',0.6666666666666666297, 0.6980392156862744724, 0.7686274509803920907 ) ;
#1525 = COLOUR_RGB ( '',0.1098039215686274495, 0.1098039215686274495, 0.1098039215686274495 ) ;
#1526 = EDGE_CURVE ( 'NONE', #77, #1265, #1900, .T. ) ;
#1527 = CARTESIAN_POINT ( 'NONE',  ( -3.075000000000000178, -4.490432225677356115, -0.7500000000000000000 ) ) ;
#1528 = ORIENTED_EDGE ( 'NONE', *, *, #341, .F. ) ;
#1529 = FILL_AREA_STYLE ('',( #238 ) ) ;
#1530 = CARTESIAN_POINT ( 'NONE',  ( -3.075000000000000178, -4.340268666789511620, -0.6821018757706979185 ) ) ;
#1531 = CYLINDRICAL_SURFACE ( 'NONE', #1947, 0.1999999999999997058 ) ;
#1532 = SURFACE_STYLE_USAGE ( .BOTH. , #1991 ) ;
#1533 = ORIENTED_EDGE ( 'NONE', *, *, #703, .T. ) ;
#1534 = DIRECTION ( 'NONE',  ( -1.000000000000000000, -0.000000000000000000, 0.000000000000000000 ) ) ;
#1535 = EDGE_CURVE ( 'NONE', #25, #673, #193, .T. ) ;
#1536 =( NAMED_UNIT ( * ) SI_UNIT ( $, .STERADIAN. ) SOLID_ANGLE_UNIT ( ) );
#1537 = DIRECTION ( 'NONE',  ( -0.000000000000000000, -1.000000000000000000, -0.000000000000000000 ) ) ;
#1538 =( NAMED_UNIT ( * ) SI_UNIT ( $, .STERADIAN. ) SOLID_ANGLE_UNIT ( ) );
#1539 = CARTESIAN_POINT ( 'NONE',  ( 3.075000000000000178, 4.339951207608708117, -0.4249390095108842025 ) ) ;
#1540 = VECTOR ( 'NONE', #1330, 1000.000000000000000 ) ;
#1541 =( NAMED_UNIT ( * ) PLANE_ANGLE_UNIT ( ) SI_UNIT ( $, .RADIAN. ) );
#1542 = VERTEX_POINT ( 'NONE', #845 ) ;
#1543 = VECTOR ( 'NONE', #862, 1000.000000000000000 ) ;
#1544 = CARTESIAN_POINT ( 'NONE',  ( -3.900000000000000355, 3.824856266313162223, 0.9100000000000000311 ) ) ;
#1545 = MECHANICAL_DESIGN_GEOMETRIC_PRESENTATION_REPRESENTATION (  '', ( #1800 ), #1667 ) ;
#1546 = CARTESIAN_POINT ( 'NONE',  ( -2.024999999999999911, 4.490432225677355227, -0.5499999999999999334 ) ) ;
#1547 =( GEOMETRIC_REPRESENTATION_CONTEXT ( 3 ) GLOBAL_UNCERTAINTY_ASSIGNED_CONTEXT ( ( #161 ) ) GLOBAL_UNIT_ASSIGNED_CONTEXT ( ( #860, #1337, #1962 ) ) REPRESENTATION_CONTEXT ( 'NONE', 'WORKASPACE' ) );
#1548 = SURFACE_STYLE_USAGE ( .BOTH. , #1851 ) ;
#1549 = EDGE_LOOP ( 'NONE', ( #149, #736, #112, #1923 ) ) ;
#1550 = SURFACE_STYLE_USAGE ( .BOTH. , #467 ) ;
#1551 = CARTESIAN_POINT ( 'NONE',  ( 3.900000000000000355, -4.000000000000000000, 0.000000000000000000 ) ) ;
#1552 = ORIENTED_EDGE ( 'NONE', *, *, #1720, .T. ) ;
#1553 = CARTESIAN_POINT ( 'NONE',  ( -3.075000000000000178, 4.340268666789511620, -0.6821018757706979185 ) ) ;
#1554 =( GEOMETRIC_REPRESENTATION_CONTEXT ( 3 ) GLOBAL_UNCERTAINTY_ASSIGNED_CONTEXT ( ( #476 ) ) GLOBAL_UNIT_ASSIGNED_CONTEXT ( ( #52, #206, #243 ) ) REPRESENTATION_CONTEXT ( 'NONE', 'WORKASPACE' ) );
#1555 = CARTESIAN_POINT ( 'NONE',  ( 3.900000000000000355, -4.000000000000000000, 0.000000000000000000 ) ) ;
#1556 = ADVANCED_FACE ( 'NONE', ( #834 ), #1143, .F. ) ;
#1557 = STYLED_ITEM ( 'NONE', ( #1197 ), #415 ) ;
#1558 = VECTOR ( 'NONE', #773, 1000.000000000000000 ) ;
#1559 = DIRECTION ( 'NONE',  ( 0.000000000000000000, 0.000000000000000000, -1.000000000000000000 ) ) ;
#1560 = ORIENTED_EDGE ( 'NONE', *, *, #1806, .T. ) ;
#1561 = PRESENTATION_LAYER_ASSIGNMENT (  '', '', ( #435 ) ) ;
#1562 = SURFACE_STYLE_FILL_AREA ( #1040 ) ;
#1563 = FACE_OUTER_BOUND ( 'NONE', #1184, .T. ) ;
#1564 = CARTESIAN_POINT ( 'NONE',  ( 3.900000000000000355, 4.000000000000000000, 1.469576158976824144E-15 ) ) ;
#1565 = ORIENTED_EDGE ( 'NONE', *, *, #40, .T. ) ;
#1566 = ORIENTED_EDGE ( 'NONE', *, *, #1012, .T. ) ;
#1567 = DIRECTION ( 'NONE',  ( -1.000000000000000000, -0.000000000000000000, -0.000000000000000000 ) ) ;
#1568 = LINE ( 'NONE', #146, #130 ) ;
#1569 = LINE ( 'NONE', #739, #95 ) ;
#1570 = PRESENTATION_STYLE_ASSIGNMENT (( #1094 ) ) ;
#1571 = DIRECTION ( 'NONE',  ( 1.000000000000000000, -0.000000000000000000, -0.000000000000000000 ) ) ;
#1572 = ORIENTED_EDGE ( 'NONE', *, *, #1451, .T. ) ;
#1573 = UNCERTAINTY_MEASURE_WITH_UNIT (LENGTH_MEASURE( 1.000000000000000082E-05 ), #1517, 'distance_accuracy_value', 'NONE');
#1574 = DIRECTION ( 'NONE',  ( -1.000000000000000000, -0.000000000000000000, -0.000000000000000000 ) ) ;
#1575 = SURFACE_SIDE_STYLE ('',( #1101 ) ) ;
#1576 = ORIENTED_EDGE ( 'NONE', *, *, #937, .T. ) ;
#1577 = COLOUR_RGB ( '',0.6666666666666666297, 0.6980392156862744724, 0.7686274509803920907 ) ;
#1578 = FACE_OUTER_BOUND ( 'NONE', #277, .T. ) ;
#1579 = DIRECTION ( 'NONE',  ( 0.000000000000000000, 0.000000000000000000, -1.000000000000000000 ) ) ;
#1580 = FILL_AREA_STYLE ('',( #311 ) ) ;
#1581 = PLANE ( 'NONE',  #2018 ) ;
#1582 = STYLED_ITEM ( 'NONE', ( #1099 ), #1724 ) ;
#1583 = COLOUR_RGB ( '',0.1098039215686274495, 0.1098039215686274495, 0.1098039215686274495 ) ;
#1584 = CARTESIAN_POINT ( 'NONE',  ( 2.024999999999999911, 4.000000000000000000, 1.469576158976824144E-15 ) ) ;
#1585 = VECTOR ( 'NONE', #560, 1000.000000000000000 ) ;
#1586 = FILL_AREA_STYLE ('',( #1406 ) ) ;
#1587 = EDGE_LOOP ( 'NONE', ( #1086, #2040, #636, #661, #471, #534, #425, #1209 ) ) ;
#1588 = VECTOR ( 'NONE', #53, 1000.000000000000000 ) ;
#1589 =( GEOMETRIC_REPRESENTATION_CONTEXT ( 3 ) GLOBAL_UNCERTAINTY_ASSIGNED_CONTEXT ( ( #344 ) ) GLOBAL_UNIT_ASSIGNED_CONTEXT ( ( #355, #1932, #688 ) ) REPRESENTATION_CONTEXT ( 'NONE', 'WORKASPACE' ) );
#1590 = LINE ( 'NONE', #169, #1199 ) ;
#1591 = MECHANICAL_DESIGN_GEOMETRIC_PRESENTATION_REPRESENTATION (  '', ( #685 ), #821 ) ;
#1592 = AXIS2_PLACEMENT_3D ( 'NONE', #1546, #1686, #766 ) ;
#1593 = UNCERTAINTY_MEASURE_WITH_UNIT (LENGTH_MEASURE( 1.000000000000000082E-05 ), #249, 'distance_accuracy_value', 'NONE');
#1594 = EDGE_CURVE ( 'NONE', #645, #967, #1665, .T. ) ;
#1595 = LINE ( 'NONE', #345, #523 ) ;
#1596 =( LENGTH_UNIT ( ) NAMED_UNIT ( * ) SI_UNIT ( .MILLI., .METRE. ) );
#1597 = MECHANICAL_DESIGN_GEOMETRIC_PRESENTATION_REPRESENTATION (  '', ( #401 ), #67 ) ;
#1598 = VERTEX_POINT ( 'NONE', #1361 ) ;
#1599 = SURFACE_STYLE_USAGE ( .BOTH. , #1949 ) ;
#1600 = DIRECTION ( 'NONE',  ( 0.000000000000000000, -0.1889969624826598193, 0.9819776719316626323 ) ) ;
#1601 = EDGE_CURVE ( 'NONE', #1359, #127, #854, .T. ) ;
#1602 = SURFACE_SIDE_STYLE ('',( #979 ) ) ;
#1603 = DIRECTION ( 'NONE',  ( -1.000000000000000000, 0.000000000000000000, -0.000000000000000000 ) ) ;
#1604 = ORIENTED_EDGE ( 'NONE', *, *, #550, .F. ) ;
#1605 = SURFACE_SIDE_STYLE ('',( #637 ) ) ;
#1606 = SURFACE_SIDE_STYLE ('',( #1142 ) ) ;
#1607 = DIRECTION ( 'NONE',  ( 1.000000000000000000, 0.000000000000000000, -0.000000000000000000 ) ) ;
#1608 = ORIENTED_EDGE ( 'NONE', *, *, #48, .F. ) ;
#1609 = ADVANCED_FACE ( 'NONE', ( #1990 ), #259, .T. ) ;
#1610 = COLOUR_RGB ( '',0.6666666666666666297, 0.6980392156862744724, 0.7686274509803920907 ) ;
#1611 = CARTESIAN_POINT ( 'NONE',  ( 3.075000000000000178, -5.200000000000001066, -0.7500000000000000000 ) ) ;
#1612 = UNCERTAINTY_MEASURE_WITH_UNIT (LENGTH_MEASURE( 1.000000000000000082E-05 ), #173, 'distance_accuracy_value', 'NONE');
#1613 = COLOUR_RGB ( '',0.6666666666666666297, 0.6980392156862744724, 0.7686274509803920907 ) ;
#1614 = AXIS2_PLACEMENT_3D ( 'NONE', #289, #1115, #1230 ) ;
#1615 = EDGE_CURVE ( 'NONE', #971, #1790, #1823, .T. ) ;
#1616 = VERTEX_POINT ( 'NONE', #1383 ) ;
#1617 = LINE ( 'NONE', #1730, #35 ) ;
#1618 = ORIENTED_EDGE ( 'NONE', *, *, #712, .T. ) ;
#1619 = CARTESIAN_POINT ( 'NONE',  ( 3.075000000000000178, -4.490432225677356115, -0.7500000000000000000 ) ) ;
#1620 = LINE ( 'NONE', #824, #975 ) ;
#1621 = ORIENTED_EDGE ( 'NONE', *, *, #1129, .F. ) ;
#1622 = VECTOR ( 'NONE', #1165, 1000.000000000000000 ) ;
#1623 = ORIENTED_EDGE ( 'NONE', *, *, #1467, .F. ) ;
#1624 =( GEOMETRIC_REPRESENTATION_CONTEXT ( 3 ) GLOBAL_UNCERTAINTY_ASSIGNED_CONTEXT ( ( #1809 ) ) GLOBAL_UNIT_ASSIGNED_CONTEXT ( ( #1033, #97, #1009 ) ) REPRESENTATION_CONTEXT ( 'NONE', 'WORKASPACE' ) );
#1625 = DIRECTION ( 'NONE',  ( 0.000000000000000000, 0.000000000000000000, 1.000000000000000000 ) ) ;
#1626 = LINE ( 'NONE', #1473, #470 ) ;
#1627 = ORIENTED_EDGE ( 'NONE', *, *, #799, .F. ) ;
#1628 = FILL_AREA_STYLE ('',( #995 ) ) ;
#1629 = CARTESIAN_POINT ( 'NONE',  ( -3.075000000000000178, -4.490432225677355227, -0.5499999999999999334 ) ) ;
#1630 = UNCERTAINTY_MEASURE_WITH_UNIT (LENGTH_MEASURE( 1.000000000000000082E-05 ), #1783, 'distance_accuracy_value', 'NONE');
#1631 = FILL_AREA_STYLE_COLOUR ( '', #250 ) ;
#1632 = EDGE_LOOP ( 'NONE', ( #340, #891, #75, #1136 ) ) ;
#1633 = SURFACE_STYLE_USAGE ( .BOTH. , #817 ) ;
#1634 = ORIENTED_EDGE ( 'NONE', *, *, #1449, .F. ) ;
#1635 = VECTOR ( 'NONE', #379, 1000.000000000000000 ) ;
#1636 = LINE ( 'NONE', #391, #1540 ) ;
#1637 = VECTOR ( 'NONE', #1625, 1000.000000000000000 ) ;
#1638 = EDGE_CURVE ( 'NONE', #1203, #1873, #589, .T. ) ;
#1639 = AXIS2_PLACEMENT_3D ( 'NONE', #1501, #1394, #1559 ) ;
#1640 = PLANE ( 'NONE',  #1353 ) ;
#1641 = VERTEX_POINT ( 'NONE', #151 ) ;
#1642 = SURFACE_STYLE_USAGE ( .BOTH. , #1016 ) ;
#1643 = UNCERTAINTY_MEASURE_WITH_UNIT (LENGTH_MEASURE( 1.000000000000000082E-05 ), #1829, 'distance_accuracy_value', 'NONE');
#1644 = AXIS2_PLACEMENT_3D ( 'NONE', #207, #1750, #196 ) ;
#1645 = LINE ( 'NONE', #1831, #1257 ) ;
#1646 = ORIENTED_EDGE ( 'NONE', *, *, #1462, .F. ) ;
#1647 = MECHANICAL_DESIGN_GEOMETRIC_PRESENTATION_REPRESENTATION (  '', ( #756 ), #1554 ) ;
#1648 = CARTESIAN_POINT ( 'NONE',  ( 0.000000000000000000, 0.000000000000000000, 0.000000000000000000 ) ) ;
#1649 = DIRECTION ( 'NONE',  ( 0.000000000000000000, -0.1726504835671653360, -0.9849831524061839483 ) ) ;
#1650 = VERTEX_POINT ( 'NONE', #1405 ) ;
#1651 =( GEOMETRIC_REPRESENTATION_CONTEXT ( 3 ) GLOBAL_UNCERTAINTY_ASSIGNED_CONTEXT ( ( #388 ) ) GLOBAL_UNIT_ASSIGNED_CONTEXT ( ( #485, #1515, #18 ) ) REPRESENTATION_CONTEXT ( 'NONE', 'WORKASPACE' ) );
#1652 = EDGE_CURVE ( 'NONE', #1777, #1616, #600, .T. ) ;
#1653 = CARTESIAN_POINT ( 'NONE',  ( -2.024999999999999911, 4.490432225677356115, -0.7500000000000000000 ) ) ;
#1654 = ORIENTED_EDGE ( 'NONE', *, *, #267, .T. ) ;
#1655 = CARTESIAN_POINT ( 'NONE',  ( 3.900000000000000355, 4.000000000000000000, 1.469576158976824144E-15 ) ) ;
#1656 = PRESENTATION_STYLE_ASSIGNMENT (( #1349 ) ) ;
#1657 = DIRECTION ( 'NONE',  ( 1.000000000000000000, -0.000000000000000000, -0.000000000000000000 ) ) ;
#1658 =( NAMED_UNIT ( * ) SI_UNIT ( $, .STERADIAN. ) SOLID_ANGLE_UNIT ( ) );
#1659 = ORIENTED_EDGE ( 'NONE', *, *, #1955, .T. ) ;
#1660 = DIRECTION ( 'NONE',  ( -0.000000000000000000, 0.9849831524061838373, 0.1726504835671665850 ) ) ;
#1661 = EDGE_CURVE ( 'NONE', #1457, #1140, #757, .T. ) ;
#1662 = LINE ( 'NONE', #1207, #1870 ) ;
#1663 = PRESENTATION_LAYER_ASSIGNMENT (  '', '', ( #1371 ) ) ;
#1664 = PLANE ( 'NONE',  #516 ) ;
#1665 = LINE ( 'NONE', #1032, #1149 ) ;
#1666 = EDGE_CURVE ( 'NONE', #1598, #1817, #2038, .T. ) ;
#1667 =( GEOMETRIC_REPRESENTATION_CONTEXT ( 3 ) GLOBAL_UNCERTAINTY_ASSIGNED_CONTEXT ( ( #514 ) ) GLOBAL_UNIT_ASSIGNED_CONTEXT ( ( #901, #1076, #1279 ) ) REPRESENTATION_CONTEXT ( 'NONE', 'WORKASPACE' ) );
#1668 = LINE ( 'NONE', #1957, #1268 ) ;
#1669 = PRESENTATION_STYLE_ASSIGNMENT (( #1532 ) ) ;
#1670 = VERTEX_POINT ( 'NONE', #781 ) ;
#1671 = FILL_AREA_STYLE_COLOUR ( '', #1128 ) ;
#1672 = DIRECTION ( 'NONE',  ( -0.000000000000000000, -0.1726504835671653360, -0.9849831524061839483 ) ) ;
#1673 = DIRECTION ( 'NONE',  ( 0.000000000000000000, 0.6246950475544247317, 0.7808688094430299431 ) ) ;
#1674 = LINE ( 'NONE', #730, #1884 ) ;
#1675 =( LENGTH_UNIT ( ) NAMED_UNIT ( * ) SI_UNIT ( .MILLI., .METRE. ) );
#1676 = VERTEX_POINT ( 'NONE', #1415 ) ;
#1677 = DIRECTION ( 'NONE',  ( 0.000000000000000000, 0.000000000000000000, -1.000000000000000000 ) ) ;
#1678 = DIRECTION ( 'NONE',  ( 0.000000000000000000, 0.000000000000000000, 1.000000000000000000 ) ) ;
#1679 = CLOSED_SHELL ( 'NONE', ( #851, #508, #1382, #958, #635, #770, #515, #2012, #72, #1461, #1282, #1173, #1503, #283, #188, #557, #1098, #1758, #701, #28, #1438, #1077, #1510, #56, #1948, #116, #842, #1802, #1724, #434, #1556, #780, #291, #1738, #234, #128, #1609, #1917, #1350, #695, #719, #2027, #415, #641 ) ) ;
#1680 = PRESENTATION_LAYER_ASSIGNMENT (  '', '', ( #1264 ) ) ;
#1681 = DIRECTION ( 'NONE',  ( 0.000000000000000000, 0.9819776719316627434, -0.1889969624826595418 ) ) ;
#1682 = ORIENTED_EDGE ( 'NONE', *, *, #1638, .T. ) ;
#1683 =( NAMED_UNIT ( * ) SI_UNIT ( $, .STERADIAN. ) SOLID_ANGLE_UNIT ( ) );
#1684 = PRESENTATION_LAYER_ASSIGNMENT (  '', '', ( #794 ) ) ;
#1685 = CARTESIAN_POINT ( 'NONE',  ( -2.024999999999999911, -3.956837379108208541, -0.2462457881015459593 ) ) ;
#1686 = DIRECTION ( 'NONE',  ( 1.000000000000000000, -0.000000000000000000, -0.000000000000000000 ) ) ;
#1687 = VECTOR ( 'NONE', #1441, 1000.000000000000000 ) ;
#1688 = MECHANICAL_DESIGN_GEOMETRIC_PRESENTATION_REPRESENTATION (  '', ( #1431 ), #1651 ) ;
#1689 = CARTESIAN_POINT ( 'NONE',  ( 3.075000000000000178, -5.200000000000001066, -0.5000000000000000000 ) ) ;
#1690 = SURFACE_STYLE_FILL_AREA ( #1586 ) ;
#1691 = EDGE_CURVE ( 'NONE', #1363, #1439, #945, .T. ) ;
#1692 = ORIENTED_EDGE ( 'NONE', *, *, #1691, .T. ) ;
#1693 = FILL_AREA_STYLE_COLOUR ( '', #547 ) ;
#1694 = FACE_OUTER_BOUND ( 'NONE', #768, .T. ) ;
#1695 = DIRECTION ( 'NONE',  ( -1.000000000000000000, -0.000000000000000000, -0.000000000000000000 ) ) ;
#1696 = LINE ( 'NONE', #2025, #1155 ) ;
#1697 = ORIENTED_EDGE ( 'NONE', *, *, #1795, .T. ) ;
#1698 = CARTESIAN_POINT ( 'NONE',  ( 3.900000000000000355, 4.000000000000000000, 1.469576158976824144E-15 ) ) ;
#1699 = LINE ( 'NONE', #478, #297 ) ;
#1700 = AXIS2_PLACEMENT_3D ( 'NONE', #785, #1420, #167 ) ;
#1701 = EDGE_CURVE ( 'NONE', #1477, #486, #1733, .T. ) ;
#1702 = ORIENTED_EDGE ( 'NONE', *, *, #23, .F. ) ;
#1703 =( NAMED_UNIT ( * ) SI_UNIT ( $, .STERADIAN. ) SOLID_ANGLE_UNIT ( ) );
#1704 = STYLED_ITEM ( 'NONE', ( #1767 ), #1738 ) ;
#1705 = LINE ( 'NONE', #1103, #1558 ) ;
#1706 = PLANE ( 'NONE',  #85 ) ;
#1707 = FACE_OUTER_BOUND ( 'NONE', #442, .T. ) ;
#1708 = CARTESIAN_POINT ( 'NONE',  ( 2.024999999999999911, 4.496124969497314439, -0.5000000000000000000 ) ) ;
#1709 = SURFACE_STYLE_USAGE ( .BOTH. , #917 ) ;
#1710 = COLOUR_RGB ( '',0.6666666666666666297, 0.6980392156862744724, 0.7686274509803920907 ) ;
#1711 = DIRECTION ( 'NONE',  ( 0.000000000000000000, -1.000000000000000000, -0.000000000000000000 ) ) ;
#1712 = ORIENTED_EDGE ( 'NONE', *, *, #1012, .F. ) ;
#1713 = EDGE_LOOP ( 'NONE', ( #1157, #715, #997, #1890 ) ) ;
#1714 = ORIENTED_EDGE ( 'NONE', *, *, #1615, .T. ) ;
#1715 = FILL_AREA_STYLE_COLOUR ( '', #384 ) ;
#1716 = CARTESIAN_POINT ( 'NONE',  ( 3.075000000000000178, 4.490432225677355227, -0.5499999999999999334 ) ) ;
#1717 = CARTESIAN_POINT ( 'NONE',  ( 3.075000000000000178, 5.200000000000001066, -0.5000000000000000000 ) ) ;
#1718 = CARTESIAN_POINT ( 'NONE',  ( -2.024999999999999911, -4.340268666789511620, -0.6821018757706979185 ) ) ;
#1719 = DIRECTION ( 'NONE',  ( 0.000000000000000000, 0.000000000000000000, 1.000000000000000000 ) ) ;
#1720 = EDGE_CURVE ( 'NONE', #1457, #1495, #1233, .T. ) ;
#1721 =( GEOMETRIC_REPRESENTATION_CONTEXT ( 3 ) GLOBAL_UNCERTAINTY_ASSIGNED_CONTEXT ( ( #1266 ) ) GLOBAL_UNIT_ASSIGNED_CONTEXT ( ( #1299, #973, #1022 ) ) REPRESENTATION_CONTEXT ( 'NONE', 'WORKASPACE' ) );
#1722 = EDGE_LOOP ( 'NONE', ( #1309, #1018, #93, #1793, #603, #1916 ) ) ;
#1723 = FILL_AREA_STYLE_COLOUR ( '', #1768 ) ;
#1724 = ADVANCED_FACE ( 'NONE', ( #897 ), #1117, .F. ) ;
#1725 = CARTESIAN_POINT ( 'NONE',  ( -3.075000000000000178, 4.340268666789511620, -0.6821018757706979185 ) ) ;
#1726 = SURFACE_STYLE_USAGE ( .BOTH. , #1102 ) ;
#1727 = ORIENTED_EDGE ( 'NONE', *, *, #537, .F. ) ;
#1728 = PLANE ( 'NONE',  #662 ) ;
#1729 = DIRECTION ( 'NONE',  ( 1.000000000000000000, -0.000000000000000000, -0.000000000000000000 ) ) ;
#1730 = CARTESIAN_POINT ( 'NONE',  ( 3.075000000000000178, -4.496124969497314439, -0.5000000000000000000 ) ) ;
#1731 = EDGE_CURVE ( 'NONE', #1051, #814, #129, .T. ) ;
#1732 =( NAMED_UNIT ( * ) PLANE_ANGLE_UNIT ( ) SI_UNIT ( $, .RADIAN. ) );
#1733 = LINE ( 'NONE', #946, #487 ) ;
#1734 = FILL_AREA_STYLE_COLOUR ( '', #1524 ) ;
#1735 =( NAMED_UNIT ( * ) SI_UNIT ( $, .STERADIAN. ) SOLID_ANGLE_UNIT ( ) );
#1736 = LINE ( 'NONE', #927, #972 ) ;
#1737 = FILL_AREA_STYLE ('',( #1112 ) ) ;
#1738 = ADVANCED_FACE ( 'NONE', ( #1563 ), #513, .T. ) ;
#1739 = VECTOR ( 'NONE', #893, 1000.000000000000114 ) ;
#1740 = LINE ( 'NONE', #111, #745 ) ;
#1741 = VECTOR ( 'NONE', #1216, 1000.000000000000000 ) ;
#1742 = CIRCLE ( 'NONE', #1614, 0.1999999999999997058 ) ;
#1743 = DIRECTION ( 'NONE',  ( 0.000000000000000000, -0.6246950475544247317, 0.7808688094430299431 ) ) ;
#1744 = CIRCLE ( 'NONE', #1380, 0.1999999999999998723 ) ;
#1745 = ORIENTED_EDGE ( 'NONE', *, *, #616, .F. ) ;
#1746 = EDGE_CURVE ( 'NONE', #989, #1457, #353, .T. ) ;
#1747 = FILL_AREA_STYLE_COLOUR ( '', #1201 ) ;
#1748 = LINE ( 'NONE', #50, #27 ) ;
#1749 = SURFACE_SIDE_STYLE ('',( #1126 ) ) ;
#1750 = DIRECTION ( 'NONE',  ( -1.000000000000000000, -0.000000000000000000, -0.000000000000000000 ) ) ;
#1751 = MECHANICAL_DESIGN_GEOMETRIC_PRESENTATION_REPRESENTATION (  '', ( #798 ), #491 ) ;
#1752 = EDGE_CURVE ( 'NONE', #1439, #479, #1794, .T. ) ;
#1753 = ORIENTED_EDGE ( 'NONE', *, *, #1652, .F. ) ;
#1754 = DIRECTION ( 'NONE',  ( 1.000000000000000000, 0.000000000000000000, 0.000000000000000000 ) ) ;
#1755 = DIRECTION ( 'NONE',  ( 0.000000000000000000, 0.6246950475544247317, 0.7808688094430299431 ) ) ;
#1756 = ORIENTED_EDGE ( 'NONE', *, *, #392, .T. ) ;
#1757 =( NAMED_UNIT ( * ) PLANE_ANGLE_UNIT ( ) SI_UNIT ( $, .RADIAN. ) );
#1758 = ADVANCED_FACE ( 'NONE', ( #1943 ), #968, .T. ) ;
#1759 = CARTESIAN_POINT ( 'NONE',  ( -2.024999999999999911, 5.200000000000001066, -0.5000000000000000000 ) ) ;
#1760 = ORIENTED_EDGE ( 'NONE', *, *, #427, .T. ) ;
#1761 = ORIENTED_EDGE ( 'NONE', *, *, #599, .F. ) ;
#1762 = DIRECTION ( 'NONE',  ( 1.000000000000000000, 0.000000000000000000, 0.000000000000000000 ) ) ;
#1763 = PRESENTATION_STYLE_ASSIGNMENT (( #1958 ) ) ;
#1764 = CARTESIAN_POINT ( 'NONE',  ( -2.024999999999999911, 5.200000000000001066, -0.5000000000000000000 ) ) ;
#1765 = VERTEX_POINT ( 'NONE', #71 ) ;
#1766 =( GEOMETRIC_REPRESENTATION_CONTEXT ( 3 ) GLOBAL_UNCERTAINTY_ASSIGNED_CONTEXT ( ( #652 ) ) GLOBAL_UNIT_ASSIGNED_CONTEXT ( ( #376, #567, #1001 ) ) REPRESENTATION_CONTEXT ( 'NONE', 'WORKASPACE' ) );
#1767 = PRESENTATION_STYLE_ASSIGNMENT (( #669 ) ) ;
#1768 = COLOUR_RGB ( '',0.6666666666666666297, 0.6980392156862744724, 0.7686274509803920907 ) ;
#1769 = MECHANICAL_DESIGN_GEOMETRIC_PRESENTATION_REPRESENTATION (  '', ( #1256 ), #354 ) ;
#1770 = CARTESIAN_POINT ( 'NONE',  ( 2.024999999999999911, 4.340268666789511620, -0.6821018757706979185 ) ) ;
#1771 = ORIENTED_EDGE ( 'NONE', *, *, #616, .T. ) ;
#1772 = VECTOR ( 'NONE', #1925, 1000.000000000000000 ) ;
#1773 = ORIENTED_EDGE ( 'NONE', *, *, #703, .F. ) ;
#1774 = PRESENTATION_STYLE_ASSIGNMENT (( #1471 ) ) ;
#1775 = SURFACE_STYLE_USAGE ( .BOTH. , #1606 ) ;
#1776 =( LENGTH_UNIT ( ) NAMED_UNIT ( * ) SI_UNIT ( .MILLI., .METRE. ) );
#1777 = VERTEX_POINT ( 'NONE', #1226 ) ;
#1778 =( NAMED_UNIT ( * ) SI_UNIT ( $, .STERADIAN. ) SOLID_ANGLE_UNIT ( ) );
#1779 = COLOUR_RGB ( '',0.6666666666666666297, 0.6980392156862744724, 0.7686274509803920907 ) ;
#1780 = VERTEX_POINT ( 'NONE', #108 ) ;
#1781 = COLOUR_RGB ( '',0.1098039215686274495, 0.1098039215686274495, 0.1098039215686274495 ) ;
#1782 =( GEOMETRIC_REPRESENTATION_CONTEXT ( 3 ) GLOBAL_UNCERTAINTY_ASSIGNED_CONTEXT ( ( #1630 ) ) GLOBAL_UNIT_ASSIGNED_CONTEXT ( ( #1783, #526, #1454 ) ) REPRESENTATION_CONTEXT ( 'NONE', 'WORKASPACE' ) );
#1783 =( LENGTH_UNIT ( ) NAMED_UNIT ( * ) SI_UNIT ( .MILLI., .METRE. ) );
#1784 = DIRECTION ( 'NONE',  ( 0.000000000000000000, 0.7808688094430299431, -0.6246950475544248427 ) ) ;
#1785 = ORIENTED_EDGE ( 'NONE', *, *, #125, .F. ) ;
#1786 = FILL_AREA_STYLE ('',( #1671 ) ) ;
#1787 = DIRECTION ( 'NONE',  ( 1.000000000000000000, 0.000000000000000000, -0.000000000000000000 ) ) ;
#1788 = CARTESIAN_POINT ( 'NONE',  ( -3.900000000000000355, 3.824856266313162223, 0.9100000000000000311 ) ) ;
#1789 = UNCERTAINTY_MEASURE_WITH_UNIT (LENGTH_MEASURE( 1.000000000000000082E-05 ), #870, 'distance_accuracy_value', 'NONE');
#1790 = VERTEX_POINT ( 'NONE', #575 ) ;
#1791 = FACE_OUTER_BOUND ( 'NONE', #1587, .T. ) ;
#1792 = CARTESIAN_POINT ( 'NONE',  ( 2.024999999999999911, -4.000000000000000000, 0.000000000000000000 ) ) ;
#1793 = ORIENTED_EDGE ( 'NONE', *, *, #358, .T. ) ;
#1794 = LINE ( 'NONE', #802, #1045 ) ;
#1795 = EDGE_CURVE ( 'NONE', #2029, #225, #440, .T. ) ;
#1796 = DIRECTION ( 'NONE',  ( -1.000000000000000000, -0.000000000000000000, -0.000000000000000000 ) ) ;
#1797 = ORIENTED_EDGE ( 'NONE', *, *, #392, .F. ) ;
#1798 = MECHANICAL_DESIGN_GEOMETRIC_PRESENTATION_REPRESENTATION (  '', ( #1582 ), #742 ) ;
#1799 = FACE_OUTER_BOUND ( 'NONE', #1971, .T. ) ;
#1800 = STYLED_ITEM ( 'NONE', ( #272 ), #1948 ) ;
#1801 = VECTOR ( 'NONE', #775, 1000.000000000000227 ) ;
#1802 = ADVANCED_FACE ( 'NONE', ( #1807 ), #101, .F. ) ;
#1803 = CARTESIAN_POINT ( 'NONE',  ( -3.075000000000000178, -4.496124969497313550, -0.3000000000000000444 ) ) ;
#1804 = FACE_OUTER_BOUND ( 'NONE', #677, .T. ) ;
#1805 = EDGE_LOOP ( 'NONE', ( #1240, #1712, #1211, #1682 ) ) ;
#1806 = EDGE_CURVE ( 'NONE', #814, #1860, #1662, .T. ) ;
#1807 = FACE_OUTER_BOUND ( 'NONE', #247, .T. ) ;
#1808 = PLANE ( 'NONE',  #257 ) ;
#1809 = UNCERTAINTY_MEASURE_WITH_UNIT (LENGTH_MEASURE( 1.000000000000000082E-05 ), #1033, 'distance_accuracy_value', 'NONE');
#1810 = LINE ( 'NONE', #1653, #1837 ) ;
#1811 = ORIENTED_EDGE ( 'NONE', *, *, #171, .T. ) ;
#1812 = COLOUR_RGB ( '',0.6666666666666666297, 0.6980392156862744724, 0.7686274509803920907 ) ;
#1813 = DIRECTION ( 'NONE',  ( 0.000000000000000000, -0.6605093788534929233, 0.7508177944392188108 ) ) ;
#1814 = EDGE_CURVE ( 'NONE', #178, #486, #710, .T. ) ;
#1815 = VECTOR ( 'NONE', #309, 1000.000000000000000 ) ;
#1816 = SURFACE_STYLE_USAGE ( .BOTH. , #877 ) ;
#1817 = VERTEX_POINT ( 'NONE', #1345 ) ;
#1818 = SURFACE_STYLE_FILL_AREA ( #1786 ) ;
#1819 = LINE ( 'NONE', #1208, #498 ) ;
#1820 =( NAMED_UNIT ( * ) PLANE_ANGLE_UNIT ( ) SI_UNIT ( $, .RADIAN. ) );
#1821 = EDGE_CURVE ( 'NONE', #20, #1873, #1974, .T. ) ;
#1822 = LINE ( 'NONE', #1329, #1189 ) ;
#1823 = LINE ( 'NONE', #1108, #352 ) ;
#1824 = CARTESIAN_POINT ( 'NONE',  ( -3.075000000000000178, 4.490432225677356115, -0.7500000000000000000 ) ) ;
#1825 = LINE ( 'NONE', #555, #199 ) ;
#1826 = VERTEX_POINT ( 'NONE', #253 ) ;
#1827 = CARTESIAN_POINT ( 'NONE',  ( 3.075000000000000178, -5.200000000000001066, -0.5000000000000000000 ) ) ;
#1828 = CARTESIAN_POINT ( 'NONE',  ( -3.075000000000000178, 4.000000000000000000, 5.421010862427522170E-17 ) ) ;
#1829 =( LENGTH_UNIT ( ) NAMED_UNIT ( * ) SI_UNIT ( .MILLI., .METRE. ) );
#1830 = FACE_OUTER_BOUND ( 'NONE', #383, .T. ) ;
#1831 = CARTESIAN_POINT ( 'NONE',  ( 3.900000000000000355, 4.000000000000000000, 1.469576158976824144E-15 ) ) ;
#1832 = ORIENTED_EDGE ( 'NONE', *, *, #349, .T. ) ;
#1833 = COLOUR_RGB ( '',0.6666666666666666297, 0.6980392156862744724, 0.7686274509803920907 ) ;
#1834 = VECTOR ( 'NONE', #922, 1000.000000000000000 ) ;
#1835 = CIRCLE ( 'NONE', #907, 0.1999999999999997058 ) ;
#1836 = ORIENTED_EDGE ( 'NONE', *, *, #2020, .F. ) ;
#1837 = VECTOR ( 'NONE', #1029, 1000.000000000000000 ) ;
#1838 = SURFACE_SIDE_STYLE ('',( #1214 ) ) ;
#1839 = FILL_AREA_STYLE ('',( #584 ) ) ;
#1840 = LINE ( 'NONE', #1555, #655 ) ;
#1841 = DIRECTION ( 'NONE',  ( 0.000000000000000000, -0.6605093788534929233, -0.7508177944392188108 ) ) ;
#1842 = CIRCLE ( 'NONE', #1430, 0.1999999999999998723 ) ;
#1843 = SURFACE_STYLE_USAGE ( .BOTH. , #1085 ) ;
#1844 = FILL_AREA_STYLE ('',( #1050 ) ) ;
#1845 = VERTEX_POINT ( 'NONE', #880 ) ;
#1846 = PRESENTATION_STYLE_ASSIGNMENT (( #459 ) ) ;
#1847 = COLOUR_RGB ( '',0.6666666666666666297, 0.6980392156862744724, 0.7686274509803920907 ) ;
#1848 = SURFACE_SIDE_STYLE ('',( #544 ) ) ;
#1849 = LINE ( 'NONE', #731, #29 ) ;
#1850 = STYLED_ITEM ( 'NONE', ( #489 ), #557 ) ;
#1851 = SURFACE_SIDE_STYLE ('',( #1263 ) ) ;
#1852 = ORIENTED_EDGE ( 'NONE', *, *, #494, .F. ) ;
#1853 = EDGE_CURVE ( 'NONE', #1495, #77, #1522, .T. ) ;
#1854 = FILL_AREA_STYLE ('',( #477 ) ) ;
#1855 = CARTESIAN_POINT ( 'NONE',  ( -3.075000000000000178, -4.490432225677355227, -0.5499999999999999334 ) ) ;
#1856 = ORIENTED_EDGE ( 'NONE', *, *, #624, .T. ) ;
#1857 = DIRECTION ( 'NONE',  ( 0.000000000000000000, -0.7508177944392188108, -0.6605093788534929233 ) ) ;
#1858 = FILL_AREA_STYLE_COLOUR ( '', #1464 ) ;
#1859 = CARTESIAN_POINT ( 'NONE',  ( -2.024999999999999911, 4.490432225677355227, -0.7499999999999997780 ) ) ;
#1860 = VERTEX_POINT ( 'NONE', #1995 ) ;
#1861 = DIRECTION ( 'NONE',  ( 0.000000000000000000, -0.6605093788534929233, -0.7508177944392188108 ) ) ;
#1862 = FACE_OUTER_BOUND ( 'NONE', #1145, .T. ) ;
#1863 = VECTOR ( 'NONE', #892, 1000.000000000000000 ) ;
#1864 = ORIENTED_EDGE ( 'NONE', *, *, #653, .F. ) ;
#1865 = SURFACE_SIDE_STYLE ('',( #573 ) ) ;
#1866 = VECTOR ( 'NONE', #1861, 1000.000000000000000 ) ;
#1867 = EDGE_CURVE ( 'NONE', #1598, #1765, #1509, .T. ) ;
#1868 = DIRECTION ( 'NONE',  ( 0.000000000000000000, -0.1726504835671661686, -0.9849831524061839483 ) ) ;
#1869 = LINE ( 'NONE', #1248, #1507 ) ;
#1870 = VECTOR ( 'NONE', #1673, 1000.000000000000000 ) ;
#1871 =( NAMED_UNIT ( * ) SI_UNIT ( $, .STERADIAN. ) SOLID_ANGLE_UNIT ( ) );
#1872 =( GEOMETRIC_REPRESENTATION_CONTEXT ( 3 ) GLOBAL_UNCERTAINTY_ASSIGNED_CONTEXT ( ( #1335 ) ) GLOBAL_UNIT_ASSIGNED_CONTEXT ( ( #755, #1732, #943 ) ) REPRESENTATION_CONTEXT ( 'NONE', 'WORKASPACE' ) );
#1873 = VERTEX_POINT ( 'NONE', #416 ) ;
#1874 = EDGE_CURVE ( 'NONE', #1860, #1495, #1215, .T. ) ;
#1875 = CARTESIAN_POINT ( 'NONE',  ( -2.024999999999999911, -4.339951207608708117, -0.4249390095108844245 ) ) ;
#1876 = ORIENTED_EDGE ( 'NONE', *, *, #996, .T. ) ;
#1877 = EDGE_CURVE ( 'NONE', #1265, #351, #1869, .T. ) ;
#1878 = ORIENTED_EDGE ( 'NONE', *, *, #1752, .F. ) ;
#1879 = SURFACE_STYLE_FILL_AREA ( #913 ) ;
#1880 = PRESENTATION_STYLE_ASSIGNMENT (( #1238 ) ) ;
#1881 = LINE ( 'NONE', #473, #986 ) ;
#1882 = PRESENTATION_LAYER_ASSIGNMENT (  '', '', ( #332 ) ) ;
#1883 = COLOUR_RGB ( '',0.6666666666666666297, 0.6980392156862744724, 0.7686274509803920907 ) ;
#1884 = VECTOR ( 'NONE', #1092, 1000.000000000000000 ) ;
#1885 = APPLICATION_PROTOCOL_DEFINITION ( 'draft international standard', 'automotive_design', 1998, #671 ) ;
#1886 = PRESENTATION_STYLE_ASSIGNMENT (( #1548 ) ) ;
#1887 = ORIENTED_EDGE ( 'NONE', *, *, #1021, .F. ) ;
#1888 = DIRECTION ( 'NONE',  ( 1.000000000000000000, -0.000000000000000000, -0.000000000000000000 ) ) ;
#1889 = VERTEX_POINT ( 'NONE', #145 ) ;
#1890 = ORIENTED_EDGE ( 'NONE', *, *, #190, .T. ) ;
#1891 = DIRECTION ( 'NONE',  ( 0.000000000000000000, 0.000000000000000000, -1.000000000000000000 ) ) ;
#1892 = FACE_OUTER_BOUND ( 'NONE', #1132, .T. ) ;
#1893 = DIRECTION ( 'NONE',  ( -0.000000000000000000, 1.000000000000000000, -0.000000000000000000 ) ) ;
#1894 = CARTESIAN_POINT ( 'NONE',  ( 3.075000000000000178, -4.496124969497314439, -0.5000000000000000000 ) ) ;
#1895 = UNCERTAINTY_MEASURE_WITH_UNIT (LENGTH_MEASURE( 1.000000000000000082E-05 ), #822, 'distance_accuracy_value', 'NONE');
#1896 = DIRECTION ( 'NONE',  ( 0.000000000000000000, 1.000000000000000000, -0.000000000000000000 ) ) ;
#1897 = EDGE_CURVE ( 'NONE', #1641, #1670, #1835, .T. ) ;
#1898 = ORIENTED_EDGE ( 'NONE', *, *, #1398, .T. ) ;
#1899 = EDGE_LOOP ( 'NONE', ( #793, #2000, #609, #121 ) ) ;
#1900 = CIRCLE ( 'NONE', #1700, 0.1999999999999998723 ) ;
#1901 = FILL_AREA_STYLE ('',( #1693 ) ) ;
#1902 = FILL_AREA_STYLE_COLOUR ( '', #1979 ) ;
#1903 = STYLED_ITEM ( 'NONE', ( #1953 ), #1758 ) ;
#1904 = AXIS2_PLACEMENT_3D ( 'NONE', #658, #31, #1762 ) ;
#1905 = VECTOR ( 'NONE', #208, 1000.000000000000114 ) ;
#1906 = SURFACE_STYLE_FILL_AREA ( #200 ) ;
#1907 = ORIENTED_EDGE ( 'NONE', *, *, #1874, .F. ) ;
#1908 = LINE ( 'NONE', #1366, #1741 ) ;
#1909 = ORIENTED_EDGE ( 'NONE', *, *, #451, .F. ) ;
#1910 = STYLED_ITEM ( 'NONE', ( #404 ), #1382 ) ;
#1911 = PLANE ( 'NONE',  #871 ) ;
#1912 = DIRECTION ( 'NONE',  ( 1.000000000000000000, -0.000000000000000000, -0.000000000000000000 ) ) ;
#1913 = DIRECTION ( 'NONE',  ( 0.000000000000000000, 0.000000000000000000, 1.000000000000000000 ) ) ;
#1914 = UNCERTAINTY_MEASURE_WITH_UNIT (LENGTH_MEASURE( 1.000000000000000082E-05 ), #2032, 'distance_accuracy_value', 'NONE');
#1915 = PLANE ( 'NONE',  #950 ) ;
#1916 = ORIENTED_EDGE ( 'NONE', *, *, #789, .T. ) ;
#1917 = ADVANCED_FACE ( 'NONE', ( #285 ), #2045, .T. ) ;
#1918 = ORIENTED_EDGE ( 'NONE', *, *, #1867, .T. ) ;
#1919 = CARTESIAN_POINT ( 'NONE',  ( -3.075000000000000178, -4.000000000000000000, 5.421010862427522170E-17 ) ) ;
#1920 = CARTESIAN_POINT ( 'NONE',  ( 3.900000000000000355, 3.824856266313162223, 0.9100000000000000311 ) ) ;
#1921 = DIRECTION ( 'NONE',  ( -1.000000000000000000, 0.000000000000000000, 0.000000000000000000 ) ) ;
#1922 = CARTESIAN_POINT ( 'NONE',  ( 3.900000000000000355, 3.824856266313162223, 0.9100000000000000311 ) ) ;
#1923 = ORIENTED_EDGE ( 'NONE', *, *, #1701, .T. ) ;
#1924 = DIRECTION ( 'NONE',  ( 0.000000000000000000, -1.000000000000000000, 0.000000000000000000 ) ) ;
#1925 = DIRECTION ( 'NONE',  ( -0.000000000000000000, 0.6605093788534929233, -0.7508177944392188108 ) ) ;
#1926 = EDGE_LOOP ( 'NONE', ( #1528, #874, #1198, #804 ) ) ;
#1927 = PRESENTATION_STYLE_ASSIGNMENT (( #1310 ) ) ;
#1928 = LINE ( 'NONE', #501, #1637 ) ;
#1929 = FILL_AREA_STYLE_COLOUR ( '', #531 ) ;
#1930 = ORIENTED_EDGE ( 'NONE', *, *, #1814, .F. ) ;
#1931 = VECTOR ( 'NONE', #651, 1000.000000000000114 ) ;
#1932 =( NAMED_UNIT ( * ) PLANE_ANGLE_UNIT ( ) SI_UNIT ( $, .RADIAN. ) );
#1933 = UNCERTAINTY_MEASURE_WITH_UNIT (LENGTH_MEASURE( 1.000000000000000082E-05 ), #221, 'distance_accuracy_value', 'NONE');
#1934 = PRESENTATION_LAYER_ASSIGNMENT (  '', '', ( #744 ) ) ;
#1935 = DIRECTION ( 'NONE',  ( 0.000000000000000000, 0.000000000000000000, 1.000000000000000000 ) ) ;
#1936 = VECTOR ( 'NONE', #1935, 1000.000000000000000 ) ;
#1937 = VERTEX_POINT ( 'NONE', #1717 ) ;
#1938 =( LENGTH_UNIT ( ) NAMED_UNIT ( * ) SI_UNIT ( .MILLI., .METRE. ) );
#1939 = EDGE_CURVE ( 'NONE', #1000, #645, #1736, .T. ) ;
#1940 = FILL_AREA_STYLE_COLOUR ( '', #1079 ) ;
#1941 = ORIENTED_EDGE ( 'NONE', *, *, #1362, .T. ) ;
#1942 = LINE ( 'NONE', #749, #1863 ) ;
#1943 = FACE_OUTER_BOUND ( 'NONE', #132, .T. ) ;
#1944 = PLANE ( 'NONE',  #195 ) ;
#1945 = VECTOR ( 'NONE', #855, 1000.000000000000000 ) ;
#1946 = VERTEX_POINT ( 'NONE', #1544 ) ;
#1947 = AXIS2_PLACEMENT_3D ( 'NONE', #423, #706, #1331 ) ;
#1948 = ADVANCED_FACE ( 'NONE', ( #1578 ), #1706, .T. ) ;
#1949 = SURFACE_SIDE_STYLE ('',( #1288 ) ) ;
#1950 = FILL_AREA_STYLE ('',( #1326 ) ) ;
#1951 = VERTEX_POINT ( 'NONE', #298 ) ;
#1952 = CARTESIAN_POINT ( 'NONE',  ( 3.075000000000000178, -5.200000000000001066, -0.5000000000000000000 ) ) ;
#1953 = PRESENTATION_STYLE_ASSIGNMENT (( #1015 ) ) ;
#1954 = UNCERTAINTY_MEASURE_WITH_UNIT (LENGTH_MEASURE( 1.000000000000000082E-05 ), #495, 'distance_accuracy_value', 'NONE');
#1955 = EDGE_CURVE ( 'NONE', #1222, #1616, #310, .T. ) ;
#1956 = ORIENTED_EDGE ( 'NONE', *, *, #1601, .T. ) ;
#1957 = CARTESIAN_POINT ( 'NONE',  ( -3.075000000000000178, 5.200000000000001066, -0.5000000000000000000 ) ) ;
#1958 = SURFACE_STYLE_USAGE ( .BOTH. , #350 ) ;
#1959 = EDGE_LOOP ( 'NONE', ( #1878, #1608, #1756, #581 ) ) ;
#1960 = SURFACE_SIDE_STYLE ('',( #1818 ) ) ;
#1961 = DIRECTION ( 'NONE',  ( 0.000000000000000000, -1.000000000000000000, 0.000000000000000000 ) ) ;
#1962 =( NAMED_UNIT ( * ) SI_UNIT ( $, .STERADIAN. ) SOLID_ANGLE_UNIT ( ) );
#1963 = EDGE_LOOP ( 'NONE', ( #2013, #1480, #681, #1646, #625, #1797, #1255, #578 ) ) ;
#1964 = EDGE_CURVE ( 'NONE', #1542, #572, #1928, .T. ) ;
#1965 = MECHANICAL_DESIGN_GEOMETRIC_PRESENTATION_REPRESENTATION (  '', ( #1185 ), #456 ) ;
#1966 = LINE ( 'NONE', #1655, #278 ) ;
#1967 = MECHANICAL_DESIGN_GEOMETRIC_PRESENTATION_REPRESENTATION (  '', ( #711 ), #2043 ) ;
#1968 = ORIENTED_EDGE ( 'NONE', *, *, #1449, .T. ) ;
#1969 = STYLED_ITEM ( 'NONE', ( #1886 ), #1173 ) ;
#1970 = DIRECTION ( 'NONE',  ( 0.000000000000000000, 0.000000000000000000, 1.000000000000000000 ) ) ;
#1971 = EDGE_LOOP ( 'NONE', ( #212, #829, #1187, #1417 ) ) ;
#1972 = DIRECTION ( 'NONE',  ( 0.000000000000000000, 0.7508177944392188108, -0.6605093788534929233 ) ) ;
#1973 = EDGE_CURVE ( 'NONE', #359, #1946, #204, .T. ) ;
#1974 = LINE ( 'NONE', #405, #1082 ) ;
#1975 = UNCERTAINTY_MEASURE_WITH_UNIT (LENGTH_MEASURE( 1.000000000000000082E-05 ), #1675, 'distance_accuracy_value', 'NONE');
#1976 = VECTOR ( 'NONE', #1127, 1000.000000000000000 ) ;
#1977 = AXIS2_PLACEMENT_3D ( 'NONE', #482, #1921, #1261 ) ;
#1978 = SURFACE_STYLE_USAGE ( .BOTH. , #1181 ) ;
#1979 = COLOUR_RGB ( '',0.6666666666666666297, 0.6980392156862744724, 0.7686274509803920907 ) ;
#1980 = VECTOR ( 'NONE', #144, 1000.000000000000114 ) ;
#1981 = CARTESIAN_POINT ( 'NONE',  ( 3.900000000000000355, 0.000000000000000000, 0.000000000000000000 ) ) ;
#1982 = ORIENTED_EDGE ( 'NONE', *, *, #1162, .T. ) ;
#1983 = DIRECTION ( 'NONE',  ( 1.000000000000000000, 0.000000000000000000, 0.000000000000000000 ) ) ;
#1984 = VECTOR ( 'NONE', #281, 1000.000000000000000 ) ;
#1985 = DIRECTION ( 'NONE',  ( 0.000000000000000000, 0.1726504835671665850, -0.9849831524061837262 ) ) ;
#1986 = PRESENTATION_STYLE_ASSIGNMENT (( #1354 ) ) ;
#1987 = CARTESIAN_POINT ( 'NONE',  ( 3.075000000000000178, -5.200000000000001066, -0.5000000000000000000 ) ) ;
#1988 = FILL_AREA_STYLE_COLOUR ( '', #679 ) ;
#1989 = ORIENTED_EDGE ( 'NONE', *, *, #1535, .T. ) ;
#1990 = FACE_OUTER_BOUND ( 'NONE', #1926, .T. ) ;
#1991 = SURFACE_SIDE_STYLE ('',( #437 ) ) ;
#1992 = ORIENTED_EDGE ( 'NONE', *, *, #142, .F. ) ;
#1993 = SURFACE_STYLE_USAGE ( .BOTH. , #426 ) ;
#1994 = FILL_AREA_STYLE ('',( #1521 ) ) ;
#1995 = CARTESIAN_POINT ( 'NONE',  ( -2.024999999999999467, -4.000000000000000000, 0.000000000000000000 ) ) ;
#1996 = PRESENTATION_STYLE_ASSIGNMENT (( #881 ) ) ;
#1997 = LINE ( 'NONE', #2024, #2004 ) ;
#1998 = CARTESIAN_POINT ( 'NONE',  ( -2.024999999999999911, -4.490432225677355227, -0.5499999999999999334 ) ) ;
#1999 = PLANE ( 'NONE',  #1379 ) ;
#2000 = ORIENTED_EDGE ( 'NONE', *, *, #407, .F. ) ;
#2001 = AXIS2_PLACEMENT_3D ( 'NONE', #1364, #1534, #2006 ) ;
#2002 = PRESENTATION_LAYER_ASSIGNMENT (  '', '', ( #1704 ) ) ;
#2003 = PRESENTATION_LAYER_ASSIGNMENT (  '', '', ( #1800 ) ) ;
#2004 = VECTOR ( 'NONE', #102, 1000.000000000000000 ) ;
#2005 = ORIENTED_EDGE ( 'NONE', *, *, #451, .T. ) ;
#2006 = DIRECTION ( 'NONE',  ( 0.000000000000000000, 0.000000000000000000, 1.000000000000000000 ) ) ;
#2007 = DIRECTION ( 'NONE',  ( 0.000000000000000000, 1.000000000000000000, -0.000000000000000000 ) ) ;
#2008 = CARTESIAN_POINT ( 'NONE',  ( 3.075000000000000178, 4.490432225677356115, -0.7500000000000000000 ) ) ;
#2009 = LINE ( 'NONE', #928, #1801 ) ;
#2010 = SURFACE_STYLE_USAGE ( .BOTH. , #1378 ) ;
#2011 = VECTOR ( 'NONE', #1571, 1000.000000000000000 ) ;
#2012 = ADVANCED_FACE ( 'NONE', ( #647 ), #1911, .F. ) ;
#2013 = ORIENTED_EDGE ( 'NONE', *, *, #1356, .F. ) ;
#2014 = VECTOR ( 'NONE', #1519, 1000.000000000000000 ) ;
#2015 = CARTESIAN_POINT ( 'NONE',  ( 3.900000000000000355, -3.894830393913598865, -0.6000000000000000888 ) ) ;
#2016 = PRESENTATION_LAYER_ASSIGNMENT (  '', '', ( #627 ) ) ;
#2017 =( NAMED_UNIT ( * ) SI_UNIT ( $, .STERADIAN. ) SOLID_ANGLE_UNIT ( ) );
#2018 = AXIS2_PLACEMENT_3D ( 'NONE', #312, #339, #1607 ) ;
#2019 = ORIENTED_EDGE ( 'NONE', *, *, #564, .T. ) ;
#2020 = EDGE_CURVE ( 'NONE', #1790, #1946, #1748, .T. ) ;
#2021 = PRESENTATION_STYLE_ASSIGNMENT (( #1278 ) ) ;
#2022 =( NAMED_UNIT ( * ) PLANE_ANGLE_UNIT ( ) SI_UNIT ( $, .RADIAN. ) );
#2023 = CARTESIAN_POINT ( 'NONE',  ( 3.900000000000000355, 3.894830393913598865, -0.6000000000000000888 ) ) ;
#2024 = CARTESIAN_POINT ( 'NONE',  ( 2.024999999999999911, -4.340268666789511620, -0.6821018757706979185 ) ) ;
#2025 = CARTESIAN_POINT ( 'NONE',  ( -3.075000000000000178, -5.200000000000001066, -0.5000000000000000000 ) ) ;
#2026 = ORIENTED_EDGE ( 'NONE', *, *, #898, .F. ) ;
#2027 = ADVANCED_FACE ( 'NONE', ( #1472 ), #329, .T. ) ;
#2028 = LINE ( 'NONE', #601, #1396 ) ;
#2029 = VERTEX_POINT ( 'NONE', #1319 ) ;
#2030 = ORIENTED_EDGE ( 'NONE', *, *, #1308, .F. ) ;
#2031 = CARTESIAN_POINT ( 'NONE',  ( 3.075000000000000178, 5.200000000000001066, -0.7500000000000000000 ) ) ;
#2032 =( LENGTH_UNIT ( ) NAMED_UNIT ( * ) SI_UNIT ( .MILLI., .METRE. ) );
#2033 = DIRECTION ( 'NONE',  ( -0.000000000000000000, 1.000000000000000000, -0.000000000000000000 ) ) ;
#2034 = CARTESIAN_POINT ( 'NONE',  ( -2.024999999999999911, 4.000000000000000000, 5.421010862427522170E-17 ) ) ;
#2035 = DIRECTION ( 'NONE',  ( 1.000000000000000000, 0.000000000000000000, 0.000000000000000000 ) ) ;
#2036 = ORIENTED_EDGE ( 'NONE', *, *, #1154, .F. ) ;
#2037 = EDGE_CURVE ( 'NONE', #326, #20, #348, .T. ) ;
#2038 = LINE ( 'NONE', #1539, #674 ) ;
#2039 = PRESENTATION_LAYER_ASSIGNMENT (  '', '', ( #1183 ) ) ;
#2040 = ORIENTED_EDGE ( 'NONE', *, *, #1973, .F. ) ;
#2041 =( GEOMETRIC_REPRESENTATION_CONTEXT ( 3 ) GLOBAL_UNCERTAINTY_ASSIGNED_CONTEXT ( ( #1305 ) ) GLOBAL_UNIT_ASSIGNED_CONTEXT ( ( #992, #1459, #1322 ) ) REPRESENTATION_CONTEXT ( 'NONE', 'WORKASPACE' ) );
#2042 = ORIENTED_EDGE ( 'NONE', *, *, #859, .T. ) ;
#2043 =( GEOMETRIC_REPRESENTATION_CONTEXT ( 3 ) GLOBAL_UNCERTAINTY_ASSIGNED_CONTEXT ( ( #1914 ) ) GLOBAL_UNIT_ASSIGNED_CONTEXT ( ( #2032, #2022, #319 ) ) REPRESENTATION_CONTEXT ( 'NONE', 'WORKASPACE' ) );
#2044 =( NAMED_UNIT ( * ) PLANE_ANGLE_UNIT ( ) SI_UNIT ( $, .RADIAN. ) );
#2045 = CYLINDRICAL_SURFACE ( 'NONE', #838, 0.1999999999999999278 ) ;
ENDSEC;
END-ISO-10303-21;
