ISO-10303-21;
HEADER;
FILE_DESCRIPTION(('STEP AP214'),'1');
FILE_NAME('TO220-7_T_LIT','2026-07-06T09:55:06',(''),(''),'','','');
FILE_SCHEMA(('AUTOMOTIVE_DESIGN'));
ENDSEC;
DATA;
#1=SHAPE_DEFINITION_REPRESENTATION(#2,#3);
#2=PRODUCT_DEFINITION_SHAPE('',$,#4);
#3=SHAPE_REPRESENTATION('',(#197,#1031,#1466,#2060,#2654,#3248,#3842,#4436,#5030,#19),#11);
#4=PRODUCT_DEFINITION('design','example product_definition',#6,#5);
#5=PRODUCT_DEFINITION_CONTEXT('3D Mechanical Parts',#10,'design');
#6=PRODUCT_DEFINITION_FORMATION('1.0','first version',#8);
#7=APPLICATION_PROTOCOL_DEFINITION('international standard','automotive_design',2003,#10);
#8=PRODUCT('product','part','',(#9));
#9=PRODUCT_CONTEXT('3D Mechanical Parts',#10,'mechanical');
#10=APPLICATION_CONTEXT('Core Data for Automotive Mechanical Design Process');
#11=(GEOMETRIC_REPRESENTATION_CONTEXT(3) GLOBAL_UNCERTAINTY_ASSIGNED_CONTEXT((#12)) GLOBAL_UNIT_ASSIGNED_CONTEXT((#13,#14,#18)) REPRESENTATION_CONTEXT('ID1','3D'));
#12=UNCERTAINTY_MEASURE_WITH_UNIT(LENGTH_MEASURE(1.E-005),#13,'DISTANCE_ACCURACY_VALUE','Maximum model space distance between geometric entities at asserted connectivities');
#13=(LENGTH_UNIT() NAMED_UNIT(*) SI_UNIT(.MILLI.,.METRE.));
#14=(CONVERSION_BASED_UNIT('degree',#16) NAMED_UNIT(#15) PLANE_ANGLE_UNIT());
#15=DIMENSIONAL_EXPONENTS(0.,0.,0.,0.,0.,0.,0.);
#16=MEASURE_WITH_UNIT(PLANE_ANGLE_MEASURE(0.01745329252),#17);
#17=(NAMED_UNIT(*) PLANE_ANGLE_UNIT() SI_UNIT($,.RADIAN.));
#18=(NAMED_UNIT(*) SI_UNIT($,.STERADIAN.) SOLID_ANGLE_UNIT());
#19=AXIS2_PLACEMENT_3D('',#20,#21,#22);
#20=CARTESIAN_POINT('',(0.0,0.0,0.0));
#21=DIRECTION('',(0.0,0.0,1.0));
#22=DIRECTION('',(1.0,0.0,0.0));
#25=MECHANICAL_DESIGN_GEOMETRIC_PRESENTATION_REPRESENTATION($,(#199,#274,#399,#450,#501,#560,#609,#668,#717,#766,#815,#864,#913,#962,#1033,#1102,#1151,#1200,#1249,#1298,#1347,#1396,#1468,#1499,#1530,#1583,#1636,#1689,#1742,#1795,#1848,#1901,#1954,#2007,#2062,#2093,#2124,#2177,#2230,#2283,#2336,#2389,#2442,#2495,#2548,#2601,#2656,#2687,#2718,#2771,#2824,#2877,#2930,#2983,#3036,#3089,#3142,#3195,#3250,#3281,#3312,#3365,#3418,#3471,#3524,#3577,#3630,#3683,#3736,#3789,#3844,#3875,#3906,#3959,#4012,#4065,#4118,#4171,#4224,#4277,#4330,#4383,#4438,#4469,#4500,#4553,#4606,#4659,#4712,#4765,#4818,#4871,#4924,#4977,#5032,#5063,#5094,#5147,#5200,#5253,#5306,#5359,#5412,#5465,#5518,#5571),#11);
#26=PRODUCT_CATEGORY_RELATIONSHIP('','',#27,#28);
#27=PRODUCT_CATEGORY('part','');
#28=PRODUCT_RELATED_PRODUCT_CATEGORY('','',(#8));
#34=PRESENTATION_STYLE_ASSIGNMENT((#35,#40));
#35=SURFACE_STYLE_USAGE(.BOTH.,#36);
#36=SURFACE_SIDE_STYLE('',(#37));
#37=SURFACE_STYLE_FILL_AREA(#38);
#38=FILL_AREA_STYLE('',(#39));
#39=FILL_AREA_STYLE_COLOUR('',#41);
#40=CURVE_STYLE('',#42,POSITIVE_LENGTH_MEASURE(0.1),#41);
#41=COLOUR_RGB('Aluminum',0.725,0.725,0.725);
#42=DRAUGHTING_PRE_DEFINED_CURVE_FONT('continuous');
#43=PRESENTATION_STYLE_ASSIGNMENT((#44,#49));
#44=SURFACE_STYLE_USAGE(.BOTH.,#45);
#45=SURFACE_SIDE_STYLE('',(#46));
#46=SURFACE_STYLE_FILL_AREA(#47);
#47=FILL_AREA_STYLE('',(#48));
#48=FILL_AREA_STYLE_COLOUR('',#50);
#49=CURVE_STYLE('',#51,POSITIVE_LENGTH_MEASURE(0.1),#50);
#50=COLOUR_RGB('Black',0.196,0.196,0.196);
#51=DRAUGHTING_PRE_DEFINED_CURVE_FONT('continuous');
#52=PRESENTATION_STYLE_ASSIGNMENT((#53,#58));
#53=SURFACE_STYLE_USAGE(.BOTH.,#54);
#54=SURFACE_SIDE_STYLE('',(#55));
#55=SURFACE_STYLE_FILL_AREA(#56);
#56=FILL_AREA_STYLE('',(#57));
#57=FILL_AREA_STYLE_COLOUR('',#59);
#58=CURVE_STYLE('',#60,POSITIVE_LENGTH_MEASURE(0.1),#59);
#59=COLOUR_RGB('Pin1',0.588,0.588,0.588);
#60=DRAUGHTING_PRE_DEFINED_CURVE_FONT('continuous');
#61=PRESENTATION_STYLE_ASSIGNMENT((#62,#67));
#62=SURFACE_STYLE_USAGE(.BOTH.,#63);
#63=SURFACE_SIDE_STYLE('',(#64));
#64=SURFACE_STYLE_FILL_AREA(#65);
#65=FILL_AREA_STYLE('',(#66));
#66=FILL_AREA_STYLE_COLOUR('',#68);
#67=CURVE_STYLE('',#69,POSITIVE_LENGTH_MEASURE(0.1),#68);
#68=COLOUR_RGB('HeatTab',0.588,0.588,0.588);
#69=DRAUGHTING_PRE_DEFINED_CURVE_FONT('continuous');
#70=PRESENTATION_STYLE_ASSIGNMENT((#71,#76));
#71=SURFACE_STYLE_USAGE(.BOTH.,#72);
#72=SURFACE_SIDE_STYLE('',(#73));
#73=SURFACE_STYLE_FILL_AREA(#74);
#74=FILL_AREA_STYLE('',(#75));
#75=FILL_AREA_STYLE_COLOUR('',#77);
#76=CURVE_STYLE('',#78,POSITIVE_LENGTH_MEASURE(0.1),#77);
#77=COLOUR_RGB('MountTab',0.706,0.706,0.706);
#78=DRAUGHTING_PRE_DEFINED_CURVE_FONT('continuous');
#79=PRESENTATION_STYLE_ASSIGNMENT((#80,#85));
#80=SURFACE_STYLE_USAGE(.BOTH.,#81);
#81=SURFACE_SIDE_STYLE('',(#82));
#82=SURFACE_STYLE_FILL_AREA(#83);
#83=FILL_AREA_STYLE('',(#84));
#84=FILL_AREA_STYLE_COLOUR('',#86);
#85=CURVE_STYLE('',#87,POSITIVE_LENGTH_MEASURE(0.1),#86);
#86=COLOUR_RGB('Gold',0.843,0.686,0.0);
#87=DRAUGHTING_PRE_DEFINED_CURVE_FONT('continuous');
#88=PRESENTATION_STYLE_ASSIGNMENT((#89,#94));
#89=SURFACE_STYLE_USAGE(.BOTH.,#90);
#90=SURFACE_SIDE_STYLE('',(#91));
#91=SURFACE_STYLE_FILL_AREA(#92);
#92=FILL_AREA_STYLE('',(#93));
#93=FILL_AREA_STYLE_COLOUR('',#95);
#94=CURVE_STYLE('',#96,POSITIVE_LENGTH_MEASURE(0.1),#95);
#95=COLOUR_RGB('Brown',0.459,0.345,0.176);
#96=DRAUGHTING_PRE_DEFINED_CURVE_FONT('continuous');
#97=PRESENTATION_STYLE_ASSIGNMENT((#98,#103));
#98=SURFACE_STYLE_USAGE(.BOTH.,#99);
#99=SURFACE_SIDE_STYLE('',(#100));
#100=SURFACE_STYLE_FILL_AREA(#101);
#101=FILL_AREA_STYLE('',(#102));
#102=FILL_AREA_STYLE_COLOUR('',#104);
#103=CURVE_STYLE('',#105,POSITIVE_LENGTH_MEASURE(0.1),#104);
#104=COLOUR_RGB('Tan',0.784,0.686,0.51);
#105=DRAUGHTING_PRE_DEFINED_CURVE_FONT('continuous');
#106=PRESENTATION_STYLE_ASSIGNMENT((#107,#112));
#107=SURFACE_STYLE_USAGE(.BOTH.,#108);
#108=SURFACE_SIDE_STYLE('',(#109));
#109=SURFACE_STYLE_FILL_AREA(#110);
#110=FILL_AREA_STYLE('',(#111));
#111=FILL_AREA_STYLE_COLOUR('',#113);
#112=CURVE_STYLE('',#114,POSITIVE_LENGTH_MEASURE(0.1),#113);
#113=COLOUR_RGB('Gray',0.431,0.431,0.431);
#114=DRAUGHTING_PRE_DEFINED_CURVE_FONT('continuous');
#115=PRESENTATION_STYLE_ASSIGNMENT((#116,#121));
#116=SURFACE_STYLE_USAGE(.BOTH.,#117);
#117=SURFACE_SIDE_STYLE('',(#118));
#118=SURFACE_STYLE_FILL_AREA(#119);
#119=FILL_AREA_STYLE('',(#120));
#120=FILL_AREA_STYLE_COLOUR('',#122);
#121=CURVE_STYLE('',#123,POSITIVE_LENGTH_MEASURE(0.1),#122);
#122=COLOUR_RGB('Red',0.6,0.0,0.0);
#123=DRAUGHTING_PRE_DEFINED_CURVE_FONT('continuous');
#124=PRESENTATION_STYLE_ASSIGNMENT((#125,#130));
#125=SURFACE_STYLE_USAGE(.BOTH.,#126);
#126=SURFACE_SIDE_STYLE('',(#127));
#127=SURFACE_STYLE_FILL_AREA(#128);
#128=FILL_AREA_STYLE('',(#129));
#129=FILL_AREA_STYLE_COLOUR('',#131);
#130=CURVE_STYLE('',#132,POSITIVE_LENGTH_MEASURE(0.1),#131);
#131=COLOUR_RGB('Blue',0.157,0.157,0.588);
#132=DRAUGHTING_PRE_DEFINED_CURVE_FONT('continuous');
#133=PRESENTATION_STYLE_ASSIGNMENT((#134,#139));
#134=SURFACE_STYLE_USAGE(.BOTH.,#135);
#135=SURFACE_SIDE_STYLE('',(#136));
#136=SURFACE_STYLE_FILL_AREA(#137);
#137=FILL_AREA_STYLE('',(#138));
#138=FILL_AREA_STYLE_COLOUR('',#140);
#139=CURVE_STYLE('',#141,POSITIVE_LENGTH_MEASURE(0.1),#140);
#140=COLOUR_RGB('Maroon',0.294,0.0,0.0);
#141=DRAUGHTING_PRE_DEFINED_CURVE_FONT('continuous');
#142=PRESENTATION_STYLE_ASSIGNMENT((#143,#148));
#143=SURFACE_STYLE_USAGE(.BOTH.,#144);
#144=SURFACE_SIDE_STYLE('',(#145));
#145=SURFACE_STYLE_FILL_AREA(#146);
#146=FILL_AREA_STYLE('',(#147));
#147=FILL_AREA_STYLE_COLOUR('',#149);
#148=CURVE_STYLE('',#150,POSITIVE_LENGTH_MEASURE(0.1),#149);
#149=COLOUR_RGB('Green',0.0,0.294,0.0);
#150=DRAUGHTING_PRE_DEFINED_CURVE_FONT('continuous');
#151=PRESENTATION_STYLE_ASSIGNMENT((#152,#157));
#152=SURFACE_STYLE_USAGE(.BOTH.,#153);
#153=SURFACE_SIDE_STYLE('',(#154));
#154=SURFACE_STYLE_FILL_AREA(#155);
#155=FILL_AREA_STYLE('',(#156));
#156=FILL_AREA_STYLE_COLOUR('',#158);
#157=CURVE_STYLE('',#159,POSITIVE_LENGTH_MEASURE(0.1),#158);
#158=COLOUR_RGB('Pin1Wrap',0.98,0.706,0.176);
#159=DRAUGHTING_PRE_DEFINED_CURVE_FONT('continuous');
#160=PRESENTATION_STYLE_ASSIGNMENT((#161,#166));
#161=SURFACE_STYLE_USAGE(.BOTH.,#162);
#162=SURFACE_SIDE_STYLE('',(#163));
#163=SURFACE_STYLE_FILL_AREA(#164);
#164=FILL_AREA_STYLE('',(#165));
#165=FILL_AREA_STYLE_COLOUR('',#167);
#166=CURVE_STYLE('',#168,POSITIVE_LENGTH_MEASURE(0.1),#167);
#167=COLOUR_RGB('Pin1Rad',0.588,0.588,0.588);
#168=DRAUGHTING_PRE_DEFINED_CURVE_FONT('continuous');
#169=PRESENTATION_STYLE_ASSIGNMENT((#170,#175));
#170=SURFACE_STYLE_USAGE(.BOTH.,#171);
#171=SURFACE_SIDE_STYLE('',(#172));
#172=SURFACE_STYLE_FILL_AREA(#173);
#173=FILL_AREA_STYLE('',(#174));
#174=FILL_AREA_STYLE_COLOUR('',#176);
#175=CURVE_STYLE('',#177,POSITIVE_LENGTH_MEASURE(0.1),#176);
#176=COLOUR_RGB('Pin1Axial',0.98,0.706,0.176);
#177=DRAUGHTING_PRE_DEFINED_CURVE_FONT('continuous');
#178=PRESENTATION_STYLE_ASSIGNMENT((#179,#184));
#179=SURFACE_STYLE_USAGE(.BOTH.,#180);
#180=SURFACE_SIDE_STYLE('',(#181));
#181=SURFACE_STYLE_FILL_AREA(#182);
#182=FILL_AREA_STYLE('',(#183));
#183=FILL_AREA_STYLE_COLOUR('',#185);
#184=CURVE_STYLE('',#186,POSITIVE_LENGTH_MEASURE(0.1),#185);
#185=COLOUR_RGB('Pin1Tant',0.459,0.345,0.176);
#186=DRAUGHTING_PRE_DEFINED_CURVE_FONT('continuous');
#187=PRESENTATION_STYLE_ASSIGNMENT((#188,#193));
#188=SURFACE_STYLE_USAGE(.BOTH.,#189);
#189=SURFACE_SIDE_STYLE('',(#190));
#190=SURFACE_STYLE_FILL_AREA(#191);
#191=FILL_AREA_STYLE('',(#192));
#192=FILL_AREA_STYLE_COLOUR('',#194);
#193=CURVE_STYLE('',#195,POSITIVE_LENGTH_MEASURE(0.1),#194);
#194=COLOUR_RGB('Shroud',0.235,0.235,0.235);
#195=DRAUGHTING_PRE_DEFINED_CURVE_FONT('continuous');
#197=MANIFOLD_SOLID_BREP($,#198);
#198=CLOSED_SHELL('',(#200,#275,#400,#451,#502,#561,#610,#669,#718,#767,#816,#865,#914,#963));
#199=STYLED_ITEM('color',(#34),#200);
#200=ADVANCED_FACE($,(#206, #250),#201,.T.);
#201=PLANE($,#202);
#202=AXIS2_PLACEMENT_3D($,#203,#204,#205);
#203=CARTESIAN_POINT('',(3.81,8.001,14.793));
#204=DIRECTION('',(0.0,-1.0,0.0));
#205=DIRECTION('',(1.,0.,0.));
#206=FACE_OUTER_BOUND($,#207,.T.);
#207=EDGE_LOOP($,(#210, #220, #230, #240));
#213=CARTESIAN_POINT('',(8.979,8.001,18.491));
#212=VERTEX_POINT('',#213);
#215=CARTESIAN_POINT('',(8.979,8.001,11.095));
#214=VERTEX_POINT('',#215);
#211=EDGE_CURVE('',#212,#214,#216,.T.);
#216=LINE('',#213,#218);
#218=VECTOR('',#219,7.39648);
#219=DIRECTION('',(0.0,0.0,-1.0));
#210=ORIENTED_EDGE('',*,*,#211,.F.);
#223=CARTESIAN_POINT('',(-1.359,8.001,18.491));
#222=VERTEX_POINT('',#223);
#221=EDGE_CURVE('',#222,#212,#226,.T.);
#226=LINE('',#223,#228);
#228=VECTOR('',#229,10.3377999472254);
#229=DIRECTION('',(1.0,0.0,0.0));
#220=ORIENTED_EDGE('',*,*,#221,.F.);
#233=CARTESIAN_POINT('',(-1.359,8.001,11.095));
#232=VERTEX_POINT('',#233);
#231=EDGE_CURVE('',#232,#222,#236,.T.);
#236=LINE('',#233,#238);
#238=VECTOR('',#239,7.39648);
#239=DIRECTION('',(0.0,0.0,1.0));
#230=ORIENTED_EDGE('',*,*,#231,.F.);
#241=EDGE_CURVE('',#214,#232,#246,.T.);
#246=LINE('',#215,#248);
#248=VECTOR('',#249,10.3377999472254);
#249=DIRECTION('',(-1.0,0.0,0.0));
#240=ORIENTED_EDGE('',*,*,#241,.F.);
#250=FACE_BOUND($,#251,.T.);
#251=EDGE_LOOP($,(#252, #263));
#255=CARTESIAN_POINT('',(6.399,8.001,14.793));
#254=VERTEX_POINT('',#255);
#257=CARTESIAN_POINT('',(1.221,8.001,14.793));
#256=VERTEX_POINT('',#257);
#253=EDGE_CURVE($,#254,#256,#258,.T.);
#258=CIRCLE($,#259,2.588768);
#260=CARTESIAN_POINT('',(3.81,8.001,14.793));
#259=AXIS2_PLACEMENT_3D($,#260,#261,#262);
#261=DIRECTION('',(0.0,-1.0,0.0));
#262=DIRECTION('',(-1.0,0.0,0.0));
#252=ORIENTED_EDGE('',*,*,#253,.F.);
#264=EDGE_CURVE($,#256,#254,#269,.T.);
#269=CIRCLE($,#270,2.588768);
#270=AXIS2_PLACEMENT_3D($,#260,#272,#273);
#272=DIRECTION('',(0.0,-1.0,0.0));
#273=DIRECTION('',(-1.0,0.0,0.0));
#263=ORIENTED_EDGE('',*,*,#264,.F.);
#274=STYLED_ITEM('color',(#34),#275);
#275=ADVANCED_FACE($,(#281, #375),#276,.T.);
#276=PLANE($,#277);
#277=AXIS2_PLACEMENT_3D($,#278,#279,#280);
#278=CARTESIAN_POINT('',(3.81,9.144,14.793));
#279=DIRECTION('',(0.,1.,0.));
#280=DIRECTION('',(-1.,0.,0.));
#281=FACE_OUTER_BOUND($,#282,.T.);
#282=EDGE_LOOP($,(#285, #295, #305, #315, #325, #335, #355, #365));
#288=CARTESIAN_POINT('',(-1.359,9.144,18.491));
#287=VERTEX_POINT('',#288);
#290=CARTESIAN_POINT('',(-1.359,9.144,11.095));
#289=VERTEX_POINT('',#290);
#286=EDGE_CURVE('',#287,#289,#291,.T.);
#291=LINE('',#288,#293);
#293=VECTOR('',#294,7.39648);
#294=DIRECTION('',(0.0,0.0,-1.0));
#285=ORIENTED_EDGE('',*,*,#286,.F.);
#298=CARTESIAN_POINT('',(8.979,9.144,18.491));
#297=VERTEX_POINT('',#298);
#296=EDGE_CURVE('',#297,#287,#301,.T.);
#301=LINE('',#298,#303);
#303=VECTOR('',#304,10.3377999099385);
#304=DIRECTION('',(-1.0,0.0,0.0));
#295=ORIENTED_EDGE('',*,*,#296,.F.);
#308=CARTESIAN_POINT('',(8.979,9.144,11.095));
#307=VERTEX_POINT('',#308);
#306=EDGE_CURVE('',#307,#297,#311,.T.);
#311=LINE('',#308,#313);
#313=VECTOR('',#314,7.39648);
#314=DIRECTION('',(0.0,0.0,1.0));
#305=ORIENTED_EDGE('',*,*,#306,.F.);
#318=CARTESIAN_POINT('',(7.945,9.144,11.095));
#317=VERTEX_POINT('',#318);
#316=EDGE_CURVE('',#317,#307,#321,.T.);
#321=LINE('',#318,#323);
#323=VECTOR('',#324,1.03377999654784);
#324=DIRECTION('',(1.0,0.0,0.0));
#315=ORIENTED_EDGE('',*,*,#316,.F.);
#328=CARTESIAN_POINT('',(7.945,9.144,3.698));
#327=VERTEX_POINT('',#328);
#326=EDGE_CURVE('',#327,#317,#331,.T.);
#331=LINE('',#328,#333);
#333=VECTOR('',#334,7.39648);
#334=DIRECTION('',(0.0,0.0,1.0));
#325=ORIENTED_EDGE('',*,*,#326,.F.);
#338=CARTESIAN_POINT('',(-0.325,9.144,3.698));
#337=VERTEX_POINT('',#338);
#336=EDGE_CURVE('',#337,#327,#341,.T.);
#341=LINE('',#338,#343);
#343=VECTOR('',#344,8.27023991684282);
#344=DIRECTION('',(1.0,0.0,0.0));
#335=ORIENTED_EDGE('',*,*,#336,.F.);
#358=CARTESIAN_POINT('',(-0.325,9.144,11.095));
#357=VERTEX_POINT('',#358);
#356=EDGE_CURVE('',#357,#337,#361,.T.);
#361=LINE('',#358,#363);
#363=VECTOR('',#364,7.39648);
#364=DIRECTION('',(0.0,0.0,-1.0));
#355=ORIENTED_EDGE('',*,*,#356,.F.);
#366=EDGE_CURVE('',#289,#357,#371,.T.);
#371=LINE('',#290,#373);
#373=VECTOR('',#374,1.03377999654783);
#374=DIRECTION('',(1.0,0.0,0.0));
#365=ORIENTED_EDGE('',*,*,#366,.F.);
#375=FACE_BOUND($,#376,.T.);
#376=EDGE_LOOP($,(#377, #388));
#380=CARTESIAN_POINT('',(1.221,9.144,14.793));
#379=VERTEX_POINT('',#380);
#382=CARTESIAN_POINT('',(6.399,9.144,14.793));
#381=VERTEX_POINT('',#382);
#378=EDGE_CURVE($,#379,#381,#383,.T.);
#383=CIRCLE($,#384,2.588768);
#385=CARTESIAN_POINT('',(3.81,9.144,14.793));
#384=AXIS2_PLACEMENT_3D($,#385,#386,#387);
#386=DIRECTION('',(0.0,1.0,0.0));
#387=DIRECTION('',(1.0,0.0,0.0));
#377=ORIENTED_EDGE('',*,*,#378,.F.);
#389=EDGE_CURVE($,#381,#379,#394,.T.);
#394=CIRCLE($,#395,2.588768);
#395=AXIS2_PLACEMENT_3D($,#385,#397,#398);
#397=DIRECTION('',(0.0,1.0,0.0));
#398=DIRECTION('',(1.0,0.0,0.0));
#388=ORIENTED_EDGE('',*,*,#389,.F.);
#399=STYLED_ITEM($,(#34),#400);
#400=ADVANCED_FACE($,(#406),#401,.F.);
#401=CYLINDRICAL_SURFACE($,#402,2.588768);
#402=AXIS2_PLACEMENT_3D($,#403,#404,#405);
#403=CARTESIAN_POINT('',(3.81,8.001,14.793));
#404=DIRECTION('',(0.0,1.0,0.0));
#405=DIRECTION('',(0.,0.,1.));
#406=FACE_OUTER_BOUND($,#407,.T.);
#407=EDGE_LOOP($,(#419,#429,#440,#408));
#420=EDGE_CURVE('',#379,#256,#425,.T.);
#425=LINE('',#380,#427);
#427=VECTOR('',#428,1.14299998642971);
#428=DIRECTION('',(0.0,-1.0,0.0));
#419=ORIENTED_EDGE('',*,*,#420,.F.);
#429=ORIENTED_EDGE('',*,*,#378,.T.);
#441=EDGE_CURVE('',#254,#381,#446,.T.);
#446=LINE('',#255,#448);
#448=VECTOR('',#449,1.14299998642971);
#449=DIRECTION('',(0.0,1.0,0.0));
#440=ORIENTED_EDGE('',*,*,#441,.F.);
#408=ORIENTED_EDGE('',*,*,#253,.T.);
#450=STYLED_ITEM($,(#34),#451);
#451=ADVANCED_FACE($,(#457),#452,.F.);
#452=CYLINDRICAL_SURFACE($,#453,2.588768);
#453=AXIS2_PLACEMENT_3D($,#454,#455,#456);
#454=CARTESIAN_POINT('',(3.81,8.001,14.793));
#455=DIRECTION('',(0.0,1.0,0.0));
#456=DIRECTION('',(0.,0.,1.));
#457=FACE_OUTER_BOUND($,#458,.T.);
#458=EDGE_LOOP($,(#470,#480,#491,#459));
#470=ORIENTED_EDGE('',*,*,#441,.T.);
#480=ORIENTED_EDGE('',*,*,#389,.T.);
#491=ORIENTED_EDGE('',*,*,#420,.T.);
#459=ORIENTED_EDGE('',*,*,#264,.T.);
#501=STYLED_ITEM('',(#34),#502);
#502=ADVANCED_FACE('',(#508),#503,.T.);
#503=PLANE('',#504);
#504=AXIS2_PLACEMENT_3D('',#505,#506,#507);
#505=CARTESIAN_POINT('',(8.979,8.001,11.095));
#506=DIRECTION('',(1.0,0.0,0.0));
#507=DIRECTION('',(0.,1.,0.));
#508=FACE_OUTER_BOUND('',#509,.T.);
#509=EDGE_LOOP('',(#510,#520,#530,#540,#550));
#513=CARTESIAN_POINT('',(8.979,9.042,11.095));
#512=VERTEX_POINT('',#513);
#511=EDGE_CURVE('',#512,#214,#516,.T.);
#516=LINE('',#513,#518);
#518=VECTOR('',#519,1.04139998394897);
#519=DIRECTION('',(0.0,-1.0,0.0));
#510=ORIENTED_EDGE('',*,*,#511,.F.);
#521=EDGE_CURVE('',#307,#512,#526,.T.);
#526=LINE('',#308,#528);
#528=VECTOR('',#529,0.101599998541294);
#529=DIRECTION('',(0.0,-1.0,0.0));
#520=ORIENTED_EDGE('',*,*,#521,.F.);
#530=ORIENTED_EDGE('',*,*,#306,.T.);
#541=EDGE_CURVE('',#212,#297,#546,.T.);
#546=LINE('',#213,#548);
#548=VECTOR('',#549,1.14299998249026);
#549=DIRECTION('',(0.0,1.0,0.0));
#540=ORIENTED_EDGE('',*,*,#541,.F.);
#550=ORIENTED_EDGE('',*,*,#211,.T.);
#560=STYLED_ITEM('',(#34),#561);
#561=ADVANCED_FACE('',(#567),#562,.T.);
#562=PLANE('',#563);
#563=AXIS2_PLACEMENT_3D('',#564,#565,#566);
#564=CARTESIAN_POINT('',(8.979,9.144,18.491));
#565=DIRECTION('',(0.0,0.0,1.0));
#566=DIRECTION('',(0.,1.,0.));
#567=FACE_OUTER_BOUND('',#568,.T.);
#568=EDGE_LOOP('',(#569,#579,#589,#599));
#569=ORIENTED_EDGE('',*,*,#296,.T.);
#580=EDGE_CURVE('',#222,#287,#585,.T.);
#585=LINE('',#223,#587);
#587=VECTOR('',#588,1.14299998249026);
#588=DIRECTION('',(0.0,1.0,0.0));
#579=ORIENTED_EDGE('',*,*,#580,.F.);
#589=ORIENTED_EDGE('',*,*,#221,.T.);
#599=ORIENTED_EDGE('',*,*,#541,.T.);
#609=STYLED_ITEM('',(#34),#610);
#610=ADVANCED_FACE('',(#616),#611,.T.);
#611=PLANE('',#612);
#612=AXIS2_PLACEMENT_3D('',#613,#614,#615);
#613=CARTESIAN_POINT('',(-1.359,9.144,11.095));
#614=DIRECTION('',(-1.0,0.0,0.0));
#615=DIRECTION('',(0.,1.,0.));
#616=FACE_OUTER_BOUND('',#617,.T.);
#617=EDGE_LOOP('',(#618,#628,#638,#648,#658));
#621=CARTESIAN_POINT('',(-1.359,9.042,11.095));
#620=VERTEX_POINT('',#621);
#619=EDGE_CURVE('',#620,#289,#624,.T.);
#624=LINE('',#621,#626);
#626=VECTOR('',#627,0.101599998541291);
#627=DIRECTION('',(0.0,1.0,0.0));
#618=ORIENTED_EDGE('',*,*,#619,.F.);
#629=EDGE_CURVE('',#232,#620,#634,.T.);
#634=LINE('',#233,#636);
#636=VECTOR('',#637,1.04139998394897);
#637=DIRECTION('',(0.0,1.0,0.0));
#628=ORIENTED_EDGE('',*,*,#629,.F.);
#638=ORIENTED_EDGE('',*,*,#231,.T.);
#648=ORIENTED_EDGE('',*,*,#580,.T.);
#658=ORIENTED_EDGE('',*,*,#286,.T.);
#668=STYLED_ITEM('',(#34),#669);
#669=ADVANCED_FACE('',(#675),#670,.T.);
#670=PLANE('',#671);
#671=AXIS2_PLACEMENT_3D('',#672,#673,#674);
#672=CARTESIAN_POINT('',(8.979,9.144,11.095));
#673=DIRECTION('',(0.0,0.0,-1.0));
#674=DIRECTION('',(0.,1.,0.));
#675=FACE_OUTER_BOUND('',#676,.T.);
#676=EDGE_LOOP('',(#677,#687,#697,#707));
#677=ORIENTED_EDGE('',*,*,#521,.T.);
#690=CARTESIAN_POINT('',(7.945,9.042,11.095));
#689=VERTEX_POINT('',#690);
#688=EDGE_CURVE('',#689,#512,#693,.T.);
#693=LINE('',#690,#695);
#695=VECTOR('',#696,1.03377999679266);
#696=DIRECTION('',(1.0,0.0,0.0));
#687=ORIENTED_EDGE('',*,*,#688,.F.);
#698=EDGE_CURVE('',#317,#689,#703,.T.);
#703=LINE('',#318,#705);
#705=VECTOR('',#706,0.101599998660026);
#706=DIRECTION('',(0.0,-1.0,0.0));
#697=ORIENTED_EDGE('',*,*,#698,.F.);
#707=ORIENTED_EDGE('',*,*,#316,.T.);
#717=STYLED_ITEM('',(#34),#718);
#718=ADVANCED_FACE('',(#724),#719,.T.);
#719=PLANE('',#720);
#720=AXIS2_PLACEMENT_3D('',#721,#722,#723);
#721=CARTESIAN_POINT('',(7.945,9.042,3.698));
#722=DIRECTION('',(1.0,0.0,0.0));
#723=DIRECTION('',(0.,0.,1.));
#724=FACE_OUTER_BOUND('',#725,.T.);
#725=EDGE_LOOP('',(#726,#736,#746,#756));
#731=CARTESIAN_POINT('',(7.945,9.042,3.698));
#730=VERTEX_POINT('',#731);
#727=EDGE_CURVE('',#327,#730,#732,.T.);
#732=LINE('',#328,#734);
#734=VECTOR('',#735,0.101599998660026);
#735=DIRECTION('',(0.0,-1.0,0.0));
#726=ORIENTED_EDGE('',*,*,#727,.F.);
#736=ORIENTED_EDGE('',*,*,#326,.T.);
#746=ORIENTED_EDGE('',*,*,#698,.T.);
#757=EDGE_CURVE('',#730,#689,#762,.T.);
#762=LINE('',#731,#764);
#764=VECTOR('',#765,7.39648);
#765=DIRECTION('',(0.0,0.0,1.0));
#756=ORIENTED_EDGE('',*,*,#757,.F.);
#766=STYLED_ITEM('',(#34),#767);
#767=ADVANCED_FACE('',(#773),#768,.T.);
#768=PLANE('',#769);
#769=AXIS2_PLACEMENT_3D('',#770,#771,#772);
#770=CARTESIAN_POINT('',(7.945,9.042,3.698));
#771=DIRECTION('',(0.0,0.0,-1.0));
#772=DIRECTION('',(0.,1.,0.));
#773=FACE_OUTER_BOUND('',#774,.T.);
#774=EDGE_LOOP('',(#775,#785,#795,#805));
#778=CARTESIAN_POINT('',(-0.325,9.042,3.698));
#777=VERTEX_POINT('',#778);
#776=EDGE_CURVE('',#777,#730,#781,.T.);
#781=LINE('',#778,#783);
#783=VECTOR('',#784,8.270239919123);
#784=DIRECTION('',(1.0,0.0,0.0));
#775=ORIENTED_EDGE('',*,*,#776,.F.);
#786=EDGE_CURVE('',#337,#777,#791,.T.);
#791=LINE('',#338,#793);
#793=VECTOR('',#794,0.101599998660027);
#794=DIRECTION('',(0.0,-1.0,0.0));
#785=ORIENTED_EDGE('',*,*,#786,.F.);
#795=ORIENTED_EDGE('',*,*,#336,.T.);
#805=ORIENTED_EDGE('',*,*,#727,.T.);
#815=STYLED_ITEM('',(#34),#816);
#816=ADVANCED_FACE('',(#822),#817,.T.);
#817=PLANE('',#818);
#818=AXIS2_PLACEMENT_3D('',#819,#820,#821);
#819=CARTESIAN_POINT('',(-0.325,9.042,3.698));
#820=DIRECTION('',(-1.0,0.0,0.0));
#821=DIRECTION('',(0.,0.,1.));
#822=FACE_OUTER_BOUND('',#823,.T.);
#823=EDGE_LOOP('',(#824,#834,#844,#854));
#827=CARTESIAN_POINT('',(-0.325,9.042,11.095));
#826=VERTEX_POINT('',#827);
#825=EDGE_CURVE('',#826,#777,#830,.T.);
#830=LINE('',#827,#832);
#832=VECTOR('',#833,7.39648);
#833=DIRECTION('',(0.0,0.0,-1.0));
#824=ORIENTED_EDGE('',*,*,#825,.F.);
#835=EDGE_CURVE('',#357,#826,#840,.T.);
#840=LINE('',#358,#842);
#842=VECTOR('',#843,0.101599998660027);
#843=DIRECTION('',(0.0,-1.0,0.0));
#834=ORIENTED_EDGE('',*,*,#835,.F.);
#844=ORIENTED_EDGE('',*,*,#356,.T.);
#854=ORIENTED_EDGE('',*,*,#786,.T.);
#864=STYLED_ITEM('',(#34),#865);
#865=ADVANCED_FACE('',(#871),#866,.T.);
#866=PLANE('',#867);
#867=AXIS2_PLACEMENT_3D('',#868,#869,#870);
#868=CARTESIAN_POINT('',(-0.325,9.042,11.095));
#869=DIRECTION('',(0.0,0.0,-1.0));
#870=DIRECTION('',(0.,1.,0.));
#871=FACE_OUTER_BOUND('',#872,.T.);
#872=EDGE_LOOP('',(#873,#883,#893,#903));
#874=EDGE_CURVE('',#620,#826,#879,.T.);
#879=LINE('',#621,#881);
#881=VECTOR('',#882,1.03377999679265);
#882=DIRECTION('',(1.0,0.0,0.0));
#873=ORIENTED_EDGE('',*,*,#874,.F.);
#883=ORIENTED_EDGE('',*,*,#619,.T.);
#893=ORIENTED_EDGE('',*,*,#366,.T.);
#903=ORIENTED_EDGE('',*,*,#835,.T.);
#913=STYLED_ITEM('',(#34),#914);
#914=ADVANCED_FACE('',(#920),#915,.T.);
#915=PLANE('',#916);
#916=AXIS2_PLACEMENT_3D('',#917,#918,#919);
#917=CARTESIAN_POINT('',(-0.325,9.042,3.698));
#918=DIRECTION('',(0.0,-1.0,0.0));
#919=DIRECTION('',(0.,0.,1.));
#920=FACE_OUTER_BOUND('',#921,.T.);
#921=EDGE_LOOP('',(#922,#932,#942,#952));
#922=ORIENTED_EDGE('',*,*,#776,.T.);
#932=ORIENTED_EDGE('',*,*,#757,.T.);
#943=EDGE_CURVE('',#826,#689,#948,.T.);
#948=LINE('',#827,#950);
#950=VECTOR('',#951,8.270239919123);
#951=DIRECTION('',(1.0,0.0,0.0));
#942=ORIENTED_EDGE('',*,*,#943,.F.);
#952=ORIENTED_EDGE('',*,*,#825,.T.);
#962=STYLED_ITEM('',(#34),#963);
#963=ADVANCED_FACE('',(#969),#964,.T.);
#964=PLANE('',#965);
#965=AXIS2_PLACEMENT_3D('',#966,#967,#968);
#966=CARTESIAN_POINT('',(8.979,8.001,11.095));
#967=DIRECTION('',(0.0,0.0,-1.0));
#968=DIRECTION('',(0.,1.,0.));
#969=FACE_OUTER_BOUND('',#970,.T.);
#970=EDGE_LOOP('',(#971,#981,#991,#1001,#1011,#1021));
#971=ORIENTED_EDGE('',*,*,#241,.T.);
#981=ORIENTED_EDGE('',*,*,#629,.T.);
#991=ORIENTED_EDGE('',*,*,#874,.T.);
#1001=ORIENTED_EDGE('',*,*,#943,.T.);
#1011=ORIENTED_EDGE('',*,*,#688,.T.);
#1021=ORIENTED_EDGE('',*,*,#511,.T.);
#1031=MANIFOLD_SOLID_BREP($,#1032);
#1032=CLOSED_SHELL('',(#1034,#1103,#1152,#1201,#1250,#1299,#1348,#1397));
#1033=STYLED_ITEM('',(#43),#1034);
#1034=ADVANCED_FACE('',(#1040),#1035,.T.);
#1035=PLANE('',#1036);
#1036=AXIS2_PLACEMENT_3D('',#1037,#1038,#1039);
#1037=CARTESIAN_POINT('',(9.08,5.606,0.0));
#1038=DIRECTION('',(0.0,0.0,-1.0));
#1039=DIRECTION('',(0.,1.,0.));
#1040=FACE_OUTER_BOUND('',#1041,.T.);
#1041=EDGE_LOOP('',(#1042,#1052,#1062,#1072,#1082,#1092));
#1045=CARTESIAN_POINT('',(8.047,4.572,0.0));
#1044=VERTEX_POINT('',#1045);
#1047=CARTESIAN_POINT('',(9.08,5.606,0.0));
#1046=VERTEX_POINT('',#1047);
#1043=EDGE_CURVE('',#1044,#1046,#1048,.T.);
#1048=LINE('',#1045,#1050);
#1050=VECTOR('',#1051,1.46198567595258);
#1051=DIRECTION('',(0.707,0.707,0.0));
#1042=ORIENTED_EDGE('',*,*,#1043,.F.);
#1055=CARTESIAN_POINT('',(-0.427,4.572,0.0));
#1054=VERTEX_POINT('',#1055);
#1053=EDGE_CURVE('',#1054,#1044,#1058,.T.);
#1058=LINE('',#1055,#1060);
#1060=VECTOR('',#1061,8.47343991604721);
#1061=DIRECTION('',(1.0,0.0,0.0));
#1052=ORIENTED_EDGE('',*,*,#1053,.F.);
#1065=CARTESIAN_POINT('',(-1.461,5.606,0.0));
#1064=VERTEX_POINT('',#1065);
#1063=EDGE_CURVE('',#1064,#1054,#1068,.T.);
#1068=LINE('',#1065,#1070);
#1070=VECTOR('',#1071,1.46198567595258);
#1071=DIRECTION('',(0.707,-0.707,0.0));
#1062=ORIENTED_EDGE('',*,*,#1063,.F.);
#1075=CARTESIAN_POINT('',(-1.46,9.042,0.0));
#1074=VERTEX_POINT('',#1075);
#1073=EDGE_CURVE('',#1074,#1064,#1078,.T.);
#1078=LINE('',#1075,#1080);
#1080=VECTOR('',#1081,3.43661994375621);
#1081=DIRECTION('',(0.0,-1.0,0.0));
#1072=ORIENTED_EDGE('',*,*,#1073,.F.);
#1085=CARTESIAN_POINT('',(9.081,9.042,0.0));
#1084=VERTEX_POINT('',#1085);
#1083=EDGE_CURVE('',#1084,#1074,#1088,.T.);
#1088=LINE('',#1085,#1090);
#1090=VECTOR('',#1091,10.5409999121922);
#1091=DIRECTION('',(-1.0,0.0,0.0));
#1082=ORIENTED_EDGE('',*,*,#1083,.F.);
#1093=EDGE_CURVE('',#1046,#1084,#1098,.T.);
#1098=LINE('',#1047,#1100);
#1100=VECTOR('',#1101,3.43662050864622);
#1101=DIRECTION('',(0.0,1.0,0.0));
#1092=ORIENTED_EDGE('',*,*,#1093,.F.);
#1102=STYLED_ITEM('',(#43),#1103);
#1103=ADVANCED_FACE('',(#1109),#1104,.T.);
#1104=PLANE('',#1105);
#1105=AXIS2_PLACEMENT_3D('',#1106,#1107,#1108);
#1106=CARTESIAN_POINT('',(-0.427,4.572,0.0));
#1107=DIRECTION('',(0.0,-1.0,0.0));
#1108=DIRECTION('',(0.,0.,1.));
#1109=FACE_OUTER_BOUND('',#1110,.T.);
#1110=EDGE_LOOP('',(#1111,#1121,#1131,#1141));
#1111=ORIENTED_EDGE('',*,*,#1053,.T.);
#1124=CARTESIAN_POINT('',(8.047,4.572,11.095));
#1123=VERTEX_POINT('',#1124);
#1122=EDGE_CURVE('',#1123,#1044,#1127,.T.);
#1127=LINE('',#1124,#1129);
#1129=VECTOR('',#1130,11.09472);
#1130=DIRECTION('',(0.0,0.0,-1.0));
#1121=ORIENTED_EDGE('',*,*,#1122,.F.);
#1134=CARTESIAN_POINT('',(-0.427,4.572,11.095));
#1133=VERTEX_POINT('',#1134);
#1132=EDGE_CURVE('',#1133,#1123,#1137,.T.);
#1137=LINE('',#1134,#1139);
#1139=VECTOR('',#1140,8.47343991604721);
#1140=DIRECTION('',(1.0,0.0,0.0));
#1131=ORIENTED_EDGE('',*,*,#1132,.F.);
#1142=EDGE_CURVE('',#1054,#1133,#1147,.T.);
#1147=LINE('',#1055,#1149);
#1149=VECTOR('',#1150,11.09472);
#1150=DIRECTION('',(0.0,0.0,1.0));
#1141=ORIENTED_EDGE('',*,*,#1142,.F.);
#1151=STYLED_ITEM('',(#43),#1152);
#1152=ADVANCED_FACE('',(#1158),#1153,.T.);
#1153=PLANE('',#1154);
#1154=AXIS2_PLACEMENT_3D('',#1155,#1156,#1157);
#1155=CARTESIAN_POINT('',(8.047,4.572,0.0));
#1156=DIRECTION('',(0.707,-0.707,0.0));
#1157=DIRECTION('',(0.,0.,1.));
#1158=FACE_OUTER_BOUND('',#1159,.T.);
#1159=EDGE_LOOP('',(#1160,#1170,#1180,#1190));
#1160=ORIENTED_EDGE('',*,*,#1043,.T.);
#1173=CARTESIAN_POINT('',(9.08,5.606,11.095));
#1172=VERTEX_POINT('',#1173);
#1171=EDGE_CURVE('',#1172,#1046,#1176,.T.);
#1176=LINE('',#1173,#1178);
#1178=VECTOR('',#1179,11.09472);
#1179=DIRECTION('',(0.0,0.0,-1.0));
#1170=ORIENTED_EDGE('',*,*,#1171,.F.);
#1181=EDGE_CURVE('',#1123,#1172,#1186,.T.);
#1186=LINE('',#1124,#1188);
#1188=VECTOR('',#1189,1.46198567595258);
#1189=DIRECTION('',(0.707,0.707,0.0));
#1180=ORIENTED_EDGE('',*,*,#1181,.F.);
#1190=ORIENTED_EDGE('',*,*,#1122,.T.);
#1200=STYLED_ITEM('',(#43),#1201);
#1201=ADVANCED_FACE('',(#1207),#1202,.T.);
#1202=PLANE('',#1203);
#1203=AXIS2_PLACEMENT_3D('',#1204,#1205,#1206);
#1204=CARTESIAN_POINT('',(9.08,5.606,0.0));
#1205=DIRECTION('',(1.0,0.0,0.0));
#1206=DIRECTION('',(0.,0.,1.));
#1207=FACE_OUTER_BOUND('',#1208,.T.);
#1208=EDGE_LOOP('',(#1209,#1219,#1229,#1239));
#1209=ORIENTED_EDGE('',*,*,#1093,.T.);
#1222=CARTESIAN_POINT('',(9.081,9.042,11.095));
#1221=VERTEX_POINT('',#1222);
#1220=EDGE_CURVE('',#1221,#1084,#1225,.T.);
#1225=LINE('',#1222,#1227);
#1227=VECTOR('',#1228,11.09472);
#1228=DIRECTION('',(0.0,0.0,-1.0));
#1219=ORIENTED_EDGE('',*,*,#1220,.F.);
#1230=EDGE_CURVE('',#1172,#1221,#1235,.T.);
#1235=LINE('',#1173,#1237);
#1237=VECTOR('',#1238,3.43662050864622);
#1238=DIRECTION('',(0.0,1.0,0.0));
#1229=ORIENTED_EDGE('',*,*,#1230,.F.);
#1239=ORIENTED_EDGE('',*,*,#1171,.T.);
#1249=STYLED_ITEM('',(#43),#1250);
#1250=ADVANCED_FACE('',(#1256),#1251,.T.);
#1251=PLANE('',#1252);
#1252=AXIS2_PLACEMENT_3D('',#1253,#1254,#1255);
#1253=CARTESIAN_POINT('',(9.081,9.042,0.0));
#1254=DIRECTION('',(0.0,1.0,0.0));
#1255=DIRECTION('',(0.,0.,1.));
#1256=FACE_OUTER_BOUND('',#1257,.T.);
#1257=EDGE_LOOP('',(#1258,#1268,#1278,#1288));
#1258=ORIENTED_EDGE('',*,*,#1083,.T.);
#1271=CARTESIAN_POINT('',(-1.46,9.042,11.095));
#1270=VERTEX_POINT('',#1271);
#1269=EDGE_CURVE('',#1270,#1074,#1274,.T.);
#1274=LINE('',#1271,#1276);
#1276=VECTOR('',#1277,11.09472);
#1277=DIRECTION('',(0.0,0.0,-1.0));
#1268=ORIENTED_EDGE('',*,*,#1269,.F.);
#1279=EDGE_CURVE('',#1221,#1270,#1284,.T.);
#1284=LINE('',#1222,#1286);
#1286=VECTOR('',#1287,10.5409999121922);
#1287=DIRECTION('',(-1.0,0.0,0.0));
#1278=ORIENTED_EDGE('',*,*,#1279,.F.);
#1288=ORIENTED_EDGE('',*,*,#1220,.T.);
#1298=STYLED_ITEM('',(#43),#1299);
#1299=ADVANCED_FACE('',(#1305),#1300,.T.);
#1300=PLANE('',#1301);
#1301=AXIS2_PLACEMENT_3D('',#1302,#1303,#1304);
#1302=CARTESIAN_POINT('',(-1.46,9.042,0.0));
#1303=DIRECTION('',(-1.0,0.0,0.0));
#1304=DIRECTION('',(0.,0.,1.));
#1305=FACE_OUTER_BOUND('',#1306,.T.);
#1306=EDGE_LOOP('',(#1307,#1317,#1327,#1337));
#1307=ORIENTED_EDGE('',*,*,#1073,.T.);
#1320=CARTESIAN_POINT('',(-1.461,5.606,11.095));
#1319=VERTEX_POINT('',#1320);
#1318=EDGE_CURVE('',#1319,#1064,#1323,.T.);
#1323=LINE('',#1320,#1325);
#1325=VECTOR('',#1326,11.09472);
#1326=DIRECTION('',(0.0,0.0,-1.0));
#1317=ORIENTED_EDGE('',*,*,#1318,.F.);
#1328=EDGE_CURVE('',#1270,#1319,#1333,.T.);
#1333=LINE('',#1271,#1335);
#1335=VECTOR('',#1336,3.43661994375621);
#1336=DIRECTION('',(0.0,-1.0,0.0));
#1327=ORIENTED_EDGE('',*,*,#1328,.F.);
#1337=ORIENTED_EDGE('',*,*,#1269,.T.);
#1347=STYLED_ITEM('',(#43),#1348);
#1348=ADVANCED_FACE('',(#1354),#1349,.T.);
#1349=PLANE('',#1350);
#1350=AXIS2_PLACEMENT_3D('',#1351,#1352,#1353);
#1351=CARTESIAN_POINT('',(-1.461,5.606,0.0));
#1352=DIRECTION('',(-0.707,-0.707,0.0));
#1353=DIRECTION('',(0.,0.,1.));
#1354=FACE_OUTER_BOUND('',#1355,.T.);
#1355=EDGE_LOOP('',(#1356,#1366,#1376,#1386));
#1356=ORIENTED_EDGE('',*,*,#1063,.T.);
#1366=ORIENTED_EDGE('',*,*,#1142,.T.);
#1377=EDGE_CURVE('',#1319,#1133,#1382,.T.);
#1382=LINE('',#1320,#1384);
#1384=VECTOR('',#1385,1.46198567595258);
#1385=DIRECTION('',(0.707,-0.707,0.0));
#1376=ORIENTED_EDGE('',*,*,#1377,.F.);
#1386=ORIENTED_EDGE('',*,*,#1318,.T.);
#1396=STYLED_ITEM('',(#43),#1397);
#1397=ADVANCED_FACE('',(#1403),#1398,.T.);
#1398=PLANE('',#1399);
#1399=AXIS2_PLACEMENT_3D('',#1400,#1401,#1402);
#1400=CARTESIAN_POINT('',(9.081,9.042,11.095));
#1401=DIRECTION('',(0.0,0.0,1.0));
#1402=DIRECTION('',(0.,1.,0.));
#1403=FACE_OUTER_BOUND('',#1404,.T.);
#1404=EDGE_LOOP('',(#1405,#1415,#1425,#1435,#1445,#1455));
#1405=ORIENTED_EDGE('',*,*,#1279,.T.);
#1415=ORIENTED_EDGE('',*,*,#1328,.T.);
#1425=ORIENTED_EDGE('',*,*,#1377,.T.);
#1435=ORIENTED_EDGE('',*,*,#1132,.T.);
#1445=ORIENTED_EDGE('',*,*,#1181,.T.);
#1455=ORIENTED_EDGE('',*,*,#1230,.T.);
#1466=MANIFOLD_SOLID_BREP($,#1467);
#1467=CLOSED_SHELL('',(#1469,#1500,#1531,#1584,#1637,#1690,#1743,#1796,#1849,#1902,#1955,#2008));
#1468=STYLED_ITEM('color',(#34),#1469);
#1469=ADVANCED_FACE($,(#1475),#1470,.T.);
#1470=PLANE($,#1471);
#1471=AXIS2_PLACEMENT_3D($,#1472,#1473,#1474);
#1472=CARTESIAN_POINT('',(7.62,5.258,0.0));
#1473=DIRECTION('',(0.,0.,1.));
#1474=DIRECTION('',(0.,1.,0.));
#1475=FACE_OUTER_BOUND($,#1476,.T.);
#1476=EDGE_LOOP($,(#1477, #1488));
#1480=CARTESIAN_POINT('',(7.62,5.715,0.0));
#1479=VERTEX_POINT('',#1480);
#1482=CARTESIAN_POINT('',(7.62,4.801,0.0));
#1481=VERTEX_POINT('',#1482);
#1478=EDGE_CURVE($,#1479,#1481,#1483,.T.);
#1483=CIRCLE($,#1484,0.4572);
#1485=CARTESIAN_POINT('',(7.62,5.258,0.0));
#1484=AXIS2_PLACEMENT_3D($,#1485,#1486,#1487);
#1486=DIRECTION('',(0.0,0.0,-1.0));
#1487=DIRECTION('',(0.0,-1.0,0.0));
#1477=ORIENTED_EDGE('',*,*,#1478,.F.);
#1489=EDGE_CURVE($,#1481,#1479,#1494,.T.);
#1494=CIRCLE($,#1495,0.4572);
#1495=AXIS2_PLACEMENT_3D($,#1485,#1497,#1498);
#1497=DIRECTION('',(0.0,0.0,-1.0));
#1498=DIRECTION('',(0.0,1.0,0.0));
#1488=ORIENTED_EDGE('',*,*,#1489,.F.);
#1499=STYLED_ITEM('color',(#34),#1500);
#1500=ADVANCED_FACE($,(#1506),#1501,.T.);
#1501=PLANE($,#1502);
#1502=AXIS2_PLACEMENT_3D($,#1503,#1504,#1505);
#1503=CARTESIAN_POINT('',(7.62,0.0,-6.198));
#1504=DIRECTION('',(0.,0.,-1.));
#1505=DIRECTION('',(0.,1.,0.));
#1506=FACE_OUTER_BOUND($,#1507,.T.);
#1507=EDGE_LOOP($,(#1508, #1519));
#1511=CARTESIAN_POINT('',(7.62,0.457,-6.198));
#1510=VERTEX_POINT('',#1511);
#1513=CARTESIAN_POINT('',(7.62,-0.457,-6.198));
#1512=VERTEX_POINT('',#1513);
#1509=EDGE_CURVE($,#1510,#1512,#1514,.T.);
#1514=CIRCLE($,#1515,0.4572);
#1516=CARTESIAN_POINT('',(7.62,0.0,-6.198));
#1515=AXIS2_PLACEMENT_3D($,#1516,#1517,#1518);
#1517=DIRECTION('',(0.0,0.0,1.0));
#1518=DIRECTION('',(0.0,-1.0,0.0));
#1508=ORIENTED_EDGE('',*,*,#1509,.F.);
#1520=EDGE_CURVE($,#1512,#1510,#1525,.T.);
#1525=CIRCLE($,#1526,0.4572);
#1526=AXIS2_PLACEMENT_3D($,#1516,#1528,#1529);
#1528=DIRECTION('',(0.0,0.0,1.0));
#1529=DIRECTION('',(0.0,1.0,0.0));
#1519=ORIENTED_EDGE('',*,*,#1520,.F.);
#1530=STYLED_ITEM('color',(#34),#1531);
#1531=ADVANCED_FACE($,(#1537),#1532,.T.);
#1532=CYLINDRICAL_SURFACE($,#1533,0.4572);
#1533=AXIS2_PLACEMENT_3D($,#1534,#1535,#1536);
#1534=CARTESIAN_POINT('',(7.62,5.258,-0.366));
#1535=DIRECTION('',(0.,0.,1.));
#1536=DIRECTION('',(1.0,0.0,0.0));
#1537=FACE_OUTER_BOUND($,#1538,.T.);
#1538=EDGE_LOOP($,(#1561, #1539, #1571, #1550));
#1564=CARTESIAN_POINT('',(7.62,5.715,-0.366));
#1563=VERTEX_POINT('',#1564);
#1562=EDGE_CURVE('',#1563,#1479,#1567,.T.);
#1567=LINE('',#1564,#1569);
#1569=VECTOR('',#1570,0.36576);
#1570=DIRECTION('',(0.0,0.0,1.0));
#1561=ORIENTED_EDGE('',*,*,#1562,.F.);
#1542=CARTESIAN_POINT('',(7.62,4.801,-0.366));
#1541=VERTEX_POINT('',#1542);
#1540=EDGE_CURVE($,#1541,#1563,#1545,.T.);
#1545=CIRCLE($,#1546,0.4572);
#1547=CARTESIAN_POINT('',(7.62,5.258,-0.366));
#1546=AXIS2_PLACEMENT_3D($,#1547,#1548,#1549);
#1548=DIRECTION('',(0.0,0.0,-1.0));
#1549=DIRECTION('',(0.0,1.0,0.0));
#1539=ORIENTED_EDGE('',*,*,#1540,.F.);
#1572=EDGE_CURVE('',#1481,#1541,#1577,.T.);
#1577=LINE('',#1482,#1579);
#1579=VECTOR('',#1580,0.36576);
#1580=DIRECTION('',(0.0,0.0,-1.0));
#1571=ORIENTED_EDGE('',*,*,#1572,.F.);
#1550=ORIENTED_EDGE('',*,*,#1489,.T.);
#1583=STYLED_ITEM('color',(#34),#1584);
#1584=ADVANCED_FACE($,(#1590),#1585,.T.);
#1585=CYLINDRICAL_SURFACE($,#1586,0.4572);
#1586=AXIS2_PLACEMENT_3D($,#1587,#1588,#1589);
#1587=CARTESIAN_POINT('',(7.62,5.258,-0.366));
#1588=DIRECTION('',(0.,0.,1.));
#1589=DIRECTION('',(1.0,0.0,0.0));
#1590=FACE_OUTER_BOUND($,#1591,.T.);
#1591=EDGE_LOOP($,(#1614, #1592, #1624, #1603));
#1614=ORIENTED_EDGE('',*,*,#1572,.T.);
#1593=EDGE_CURVE($,#1563,#1541,#1598,.T.);
#1598=CIRCLE($,#1599,0.4572);
#1599=AXIS2_PLACEMENT_3D($,#1547,#1601,#1602);
#1601=DIRECTION('',(0.0,0.0,-1.0));
#1602=DIRECTION('',(0.0,-1.0,0.0));
#1592=ORIENTED_EDGE('',*,*,#1593,.F.);
#1624=ORIENTED_EDGE('',*,*,#1562,.T.);
#1603=ORIENTED_EDGE('',*,*,#1478,.T.);
#1636=STYLED_ITEM('color',(#34),#1637);
#1637=ADVANCED_FACE($,(#1643),#1638,.T.);
#1638=CYLINDRICAL_SURFACE($,#1639,0.4572);
#1639=AXIS2_PLACEMENT_3D($,#1640,#1641,#1642);
#1640=CARTESIAN_POINT('',(7.62,0.0,-6.198));
#1641=DIRECTION('',(0.,0.,1.));
#1642=DIRECTION('',(1.0,0.0,0.0));
#1643=FACE_OUTER_BOUND($,#1644,.T.);
#1644=EDGE_LOOP($,(#1667, #1645, #1677, #1656));
#1672=CARTESIAN_POINT('',(7.62,0.457,-3.658));
#1671=VERTEX_POINT('',#1672);
#1668=EDGE_CURVE('',#1510,#1671,#1673,.T.);
#1673=LINE('',#1511,#1675);
#1675=VECTOR('',#1676,2.54);
#1676=DIRECTION('',(0.0,0.0,1.0));
#1667=ORIENTED_EDGE('',*,*,#1668,.F.);
#1645=ORIENTED_EDGE('',*,*,#1509,.T.);
#1680=CARTESIAN_POINT('',(7.62,-0.457,-3.658));
#1679=VERTEX_POINT('',#1680);
#1678=EDGE_CURVE('',#1679,#1512,#1683,.T.);
#1683=LINE('',#1680,#1685);
#1685=VECTOR('',#1686,2.54);
#1686=DIRECTION('',(0.0,0.0,-1.0));
#1677=ORIENTED_EDGE('',*,*,#1678,.F.);
#1657=EDGE_CURVE($,#1671,#1679,#1662,.T.);
#1662=CIRCLE($,#1663,0.4572);
#1664=CARTESIAN_POINT('',(7.62,0.0,-3.658));
#1663=AXIS2_PLACEMENT_3D($,#1664,#1665,#1666);
#1665=DIRECTION('',(0.0,0.0,1.0));
#1666=DIRECTION('',(0.0,-1.0,0.0));
#1656=ORIENTED_EDGE('',*,*,#1657,.F.);
#1689=STYLED_ITEM('color',(#34),#1690);
#1690=ADVANCED_FACE($,(#1696),#1691,.T.);
#1691=CYLINDRICAL_SURFACE($,#1692,0.4572);
#1692=AXIS2_PLACEMENT_3D($,#1693,#1694,#1695);
#1693=CARTESIAN_POINT('',(7.62,0.0,-6.198));
#1694=DIRECTION('',(0.,0.,1.));
#1695=DIRECTION('',(1.0,0.0,0.0));
#1696=FACE_OUTER_BOUND($,#1697,.T.);
#1697=EDGE_LOOP($,(#1720, #1698, #1730, #1709));
#1720=ORIENTED_EDGE('',*,*,#1678,.T.);
#1698=ORIENTED_EDGE('',*,*,#1520,.T.);
#1730=ORIENTED_EDGE('',*,*,#1668,.T.);
#1710=EDGE_CURVE($,#1679,#1671,#1715,.T.);
#1715=CIRCLE($,#1716,0.4572);
#1716=AXIS2_PLACEMENT_3D($,#1664,#1718,#1719);
#1718=DIRECTION('',(0.0,0.0,1.0));
#1719=DIRECTION('',(0.0,1.0,0.0));
#1709=ORIENTED_EDGE('',*,*,#1710,.F.);
#1742=STYLED_ITEM('color',(#34),#1743);
#1743=ADVANCED_FACE($,(#1749),#1744,.T.);
#1744=CYLINDRICAL_SURFACE($,#1745,0.4572);
#1745=AXIS2_PLACEMENT_3D($,#1746,#1747,#1748);
#1746=CARTESIAN_POINT('',(7.62,0.566,-2.812));
#1747=DIRECTION('',(0.0,0.932,0.362));
#1748=DIRECTION('',(1.0,0.0,0.0));
#1749=FACE_OUTER_BOUND($,#1750,.T.);
#1750=EDGE_LOOP($,(#1773, #1751, #1783, #1762));
#1776=CARTESIAN_POINT('',(7.62,0.74,-3.235));
#1775=VERTEX_POINT('',#1776);
#1778=CARTESIAN_POINT('',(7.62,4.866,-1.634));
#1777=VERTEX_POINT('',#1778);
#1774=EDGE_CURVE('',#1775,#1777,#1779,.T.);
#1779=LINE('',#1776,#1781);
#1781=VECTOR('',#1782,4.42521979982075);
#1782=DIRECTION('',(0.0,0.932,0.362));
#1773=ORIENTED_EDGE('',*,*,#1774,.F.);
#1754=CARTESIAN_POINT('',(7.62,0.392,-2.389));
#1753=VERTEX_POINT('',#1754);
#1752=EDGE_CURVE($,#1753,#1775,#1757,.T.);
#1757=CIRCLE($,#1758,0.4572);
#1759=CARTESIAN_POINT('',(7.62,0.566,-2.812));
#1758=AXIS2_PLACEMENT_3D($,#1759,#1760,#1761);
#1760=DIRECTION('',(0.0,-0.932,-0.362));
#1761=DIRECTION('',(0.0,0.381,-0.925));
#1751=ORIENTED_EDGE('',*,*,#1752,.F.);
#1786=CARTESIAN_POINT('',(7.62,4.518,-0.789));
#1785=VERTEX_POINT('',#1786);
#1784=EDGE_CURVE('',#1785,#1753,#1789,.T.);
#1789=LINE('',#1786,#1791);
#1791=VECTOR('',#1792,4.42521979982075);
#1792=DIRECTION('',(0.0,-0.932,-0.362));
#1783=ORIENTED_EDGE('',*,*,#1784,.F.);
#1763=EDGE_CURVE($,#1777,#1785,#1768,.T.);
#1768=CIRCLE($,#1769,0.4572);
#1770=CARTESIAN_POINT('',(7.62,4.692,-1.211));
#1769=AXIS2_PLACEMENT_3D($,#1770,#1771,#1772);
#1771=DIRECTION('',(0.0,0.932,0.362));
#1772=DIRECTION('',(0.0,-0.381,0.925));
#1762=ORIENTED_EDGE('',*,*,#1763,.F.);
#1795=STYLED_ITEM('color',(#34),#1796);
#1796=ADVANCED_FACE($,(#1802),#1797,.T.);
#1797=CYLINDRICAL_SURFACE($,#1798,0.4572);
#1798=AXIS2_PLACEMENT_3D($,#1799,#1800,#1801);
#1799=CARTESIAN_POINT('',(7.62,0.566,-2.812));
#1800=DIRECTION('',(0.0,0.932,0.362));
#1801=DIRECTION('',(1.0,0.0,0.0));
#1802=FACE_OUTER_BOUND($,#1803,.T.);
#1803=EDGE_LOOP($,(#1826, #1804, #1836, #1815));
#1826=ORIENTED_EDGE('',*,*,#1784,.T.);
#1805=EDGE_CURVE($,#1775,#1753,#1810,.T.);
#1810=CIRCLE($,#1811,0.4572);
#1811=AXIS2_PLACEMENT_3D($,#1759,#1813,#1814);
#1813=DIRECTION('',(0.0,-0.932,-0.362));
#1814=DIRECTION('',(0.0,-0.381,0.925));
#1804=ORIENTED_EDGE('',*,*,#1805,.F.);
#1836=ORIENTED_EDGE('',*,*,#1774,.T.);
#1816=EDGE_CURVE($,#1785,#1777,#1821,.T.);
#1821=CIRCLE($,#1822,0.4572);
#1822=AXIS2_PLACEMENT_3D($,#1770,#1824,#1825);
#1824=DIRECTION('',(0.0,0.932,0.362));
#1825=DIRECTION('',(0.0,-0.381,0.925));
#1815=ORIENTED_EDGE('',*,*,#1816,.F.);
#1848=STYLED_ITEM('color',(#34),#1849);
#1849 = ADVANCED_FACE ( '', ( #1855 ), #1850, .T. ) ;
#1850 = TOROIDAL_SURFACE ( '', #1851, 0.9144, 0.4572 ) ;
#1851 = AXIS2_PLACEMENT_3D ( '', #1852, #1853, #1854 ) ;
#1852 = CARTESIAN_POINT ( '',  ( 7.62,4.343,-0.366 ) ) ;
#1853 = DIRECTION ( '',  ( -1.0,0.0,0.0 ) ) ;
#1854 = DIRECTION ( '',  ( 0.0000000000000000000, 0.0000000000000000000, -1.000000000000000000 ) ) ;
#1855 = FACE_OUTER_BOUND ( '', #1856, .T. ) ;
#1856 = EDGE_LOOP ( '', ( #1857, #1868, #1879, #1890 ) ) ;
#1857=ORIENTED_EDGE('',*,*,#1540,.T.);
#1869=EDGE_CURVE($,#1777,#1563,#1874,.T.);
#1874=CIRCLE($,#1875,1.3716);
#1876=CARTESIAN_POINT('',(7.62,4.343,-0.366));
#1875=AXIS2_PLACEMENT_3D($,#1876,#1877,#1878);
#1877=DIRECTION('',(1.0,0.0,0.0));
#1878=DIRECTION('',(0.0,0.0,1.0));
#1868=ORIENTED_EDGE('',*,*,#1869,.F.);
#1879=ORIENTED_EDGE('',*,*,#1763,.T.);
#1891=EDGE_CURVE($,#1541,#1785,#1896,.T.);
#1896=CIRCLE($,#1897,0.4572);
#1897=AXIS2_PLACEMENT_3D($,#1876,#1899,#1900);
#1899=DIRECTION('',(-1.0,0.0,0.0));
#1900=DIRECTION('',(0.0,0.0,1.0));
#1890=ORIENTED_EDGE('',*,*,#1891,.F.);
#1901=STYLED_ITEM('color',(#34),#1902);
#1902 = ADVANCED_FACE ( '', ( #1908 ), #1903, .T. ) ;
#1903 = TOROIDAL_SURFACE ( '', #1904, 0.9144, 0.4572 ) ;
#1904 = AXIS2_PLACEMENT_3D ( '', #1905, #1906, #1907 ) ;
#1905 = CARTESIAN_POINT ( '',  ( 7.62,4.343,-0.366 ) ) ;
#1906 = DIRECTION ( '',  ( 1.0,0.0,0.0 ) ) ;
#1907 = DIRECTION ( '',  ( 0.0000000000000000000, 0.0000000000000000000, 1.000000000000000000 ) ) ;
#1908 = FACE_OUTER_BOUND ( '', #1909, .T. ) ;
#1909 = EDGE_LOOP ( '', ( #1910, #1921, #1932, #1943 ) ) ;
#1910=ORIENTED_EDGE('',*,*,#1593,.T.);
#1921=ORIENTED_EDGE('',*,*,#1891,.T.);
#1932=ORIENTED_EDGE('',*,*,#1816,.T.);
#1943=ORIENTED_EDGE('',*,*,#1869,.T.);
#1954=STYLED_ITEM('color',(#34),#1955);
#1955 = ADVANCED_FACE ( '', ( #1961 ), #1956, .T. ) ;
#1956 = TOROIDAL_SURFACE ( '', #1957, 0.9144, 0.4572 ) ;
#1957 = AXIS2_PLACEMENT_3D ( '', #1958, #1959, #1960 ) ;
#1958 = CARTESIAN_POINT ( '',  ( 7.62,0.914,-3.658 ) ) ;
#1959 = DIRECTION ( '',  ( 1.0,0.0,0.0 ) ) ;
#1960 = DIRECTION ( '',  ( 0.0000000000000000000, 0.0000000000000000000, 1.000000000000000000 ) ) ;
#1961 = FACE_OUTER_BOUND ( '', #1962, .T. ) ;
#1962 = EDGE_LOOP ( '', ( #1963, #1974, #1985, #1996 ) ) ;
#1963=ORIENTED_EDGE('',*,*,#1805,.T.);
#1975=EDGE_CURVE($,#1679,#1753,#1980,.T.);
#1980=CIRCLE($,#1981,1.3716);
#1982=CARTESIAN_POINT('',(7.62,0.914,-3.658));
#1981=AXIS2_PLACEMENT_3D($,#1982,#1983,#1984);
#1983=DIRECTION('',(-1.0,0.0,0.0));
#1984=DIRECTION('',(0.0,0.0,1.0));
#1974=ORIENTED_EDGE('',*,*,#1975,.F.);
#1985=ORIENTED_EDGE('',*,*,#1710,.T.);
#1997=EDGE_CURVE($,#1775,#1671,#2002,.T.);
#2002=CIRCLE($,#2003,0.4572);
#2003=AXIS2_PLACEMENT_3D($,#1982,#2005,#2006);
#2005=DIRECTION('',(1.0,0.0,0.0));
#2006=DIRECTION('',(0.0,0.0,1.0));
#1996=ORIENTED_EDGE('',*,*,#1997,.F.);
#2007=STYLED_ITEM('color',(#34),#2008);
#2008 = ADVANCED_FACE ( '', ( #2014 ), #2009, .T. ) ;
#2009 = TOROIDAL_SURFACE ( '', #2010, 0.9144, 0.4572 ) ;
#2010 = AXIS2_PLACEMENT_3D ( '', #2011, #2012, #2013 ) ;
#2011 = CARTESIAN_POINT ( '',  ( 7.62,0.914,-3.658 ) ) ;
#2012 = DIRECTION ( '',  ( -1.0,0.0,0.0 ) ) ;
#2013 = DIRECTION ( '',  ( 0.0000000000000000000, 0.0000000000000000000, 1.000000000000000000 ) ) ;
#2014 = FACE_OUTER_BOUND ( '', #2015, .T. ) ;
#2015 = EDGE_LOOP ( '', ( #2016, #2027, #2038, #2049 ) ) ;
#2016=ORIENTED_EDGE('',*,*,#1752,.T.);
#2027=ORIENTED_EDGE('',*,*,#1997,.T.);
#2038=ORIENTED_EDGE('',*,*,#1657,.T.);
#2049=ORIENTED_EDGE('',*,*,#1975,.T.);
#2060=MANIFOLD_SOLID_BREP($,#2061);
#2061=CLOSED_SHELL('',(#2063,#2094,#2125,#2178,#2231,#2284,#2337,#2390,#2443,#2496,#2549,#2602));
#2062=STYLED_ITEM('color',(#34),#2063);
#2063=ADVANCED_FACE($,(#2069),#2064,.T.);
#2064=PLANE($,#2065);
#2065=AXIS2_PLACEMENT_3D($,#2066,#2067,#2068);
#2066=CARTESIAN_POINT('',(6.35,5.258,0.0));
#2067=DIRECTION('',(0.,0.,1.));
#2068=DIRECTION('',(0.,1.,0.));
#2069=FACE_OUTER_BOUND($,#2070,.T.);
#2070=EDGE_LOOP($,(#2071, #2082));
#2074=CARTESIAN_POINT('',(6.35,5.715,0.0));
#2073=VERTEX_POINT('',#2074);
#2076=CARTESIAN_POINT('',(6.35,4.801,0.0));
#2075=VERTEX_POINT('',#2076);
#2072=EDGE_CURVE($,#2073,#2075,#2077,.T.);
#2077=CIRCLE($,#2078,0.4572);
#2079=CARTESIAN_POINT('',(6.35,5.258,0.0));
#2078=AXIS2_PLACEMENT_3D($,#2079,#2080,#2081);
#2080=DIRECTION('',(0.0,0.0,-1.0));
#2081=DIRECTION('',(0.0,-1.0,0.0));
#2071=ORIENTED_EDGE('',*,*,#2072,.F.);
#2083=EDGE_CURVE($,#2075,#2073,#2088,.T.);
#2088=CIRCLE($,#2089,0.4572);
#2089=AXIS2_PLACEMENT_3D($,#2079,#2091,#2092);
#2091=DIRECTION('',(0.0,0.0,-1.0));
#2092=DIRECTION('',(0.0,1.0,0.0));
#2082=ORIENTED_EDGE('',*,*,#2083,.F.);
#2093=STYLED_ITEM('color',(#34),#2094);
#2094=ADVANCED_FACE($,(#2100),#2095,.T.);
#2095=PLANE($,#2096);
#2096=AXIS2_PLACEMENT_3D($,#2097,#2098,#2099);
#2097=CARTESIAN_POINT('',(6.35,4.191,-6.198));
#2098=DIRECTION('',(0.,0.,-1.));
#2099=DIRECTION('',(0.,1.,0.));
#2100=FACE_OUTER_BOUND($,#2101,.T.);
#2101=EDGE_LOOP($,(#2102, #2113));
#2105=CARTESIAN_POINT('',(6.35,4.648,-6.198));
#2104=VERTEX_POINT('',#2105);
#2107=CARTESIAN_POINT('',(6.35,3.734,-6.198));
#2106=VERTEX_POINT('',#2107);
#2103=EDGE_CURVE($,#2104,#2106,#2108,.T.);
#2108=CIRCLE($,#2109,0.4572);
#2110=CARTESIAN_POINT('',(6.35,4.191,-6.198));
#2109=AXIS2_PLACEMENT_3D($,#2110,#2111,#2112);
#2111=DIRECTION('',(0.0,0.0,1.0));
#2112=DIRECTION('',(0.0,-1.0,0.0));
#2102=ORIENTED_EDGE('',*,*,#2103,.F.);
#2114=EDGE_CURVE($,#2106,#2104,#2119,.T.);
#2119=CIRCLE($,#2120,0.4572);
#2120=AXIS2_PLACEMENT_3D($,#2110,#2122,#2123);
#2122=DIRECTION('',(0.0,0.0,1.0));
#2123=DIRECTION('',(0.0,1.0,0.0));
#2113=ORIENTED_EDGE('',*,*,#2114,.F.);
#2124=STYLED_ITEM('color',(#34),#2125);
#2125=ADVANCED_FACE($,(#2131),#2126,.T.);
#2126=CYLINDRICAL_SURFACE($,#2127,0.4572);
#2127=AXIS2_PLACEMENT_3D($,#2128,#2129,#2130);
#2128=CARTESIAN_POINT('',(6.35,5.258,-0.366));
#2129=DIRECTION('',(0.,0.,1.));
#2130=DIRECTION('',(1.0,0.0,0.0));
#2131=FACE_OUTER_BOUND($,#2132,.T.);
#2132=EDGE_LOOP($,(#2155, #2133, #2165, #2144));
#2158=CARTESIAN_POINT('',(6.35,5.715,-0.366));
#2157=VERTEX_POINT('',#2158);
#2156=EDGE_CURVE('',#2157,#2073,#2161,.T.);
#2161=LINE('',#2158,#2163);
#2163=VECTOR('',#2164,0.36576);
#2164=DIRECTION('',(0.0,0.0,1.0));
#2155=ORIENTED_EDGE('',*,*,#2156,.F.);
#2136=CARTESIAN_POINT('',(6.35,4.801,-0.366));
#2135=VERTEX_POINT('',#2136);
#2134=EDGE_CURVE($,#2135,#2157,#2139,.T.);
#2139=CIRCLE($,#2140,0.4572);
#2141=CARTESIAN_POINT('',(6.35,5.258,-0.366));
#2140=AXIS2_PLACEMENT_3D($,#2141,#2142,#2143);
#2142=DIRECTION('',(0.0,0.0,-1.0));
#2143=DIRECTION('',(0.0,1.0,0.0));
#2133=ORIENTED_EDGE('',*,*,#2134,.F.);
#2166=EDGE_CURVE('',#2075,#2135,#2171,.T.);
#2171=LINE('',#2076,#2173);
#2173=VECTOR('',#2174,0.36576);
#2174=DIRECTION('',(0.0,0.0,-1.0));
#2165=ORIENTED_EDGE('',*,*,#2166,.F.);
#2144=ORIENTED_EDGE('',*,*,#2083,.T.);
#2177=STYLED_ITEM('color',(#34),#2178);
#2178=ADVANCED_FACE($,(#2184),#2179,.T.);
#2179=CYLINDRICAL_SURFACE($,#2180,0.4572);
#2180=AXIS2_PLACEMENT_3D($,#2181,#2182,#2183);
#2181=CARTESIAN_POINT('',(6.35,5.258,-0.366));
#2182=DIRECTION('',(0.,0.,1.));
#2183=DIRECTION('',(1.0,0.0,0.0));
#2184=FACE_OUTER_BOUND($,#2185,.T.);
#2185=EDGE_LOOP($,(#2208, #2186, #2218, #2197));
#2208=ORIENTED_EDGE('',*,*,#2166,.T.);
#2187=EDGE_CURVE($,#2157,#2135,#2192,.T.);
#2192=CIRCLE($,#2193,0.4572);
#2193=AXIS2_PLACEMENT_3D($,#2141,#2195,#2196);
#2195=DIRECTION('',(0.0,0.0,-1.0));
#2196=DIRECTION('',(0.0,-1.0,0.0));
#2186=ORIENTED_EDGE('',*,*,#2187,.F.);
#2218=ORIENTED_EDGE('',*,*,#2156,.T.);
#2197=ORIENTED_EDGE('',*,*,#2072,.T.);
#2230=STYLED_ITEM('color',(#34),#2231);
#2231=ADVANCED_FACE($,(#2237),#2232,.T.);
#2232=CYLINDRICAL_SURFACE($,#2233,0.4572);
#2233=AXIS2_PLACEMENT_3D($,#2234,#2235,#2236);
#2234=CARTESIAN_POINT('',(6.35,4.191,-6.198));
#2235=DIRECTION('',(0.,0.,1.));
#2236=DIRECTION('',(1.0,0.0,0.0));
#2237=FACE_OUTER_BOUND($,#2238,.T.);
#2238=EDGE_LOOP($,(#2261, #2239, #2271, #2250));
#2266=CARTESIAN_POINT('',(6.35,4.648,-3.658));
#2265=VERTEX_POINT('',#2266);
#2262=EDGE_CURVE('',#2104,#2265,#2267,.T.);
#2267=LINE('',#2105,#2269);
#2269=VECTOR('',#2270,2.54);
#2270=DIRECTION('',(0.0,0.0,1.0));
#2261=ORIENTED_EDGE('',*,*,#2262,.F.);
#2239=ORIENTED_EDGE('',*,*,#2103,.T.);
#2274=CARTESIAN_POINT('',(6.35,3.734,-3.658));
#2273=VERTEX_POINT('',#2274);
#2272=EDGE_CURVE('',#2273,#2106,#2277,.T.);
#2277=LINE('',#2274,#2279);
#2279=VECTOR('',#2280,2.54);
#2280=DIRECTION('',(0.0,0.0,-1.0));
#2271=ORIENTED_EDGE('',*,*,#2272,.F.);
#2251=EDGE_CURVE($,#2265,#2273,#2256,.T.);
#2256=CIRCLE($,#2257,0.4572);
#2258=CARTESIAN_POINT('',(6.35,4.191,-3.658));
#2257=AXIS2_PLACEMENT_3D($,#2258,#2259,#2260);
#2259=DIRECTION('',(0.0,0.0,1.0));
#2260=DIRECTION('',(0.0,-1.0,0.0));
#2250=ORIENTED_EDGE('',*,*,#2251,.F.);
#2283=STYLED_ITEM('color',(#34),#2284);
#2284=ADVANCED_FACE($,(#2290),#2285,.T.);
#2285=CYLINDRICAL_SURFACE($,#2286,0.4572);
#2286=AXIS2_PLACEMENT_3D($,#2287,#2288,#2289);
#2287=CARTESIAN_POINT('',(6.35,4.191,-6.198));
#2288=DIRECTION('',(0.,0.,1.));
#2289=DIRECTION('',(1.0,0.0,0.0));
#2290=FACE_OUTER_BOUND($,#2291,.T.);
#2291=EDGE_LOOP($,(#2314, #2292, #2324, #2303));
#2314=ORIENTED_EDGE('',*,*,#2272,.T.);
#2292=ORIENTED_EDGE('',*,*,#2114,.T.);
#2324=ORIENTED_EDGE('',*,*,#2262,.T.);
#2304=EDGE_CURVE($,#2273,#2265,#2309,.T.);
#2309=CIRCLE($,#2310,0.4572);
#2310=AXIS2_PLACEMENT_3D($,#2258,#2312,#2313);
#2312=DIRECTION('',(0.0,0.0,1.0));
#2313=DIRECTION('',(0.0,1.0,0.0));
#2303=ORIENTED_EDGE('',*,*,#2304,.F.);
#2336=STYLED_ITEM('color',(#34),#2337);
#2337=ADVANCED_FACE($,(#2343),#2338,.T.);
#2338=CYLINDRICAL_SURFACE($,#2339,0.4572);
#2339=AXIS2_PLACEMENT_3D($,#2340,#2341,#2342);
#2340=CARTESIAN_POINT('',(6.35,4.249,-3.337));
#2341=DIRECTION('',(0.0,0.338,0.941));
#2342=DIRECTION('',(1.0,0.0,0.0));
#2343=FACE_OUTER_BOUND($,#2344,.T.);
#2344=EDGE_LOOP($,(#2367, #2345, #2377, #2356));
#2370=CARTESIAN_POINT('',(6.35,4.677,-3.497));
#2369=VERTEX_POINT('',#2370);
#2372=CARTESIAN_POINT('',(6.35,5.628,-0.847));
#2371=VERTEX_POINT('',#2372);
#2368=EDGE_CURVE('',#2369,#2371,#2373,.T.);
#2373=LINE('',#2370,#2375);
#2375=VECTOR('',#2376,2.81498831044432);
#2376=DIRECTION('',(0.0,0.338,0.941));
#2367=ORIENTED_EDGE('',*,*,#2368,.F.);
#2348=CARTESIAN_POINT('',(6.35,3.821,-3.176));
#2347=VERTEX_POINT('',#2348);
#2346=EDGE_CURVE($,#2347,#2369,#2351,.T.);
#2351=CIRCLE($,#2352,0.4572);
#2353=CARTESIAN_POINT('',(6.35,4.249,-3.337));
#2352=AXIS2_PLACEMENT_3D($,#2353,#2354,#2355);
#2354=DIRECTION('',(0.0,-0.338,-0.941));
#2355=DIRECTION('',(0.0,0.936,-0.351));
#2345=ORIENTED_EDGE('',*,*,#2346,.F.);
#2380=CARTESIAN_POINT('',(6.35,4.771,-0.526));
#2379=VERTEX_POINT('',#2380);
#2378=EDGE_CURVE('',#2379,#2347,#2383,.T.);
#2383=LINE('',#2380,#2385);
#2385=VECTOR('',#2386,2.81498831044433);
#2386=DIRECTION('',(0.0,-0.338,-0.941));
#2377=ORIENTED_EDGE('',*,*,#2378,.F.);
#2357=EDGE_CURVE($,#2371,#2379,#2362,.T.);
#2362=CIRCLE($,#2363,0.4572);
#2364=CARTESIAN_POINT('',(6.35,5.2,-0.687));
#2363=AXIS2_PLACEMENT_3D($,#2364,#2365,#2366);
#2365=DIRECTION('',(0.0,0.338,0.941));
#2366=DIRECTION('',(0.0,-0.936,0.351));
#2356=ORIENTED_EDGE('',*,*,#2357,.F.);
#2389=STYLED_ITEM('color',(#34),#2390);
#2390=ADVANCED_FACE($,(#2396),#2391,.T.);
#2391=CYLINDRICAL_SURFACE($,#2392,0.4572);
#2392=AXIS2_PLACEMENT_3D($,#2393,#2394,#2395);
#2393=CARTESIAN_POINT('',(6.35,4.249,-3.337));
#2394=DIRECTION('',(0.0,0.338,0.941));
#2395=DIRECTION('',(1.0,0.0,0.0));
#2396=FACE_OUTER_BOUND($,#2397,.T.);
#2397=EDGE_LOOP($,(#2420, #2398, #2430, #2409));
#2420=ORIENTED_EDGE('',*,*,#2378,.T.);
#2399=EDGE_CURVE($,#2369,#2347,#2404,.T.);
#2404=CIRCLE($,#2405,0.4572);
#2405=AXIS2_PLACEMENT_3D($,#2353,#2407,#2408);
#2407=DIRECTION('',(0.0,-0.338,-0.941));
#2408=DIRECTION('',(0.0,-0.936,0.351));
#2398=ORIENTED_EDGE('',*,*,#2399,.F.);
#2430=ORIENTED_EDGE('',*,*,#2368,.T.);
#2410=EDGE_CURVE($,#2379,#2371,#2415,.T.);
#2415=CIRCLE($,#2416,0.4572);
#2416=AXIS2_PLACEMENT_3D($,#2364,#2418,#2419);
#2418=DIRECTION('',(0.0,0.338,0.941));
#2419=DIRECTION('',(0.0,-0.936,0.351));
#2409=ORIENTED_EDGE('',*,*,#2410,.F.);
#2442=STYLED_ITEM('color',(#34),#2443);
#2443 = ADVANCED_FACE ( '', ( #2449 ), #2444, .T. ) ;
#2444 = TOROIDAL_SURFACE ( '', #2445, 0.9144, 0.4572 ) ;
#2445 = AXIS2_PLACEMENT_3D ( '', #2446, #2447, #2448 ) ;
#2446 = CARTESIAN_POINT ( '',  ( 6.35,4.343,-0.366 ) ) ;
#2447 = DIRECTION ( '',  ( -1.0,0.0,0.0 ) ) ;
#2448 = DIRECTION ( '',  ( 0.0000000000000000000, 0.0000000000000000000, -1.000000000000000000 ) ) ;
#2449 = FACE_OUTER_BOUND ( '', #2450, .T. ) ;
#2450 = EDGE_LOOP ( '', ( #2451, #2462, #2473, #2484 ) ) ;
#2451=ORIENTED_EDGE('',*,*,#2134,.T.);
#2463=EDGE_CURVE($,#2371,#2157,#2468,.T.);
#2468=CIRCLE($,#2469,1.3716);
#2470=CARTESIAN_POINT('',(6.35,4.343,-0.366));
#2469=AXIS2_PLACEMENT_3D($,#2470,#2471,#2472);
#2471=DIRECTION('',(1.0,0.0,0.0));
#2472=DIRECTION('',(0.0,0.0,1.0));
#2462=ORIENTED_EDGE('',*,*,#2463,.F.);
#2473=ORIENTED_EDGE('',*,*,#2357,.T.);
#2485=EDGE_CURVE($,#2135,#2379,#2490,.T.);
#2490=CIRCLE($,#2491,0.4572);
#2491=AXIS2_PLACEMENT_3D($,#2470,#2493,#2494);
#2493=DIRECTION('',(-1.0,0.0,0.0));
#2494=DIRECTION('',(0.0,0.0,1.0));
#2484=ORIENTED_EDGE('',*,*,#2485,.F.);
#2495=STYLED_ITEM('color',(#34),#2496);
#2496 = ADVANCED_FACE ( '', ( #2502 ), #2497, .T. ) ;
#2497 = TOROIDAL_SURFACE ( '', #2498, 0.9144, 0.4572 ) ;
#2498 = AXIS2_PLACEMENT_3D ( '', #2499, #2500, #2501 ) ;
#2499 = CARTESIAN_POINT ( '',  ( 6.35,4.343,-0.366 ) ) ;
#2500 = DIRECTION ( '',  ( 1.0,0.0,0.0 ) ) ;
#2501 = DIRECTION ( '',  ( 0.0000000000000000000, 0.0000000000000000000, 1.000000000000000000 ) ) ;
#2502 = FACE_OUTER_BOUND ( '', #2503, .T. ) ;
#2503 = EDGE_LOOP ( '', ( #2504, #2515, #2526, #2537 ) ) ;
#2504=ORIENTED_EDGE('',*,*,#2187,.T.);
#2515=ORIENTED_EDGE('',*,*,#2485,.T.);
#2526=ORIENTED_EDGE('',*,*,#2410,.T.);
#2537=ORIENTED_EDGE('',*,*,#2463,.T.);
#2548=STYLED_ITEM('color',(#34),#2549);
#2549 = ADVANCED_FACE ( '', ( #2555 ), #2550, .T. ) ;
#2550 = TOROIDAL_SURFACE ( '', #2551, 0.9144, 0.4572 ) ;
#2551 = AXIS2_PLACEMENT_3D ( '', #2552, #2553, #2554 ) ;
#2552 = CARTESIAN_POINT ( '',  ( 6.35,5.105,-3.658 ) ) ;
#2553 = DIRECTION ( '',  ( 1.0,0.0,0.0 ) ) ;
#2554 = DIRECTION ( '',  ( 0.0000000000000000000, 0.0000000000000000000, 1.000000000000000000 ) ) ;
#2555 = FACE_OUTER_BOUND ( '', #2556, .T. ) ;
#2556 = EDGE_LOOP ( '', ( #2557, #2568, #2579, #2590 ) ) ;
#2557=ORIENTED_EDGE('',*,*,#2399,.T.);
#2569=EDGE_CURVE($,#2273,#2347,#2574,.T.);
#2574=CIRCLE($,#2575,1.3716);
#2576=CARTESIAN_POINT('',(6.35,5.105,-3.658));
#2575=AXIS2_PLACEMENT_3D($,#2576,#2577,#2578);
#2577=DIRECTION('',(-1.0,0.0,0.0));
#2578=DIRECTION('',(0.0,0.0,1.0));
#2568=ORIENTED_EDGE('',*,*,#2569,.F.);
#2579=ORIENTED_EDGE('',*,*,#2304,.T.);
#2591=EDGE_CURVE($,#2369,#2265,#2596,.T.);
#2596=CIRCLE($,#2597,0.4572);
#2597=AXIS2_PLACEMENT_3D($,#2576,#2599,#2600);
#2599=DIRECTION('',(1.0,0.0,0.0));
#2600=DIRECTION('',(0.0,0.0,1.0));
#2590=ORIENTED_EDGE('',*,*,#2591,.F.);
#2601=STYLED_ITEM('color',(#34),#2602);
#2602 = ADVANCED_FACE ( '', ( #2608 ), #2603, .T. ) ;
#2603 = TOROIDAL_SURFACE ( '', #2604, 0.9144, 0.4572 ) ;
#2604 = AXIS2_PLACEMENT_3D ( '', #2605, #2606, #2607 ) ;
#2605 = CARTESIAN_POINT ( '',  ( 6.35,5.105,-3.658 ) ) ;
#2606 = DIRECTION ( '',  ( -1.0,0.0,0.0 ) ) ;
#2607 = DIRECTION ( '',  ( 0.0000000000000000000, 0.0000000000000000000, 1.000000000000000000 ) ) ;
#2608 = FACE_OUTER_BOUND ( '', #2609, .T. ) ;
#2609 = EDGE_LOOP ( '', ( #2610, #2621, #2632, #2643 ) ) ;
#2610=ORIENTED_EDGE('',*,*,#2346,.T.);
#2621=ORIENTED_EDGE('',*,*,#2591,.T.);
#2632=ORIENTED_EDGE('',*,*,#2251,.T.);
#2643=ORIENTED_EDGE('',*,*,#2569,.T.);
#2654=MANIFOLD_SOLID_BREP($,#2655);
#2655=CLOSED_SHELL('',(#2657,#2688,#2719,#2772,#2825,#2878,#2931,#2984,#3037,#3090,#3143,#3196));
#2656=STYLED_ITEM('color',(#34),#2657);
#2657=ADVANCED_FACE($,(#2663),#2658,.T.);
#2658=PLANE($,#2659);
#2659=AXIS2_PLACEMENT_3D($,#2660,#2661,#2662);
#2660=CARTESIAN_POINT('',(5.08,5.258,0.0));
#2661=DIRECTION('',(0.,0.,1.));
#2662=DIRECTION('',(0.,1.,0.));
#2663=FACE_OUTER_BOUND($,#2664,.T.);
#2664=EDGE_LOOP($,(#2665, #2676));
#2668=CARTESIAN_POINT('',(5.08,5.715,0.0));
#2667=VERTEX_POINT('',#2668);
#2670=CARTESIAN_POINT('',(5.08,4.801,0.0));
#2669=VERTEX_POINT('',#2670);
#2666=EDGE_CURVE($,#2667,#2669,#2671,.T.);
#2671=CIRCLE($,#2672,0.4572);
#2673=CARTESIAN_POINT('',(5.08,5.258,0.0));
#2672=AXIS2_PLACEMENT_3D($,#2673,#2674,#2675);
#2674=DIRECTION('',(0.0,0.0,-1.0));
#2675=DIRECTION('',(0.0,-1.0,0.0));
#2665=ORIENTED_EDGE('',*,*,#2666,.F.);
#2677=EDGE_CURVE($,#2669,#2667,#2682,.T.);
#2682=CIRCLE($,#2683,0.4572);
#2683=AXIS2_PLACEMENT_3D($,#2673,#2685,#2686);
#2685=DIRECTION('',(0.0,0.0,-1.0));
#2686=DIRECTION('',(0.0,1.0,0.0));
#2676=ORIENTED_EDGE('',*,*,#2677,.F.);
#2687=STYLED_ITEM('color',(#34),#2688);
#2688=ADVANCED_FACE($,(#2694),#2689,.T.);
#2689=PLANE($,#2690);
#2690=AXIS2_PLACEMENT_3D($,#2691,#2692,#2693);
#2691=CARTESIAN_POINT('',(5.08,0.0,-6.198));
#2692=DIRECTION('',(0.,0.,-1.));
#2693=DIRECTION('',(0.,1.,0.));
#2694=FACE_OUTER_BOUND($,#2695,.T.);
#2695=EDGE_LOOP($,(#2696, #2707));
#2699=CARTESIAN_POINT('',(5.08,0.457,-6.198));
#2698=VERTEX_POINT('',#2699);
#2701=CARTESIAN_POINT('',(5.08,-0.457,-6.198));
#2700=VERTEX_POINT('',#2701);
#2697=EDGE_CURVE($,#2698,#2700,#2702,.T.);
#2702=CIRCLE($,#2703,0.4572);
#2704=CARTESIAN_POINT('',(5.08,0.0,-6.198));
#2703=AXIS2_PLACEMENT_3D($,#2704,#2705,#2706);
#2705=DIRECTION('',(0.0,0.0,1.0));
#2706=DIRECTION('',(0.0,-1.0,0.0));
#2696=ORIENTED_EDGE('',*,*,#2697,.F.);
#2708=EDGE_CURVE($,#2700,#2698,#2713,.T.);
#2713=CIRCLE($,#2714,0.4572);
#2714=AXIS2_PLACEMENT_3D($,#2704,#2716,#2717);
#2716=DIRECTION('',(0.0,0.0,1.0));
#2717=DIRECTION('',(0.0,1.0,0.0));
#2707=ORIENTED_EDGE('',*,*,#2708,.F.);
#2718=STYLED_ITEM('color',(#34),#2719);
#2719=ADVANCED_FACE($,(#2725),#2720,.T.);
#2720=CYLINDRICAL_SURFACE($,#2721,0.4572);
#2721=AXIS2_PLACEMENT_3D($,#2722,#2723,#2724);
#2722=CARTESIAN_POINT('',(5.08,5.258,-0.366));
#2723=DIRECTION('',(0.,0.,1.));
#2724=DIRECTION('',(1.0,0.0,0.0));
#2725=FACE_OUTER_BOUND($,#2726,.T.);
#2726=EDGE_LOOP($,(#2749, #2727, #2759, #2738));
#2752=CARTESIAN_POINT('',(5.08,5.715,-0.366));
#2751=VERTEX_POINT('',#2752);
#2750=EDGE_CURVE('',#2751,#2667,#2755,.T.);
#2755=LINE('',#2752,#2757);
#2757=VECTOR('',#2758,0.36576);
#2758=DIRECTION('',(0.0,0.0,1.0));
#2749=ORIENTED_EDGE('',*,*,#2750,.F.);
#2730=CARTESIAN_POINT('',(5.08,4.801,-0.366));
#2729=VERTEX_POINT('',#2730);
#2728=EDGE_CURVE($,#2729,#2751,#2733,.T.);
#2733=CIRCLE($,#2734,0.4572);
#2735=CARTESIAN_POINT('',(5.08,5.258,-0.366));
#2734=AXIS2_PLACEMENT_3D($,#2735,#2736,#2737);
#2736=DIRECTION('',(0.0,0.0,-1.0));
#2737=DIRECTION('',(0.0,1.0,0.0));
#2727=ORIENTED_EDGE('',*,*,#2728,.F.);
#2760=EDGE_CURVE('',#2669,#2729,#2765,.T.);
#2765=LINE('',#2670,#2767);
#2767=VECTOR('',#2768,0.36576);
#2768=DIRECTION('',(0.0,0.0,-1.0));
#2759=ORIENTED_EDGE('',*,*,#2760,.F.);
#2738=ORIENTED_EDGE('',*,*,#2677,.T.);
#2771=STYLED_ITEM('color',(#34),#2772);
#2772=ADVANCED_FACE($,(#2778),#2773,.T.);
#2773=CYLINDRICAL_SURFACE($,#2774,0.4572);
#2774=AXIS2_PLACEMENT_3D($,#2775,#2776,#2777);
#2775=CARTESIAN_POINT('',(5.08,5.258,-0.366));
#2776=DIRECTION('',(0.,0.,1.));
#2777=DIRECTION('',(1.0,0.0,0.0));
#2778=FACE_OUTER_BOUND($,#2779,.T.);
#2779=EDGE_LOOP($,(#2802, #2780, #2812, #2791));
#2802=ORIENTED_EDGE('',*,*,#2760,.T.);
#2781=EDGE_CURVE($,#2751,#2729,#2786,.T.);
#2786=CIRCLE($,#2787,0.4572);
#2787=AXIS2_PLACEMENT_3D($,#2735,#2789,#2790);
#2789=DIRECTION('',(0.0,0.0,-1.0));
#2790=DIRECTION('',(0.0,-1.0,0.0));
#2780=ORIENTED_EDGE('',*,*,#2781,.F.);
#2812=ORIENTED_EDGE('',*,*,#2750,.T.);
#2791=ORIENTED_EDGE('',*,*,#2666,.T.);
#2824=STYLED_ITEM('color',(#34),#2825);
#2825=ADVANCED_FACE($,(#2831),#2826,.T.);
#2826=CYLINDRICAL_SURFACE($,#2827,0.4572);
#2827=AXIS2_PLACEMENT_3D($,#2828,#2829,#2830);
#2828=CARTESIAN_POINT('',(5.08,0.0,-6.198));
#2829=DIRECTION('',(0.,0.,1.));
#2830=DIRECTION('',(1.0,0.0,0.0));
#2831=FACE_OUTER_BOUND($,#2832,.T.);
#2832=EDGE_LOOP($,(#2855, #2833, #2865, #2844));
#2860=CARTESIAN_POINT('',(5.08,0.457,-3.658));
#2859=VERTEX_POINT('',#2860);
#2856=EDGE_CURVE('',#2698,#2859,#2861,.T.);
#2861=LINE('',#2699,#2863);
#2863=VECTOR('',#2864,2.54);
#2864=DIRECTION('',(0.0,0.0,1.0));
#2855=ORIENTED_EDGE('',*,*,#2856,.F.);
#2833=ORIENTED_EDGE('',*,*,#2697,.T.);
#2868=CARTESIAN_POINT('',(5.08,-0.457,-3.658));
#2867=VERTEX_POINT('',#2868);
#2866=EDGE_CURVE('',#2867,#2700,#2871,.T.);
#2871=LINE('',#2868,#2873);
#2873=VECTOR('',#2874,2.54);
#2874=DIRECTION('',(0.0,0.0,-1.0));
#2865=ORIENTED_EDGE('',*,*,#2866,.F.);
#2845=EDGE_CURVE($,#2859,#2867,#2850,.T.);
#2850=CIRCLE($,#2851,0.4572);
#2852=CARTESIAN_POINT('',(5.08,0.0,-3.658));
#2851=AXIS2_PLACEMENT_3D($,#2852,#2853,#2854);
#2853=DIRECTION('',(0.0,0.0,1.0));
#2854=DIRECTION('',(0.0,-1.0,0.0));
#2844=ORIENTED_EDGE('',*,*,#2845,.F.);
#2877=STYLED_ITEM('color',(#34),#2878);
#2878=ADVANCED_FACE($,(#2884),#2879,.T.);
#2879=CYLINDRICAL_SURFACE($,#2880,0.4572);
#2880=AXIS2_PLACEMENT_3D($,#2881,#2882,#2883);
#2881=CARTESIAN_POINT('',(5.08,0.0,-6.198));
#2882=DIRECTION('',(0.,0.,1.));
#2883=DIRECTION('',(1.0,0.0,0.0));
#2884=FACE_OUTER_BOUND($,#2885,.T.);
#2885=EDGE_LOOP($,(#2908, #2886, #2918, #2897));
#2908=ORIENTED_EDGE('',*,*,#2866,.T.);
#2886=ORIENTED_EDGE('',*,*,#2708,.T.);
#2918=ORIENTED_EDGE('',*,*,#2856,.T.);
#2898=EDGE_CURVE($,#2867,#2859,#2903,.T.);
#2903=CIRCLE($,#2904,0.4572);
#2904=AXIS2_PLACEMENT_3D($,#2852,#2906,#2907);
#2906=DIRECTION('',(0.0,0.0,1.0));
#2907=DIRECTION('',(0.0,1.0,0.0));
#2897=ORIENTED_EDGE('',*,*,#2898,.F.);
#2930=STYLED_ITEM('color',(#34),#2931);
#2931=ADVANCED_FACE($,(#2937),#2932,.T.);
#2932=CYLINDRICAL_SURFACE($,#2933,0.4572);
#2933=AXIS2_PLACEMENT_3D($,#2934,#2935,#2936);
#2934=CARTESIAN_POINT('',(5.08,0.566,-2.812));
#2935=DIRECTION('',(0.0,0.932,0.362));
#2936=DIRECTION('',(1.0,0.0,0.0));
#2937=FACE_OUTER_BOUND($,#2938,.T.);
#2938=EDGE_LOOP($,(#2961, #2939, #2971, #2950));
#2964=CARTESIAN_POINT('',(5.08,0.74,-3.235));
#2963=VERTEX_POINT('',#2964);
#2966=CARTESIAN_POINT('',(5.08,4.866,-1.634));
#2965=VERTEX_POINT('',#2966);
#2962=EDGE_CURVE('',#2963,#2965,#2967,.T.);
#2967=LINE('',#2964,#2969);
#2969=VECTOR('',#2970,4.42521979982075);
#2970=DIRECTION('',(0.0,0.932,0.362));
#2961=ORIENTED_EDGE('',*,*,#2962,.F.);
#2942=CARTESIAN_POINT('',(5.08,0.392,-2.389));
#2941=VERTEX_POINT('',#2942);
#2940=EDGE_CURVE($,#2941,#2963,#2945,.T.);
#2945=CIRCLE($,#2946,0.4572);
#2947=CARTESIAN_POINT('',(5.08,0.566,-2.812));
#2946=AXIS2_PLACEMENT_3D($,#2947,#2948,#2949);
#2948=DIRECTION('',(0.0,-0.932,-0.362));
#2949=DIRECTION('',(0.0,0.381,-0.925));
#2939=ORIENTED_EDGE('',*,*,#2940,.F.);
#2974=CARTESIAN_POINT('',(5.08,4.518,-0.789));
#2973=VERTEX_POINT('',#2974);
#2972=EDGE_CURVE('',#2973,#2941,#2977,.T.);
#2977=LINE('',#2974,#2979);
#2979=VECTOR('',#2980,4.42521979982075);
#2980=DIRECTION('',(0.0,-0.932,-0.362));
#2971=ORIENTED_EDGE('',*,*,#2972,.F.);
#2951=EDGE_CURVE($,#2965,#2973,#2956,.T.);
#2956=CIRCLE($,#2957,0.4572);
#2958=CARTESIAN_POINT('',(5.08,4.692,-1.211));
#2957=AXIS2_PLACEMENT_3D($,#2958,#2959,#2960);
#2959=DIRECTION('',(0.0,0.932,0.362));
#2960=DIRECTION('',(0.0,-0.381,0.925));
#2950=ORIENTED_EDGE('',*,*,#2951,.F.);
#2983=STYLED_ITEM('color',(#34),#2984);
#2984=ADVANCED_FACE($,(#2990),#2985,.T.);
#2985=CYLINDRICAL_SURFACE($,#2986,0.4572);
#2986=AXIS2_PLACEMENT_3D($,#2987,#2988,#2989);
#2987=CARTESIAN_POINT('',(5.08,0.566,-2.812));
#2988=DIRECTION('',(0.0,0.932,0.362));
#2989=DIRECTION('',(1.0,0.0,0.0));
#2990=FACE_OUTER_BOUND($,#2991,.T.);
#2991=EDGE_LOOP($,(#3014, #2992, #3024, #3003));
#3014=ORIENTED_EDGE('',*,*,#2972,.T.);
#2993=EDGE_CURVE($,#2963,#2941,#2998,.T.);
#2998=CIRCLE($,#2999,0.4572);
#2999=AXIS2_PLACEMENT_3D($,#2947,#3001,#3002);
#3001=DIRECTION('',(0.0,-0.932,-0.362));
#3002=DIRECTION('',(0.0,-0.381,0.925));
#2992=ORIENTED_EDGE('',*,*,#2993,.F.);
#3024=ORIENTED_EDGE('',*,*,#2962,.T.);
#3004=EDGE_CURVE($,#2973,#2965,#3009,.T.);
#3009=CIRCLE($,#3010,0.4572);
#3010=AXIS2_PLACEMENT_3D($,#2958,#3012,#3013);
#3012=DIRECTION('',(0.0,0.932,0.362));
#3013=DIRECTION('',(0.0,-0.381,0.925));
#3003=ORIENTED_EDGE('',*,*,#3004,.F.);
#3036=STYLED_ITEM('color',(#34),#3037);
#3037 = ADVANCED_FACE ( '', ( #3043 ), #3038, .T. ) ;
#3038 = TOROIDAL_SURFACE ( '', #3039, 0.9144, 0.4572 ) ;
#3039 = AXIS2_PLACEMENT_3D ( '', #3040, #3041, #3042 ) ;
#3040 = CARTESIAN_POINT ( '',  ( 5.08,4.343,-0.366 ) ) ;
#3041 = DIRECTION ( '',  ( -1.0,0.0,0.0 ) ) ;
#3042 = DIRECTION ( '',  ( 0.0000000000000000000, 0.0000000000000000000, -1.000000000000000000 ) ) ;
#3043 = FACE_OUTER_BOUND ( '', #3044, .T. ) ;
#3044 = EDGE_LOOP ( '', ( #3045, #3056, #3067, #3078 ) ) ;
#3045=ORIENTED_EDGE('',*,*,#2728,.T.);
#3057=EDGE_CURVE($,#2965,#2751,#3062,.T.);
#3062=CIRCLE($,#3063,1.3716);
#3064=CARTESIAN_POINT('',(5.08,4.343,-0.366));
#3063=AXIS2_PLACEMENT_3D($,#3064,#3065,#3066);
#3065=DIRECTION('',(1.0,0.0,0.0));
#3066=DIRECTION('',(0.0,0.0,1.0));
#3056=ORIENTED_EDGE('',*,*,#3057,.F.);
#3067=ORIENTED_EDGE('',*,*,#2951,.T.);
#3079=EDGE_CURVE($,#2729,#2973,#3084,.T.);
#3084=CIRCLE($,#3085,0.4572);
#3085=AXIS2_PLACEMENT_3D($,#3064,#3087,#3088);
#3087=DIRECTION('',(-1.0,0.0,0.0));
#3088=DIRECTION('',(0.0,0.0,1.0));
#3078=ORIENTED_EDGE('',*,*,#3079,.F.);
#3089=STYLED_ITEM('color',(#34),#3090);
#3090 = ADVANCED_FACE ( '', ( #3096 ), #3091, .T. ) ;
#3091 = TOROIDAL_SURFACE ( '', #3092, 0.9144, 0.4572 ) ;
#3092 = AXIS2_PLACEMENT_3D ( '', #3093, #3094, #3095 ) ;
#3093 = CARTESIAN_POINT ( '',  ( 5.08,4.343,-0.366 ) ) ;
#3094 = DIRECTION ( '',  ( 1.0,0.0,0.0 ) ) ;
#3095 = DIRECTION ( '',  ( 0.0000000000000000000, 0.0000000000000000000, 1.000000000000000000 ) ) ;
#3096 = FACE_OUTER_BOUND ( '', #3097, .T. ) ;
#3097 = EDGE_LOOP ( '', ( #3098, #3109, #3120, #3131 ) ) ;
#3098=ORIENTED_EDGE('',*,*,#2781,.T.);
#3109=ORIENTED_EDGE('',*,*,#3079,.T.);
#3120=ORIENTED_EDGE('',*,*,#3004,.T.);
#3131=ORIENTED_EDGE('',*,*,#3057,.T.);
#3142=STYLED_ITEM('color',(#34),#3143);
#3143 = ADVANCED_FACE ( '', ( #3149 ), #3144, .T. ) ;
#3144 = TOROIDAL_SURFACE ( '', #3145, 0.9144, 0.4572 ) ;
#3145 = AXIS2_PLACEMENT_3D ( '', #3146, #3147, #3148 ) ;
#3146 = CARTESIAN_POINT ( '',  ( 5.08,0.914,-3.658 ) ) ;
#3147 = DIRECTION ( '',  ( 1.0,0.0,0.0 ) ) ;
#3148 = DIRECTION ( '',  ( 0.0000000000000000000, 0.0000000000000000000, 1.000000000000000000 ) ) ;
#3149 = FACE_OUTER_BOUND ( '', #3150, .T. ) ;
#3150 = EDGE_LOOP ( '', ( #3151, #3162, #3173, #3184 ) ) ;
#3151=ORIENTED_EDGE('',*,*,#2993,.T.);
#3163=EDGE_CURVE($,#2867,#2941,#3168,.T.);
#3168=CIRCLE($,#3169,1.3716);
#3170=CARTESIAN_POINT('',(5.08,0.914,-3.658));
#3169=AXIS2_PLACEMENT_3D($,#3170,#3171,#3172);
#3171=DIRECTION('',(-1.0,0.0,0.0));
#3172=DIRECTION('',(0.0,0.0,1.0));
#3162=ORIENTED_EDGE('',*,*,#3163,.F.);
#3173=ORIENTED_EDGE('',*,*,#2898,.T.);
#3185=EDGE_CURVE($,#2963,#2859,#3190,.T.);
#3190=CIRCLE($,#3191,0.4572);
#3191=AXIS2_PLACEMENT_3D($,#3170,#3193,#3194);
#3193=DIRECTION('',(1.0,0.0,0.0));
#3194=DIRECTION('',(0.0,0.0,1.0));
#3184=ORIENTED_EDGE('',*,*,#3185,.F.);
#3195=STYLED_ITEM('color',(#34),#3196);
#3196 = ADVANCED_FACE ( '', ( #3202 ), #3197, .T. ) ;
#3197 = TOROIDAL_SURFACE ( '', #3198, 0.9144, 0.4572 ) ;
#3198 = AXIS2_PLACEMENT_3D ( '', #3199, #3200, #3201 ) ;
#3199 = CARTESIAN_POINT ( '',  ( 5.08,0.914,-3.658 ) ) ;
#3200 = DIRECTION ( '',  ( -1.0,0.0,0.0 ) ) ;
#3201 = DIRECTION ( '',  ( 0.0000000000000000000, 0.0000000000000000000, 1.000000000000000000 ) ) ;
#3202 = FACE_OUTER_BOUND ( '', #3203, .T. ) ;
#3203 = EDGE_LOOP ( '', ( #3204, #3215, #3226, #3237 ) ) ;
#3204=ORIENTED_EDGE('',*,*,#2940,.T.);
#3215=ORIENTED_EDGE('',*,*,#3185,.T.);
#3226=ORIENTED_EDGE('',*,*,#2845,.T.);
#3237=ORIENTED_EDGE('',*,*,#3163,.T.);
#3248=MANIFOLD_SOLID_BREP($,#3249);
#3249=CLOSED_SHELL('',(#3251,#3282,#3313,#3366,#3419,#3472,#3525,#3578,#3631,#3684,#3737,#3790));
#3250=STYLED_ITEM('color',(#34),#3251);
#3251=ADVANCED_FACE($,(#3257),#3252,.T.);
#3252=PLANE($,#3253);
#3253=AXIS2_PLACEMENT_3D($,#3254,#3255,#3256);
#3254=CARTESIAN_POINT('',(3.81,5.258,0.0));
#3255=DIRECTION('',(0.,0.,1.));
#3256=DIRECTION('',(0.,1.,0.));
#3257=FACE_OUTER_BOUND($,#3258,.T.);
#3258=EDGE_LOOP($,(#3259, #3270));
#3262=CARTESIAN_POINT('',(3.81,5.715,0.0));
#3261=VERTEX_POINT('',#3262);
#3264=CARTESIAN_POINT('',(3.81,4.801,0.0));
#3263=VERTEX_POINT('',#3264);
#3260=EDGE_CURVE($,#3261,#3263,#3265,.T.);
#3265=CIRCLE($,#3266,0.4572);
#3267=CARTESIAN_POINT('',(3.81,5.258,0.0));
#3266=AXIS2_PLACEMENT_3D($,#3267,#3268,#3269);
#3268=DIRECTION('',(0.0,0.0,-1.0));
#3269=DIRECTION('',(0.0,-1.0,0.0));
#3259=ORIENTED_EDGE('',*,*,#3260,.F.);
#3271=EDGE_CURVE($,#3263,#3261,#3276,.T.);
#3276=CIRCLE($,#3277,0.4572);
#3277=AXIS2_PLACEMENT_3D($,#3267,#3279,#3280);
#3279=DIRECTION('',(0.0,0.0,-1.0));
#3280=DIRECTION('',(0.0,1.0,0.0));
#3270=ORIENTED_EDGE('',*,*,#3271,.F.);
#3281=STYLED_ITEM('color',(#34),#3282);
#3282=ADVANCED_FACE($,(#3288),#3283,.T.);
#3283=PLANE($,#3284);
#3284=AXIS2_PLACEMENT_3D($,#3285,#3286,#3287);
#3285=CARTESIAN_POINT('',(3.81,4.191,-6.198));
#3286=DIRECTION('',(0.,0.,-1.));
#3287=DIRECTION('',(0.,1.,0.));
#3288=FACE_OUTER_BOUND($,#3289,.T.);
#3289=EDGE_LOOP($,(#3290, #3301));
#3293=CARTESIAN_POINT('',(3.81,4.648,-6.198));
#3292=VERTEX_POINT('',#3293);
#3295=CARTESIAN_POINT('',(3.81,3.734,-6.198));
#3294=VERTEX_POINT('',#3295);
#3291=EDGE_CURVE($,#3292,#3294,#3296,.T.);
#3296=CIRCLE($,#3297,0.4572);
#3298=CARTESIAN_POINT('',(3.81,4.191,-6.198));
#3297=AXIS2_PLACEMENT_3D($,#3298,#3299,#3300);
#3299=DIRECTION('',(0.0,0.0,1.0));
#3300=DIRECTION('',(0.0,-1.0,0.0));
#3290=ORIENTED_EDGE('',*,*,#3291,.F.);
#3302=EDGE_CURVE($,#3294,#3292,#3307,.T.);
#3307=CIRCLE($,#3308,0.4572);
#3308=AXIS2_PLACEMENT_3D($,#3298,#3310,#3311);
#3310=DIRECTION('',(0.0,0.0,1.0));
#3311=DIRECTION('',(0.0,1.0,0.0));
#3301=ORIENTED_EDGE('',*,*,#3302,.F.);
#3312=STYLED_ITEM('color',(#34),#3313);
#3313=ADVANCED_FACE($,(#3319),#3314,.T.);
#3314=CYLINDRICAL_SURFACE($,#3315,0.4572);
#3315=AXIS2_PLACEMENT_3D($,#3316,#3317,#3318);
#3316=CARTESIAN_POINT('',(3.81,5.258,-0.366));
#3317=DIRECTION('',(0.,0.,1.));
#3318=DIRECTION('',(1.0,0.0,0.0));
#3319=FACE_OUTER_BOUND($,#3320,.T.);
#3320=EDGE_LOOP($,(#3343, #3321, #3353, #3332));
#3346=CARTESIAN_POINT('',(3.81,5.715,-0.366));
#3345=VERTEX_POINT('',#3346);
#3344=EDGE_CURVE('',#3345,#3261,#3349,.T.);
#3349=LINE('',#3346,#3351);
#3351=VECTOR('',#3352,0.36576);
#3352=DIRECTION('',(0.0,0.0,1.0));
#3343=ORIENTED_EDGE('',*,*,#3344,.F.);
#3324=CARTESIAN_POINT('',(3.81,4.801,-0.366));
#3323=VERTEX_POINT('',#3324);
#3322=EDGE_CURVE($,#3323,#3345,#3327,.T.);
#3327=CIRCLE($,#3328,0.4572);
#3329=CARTESIAN_POINT('',(3.81,5.258,-0.366));
#3328=AXIS2_PLACEMENT_3D($,#3329,#3330,#3331);
#3330=DIRECTION('',(0.0,0.0,-1.0));
#3331=DIRECTION('',(0.0,1.0,0.0));
#3321=ORIENTED_EDGE('',*,*,#3322,.F.);
#3354=EDGE_CURVE('',#3263,#3323,#3359,.T.);
#3359=LINE('',#3264,#3361);
#3361=VECTOR('',#3362,0.36576);
#3362=DIRECTION('',(0.0,0.0,-1.0));
#3353=ORIENTED_EDGE('',*,*,#3354,.F.);
#3332=ORIENTED_EDGE('',*,*,#3271,.T.);
#3365=STYLED_ITEM('color',(#34),#3366);
#3366=ADVANCED_FACE($,(#3372),#3367,.T.);
#3367=CYLINDRICAL_SURFACE($,#3368,0.4572);
#3368=AXIS2_PLACEMENT_3D($,#3369,#3370,#3371);
#3369=CARTESIAN_POINT('',(3.81,5.258,-0.366));
#3370=DIRECTION('',(0.,0.,1.));
#3371=DIRECTION('',(1.0,0.0,0.0));
#3372=FACE_OUTER_BOUND($,#3373,.T.);
#3373=EDGE_LOOP($,(#3396, #3374, #3406, #3385));
#3396=ORIENTED_EDGE('',*,*,#3354,.T.);
#3375=EDGE_CURVE($,#3345,#3323,#3380,.T.);
#3380=CIRCLE($,#3381,0.4572);
#3381=AXIS2_PLACEMENT_3D($,#3329,#3383,#3384);
#3383=DIRECTION('',(0.0,0.0,-1.0));
#3384=DIRECTION('',(0.0,-1.0,0.0));
#3374=ORIENTED_EDGE('',*,*,#3375,.F.);
#3406=ORIENTED_EDGE('',*,*,#3344,.T.);
#3385=ORIENTED_EDGE('',*,*,#3260,.T.);
#3418=STYLED_ITEM('color',(#34),#3419);
#3419=ADVANCED_FACE($,(#3425),#3420,.T.);
#3420=CYLINDRICAL_SURFACE($,#3421,0.4572);
#3421=AXIS2_PLACEMENT_3D($,#3422,#3423,#3424);
#3422=CARTESIAN_POINT('',(3.81,4.191,-6.198));
#3423=DIRECTION('',(0.,0.,1.));
#3424=DIRECTION('',(1.0,0.0,0.0));
#3425=FACE_OUTER_BOUND($,#3426,.T.);
#3426=EDGE_LOOP($,(#3449, #3427, #3459, #3438));
#3454=CARTESIAN_POINT('',(3.81,4.648,-3.658));
#3453=VERTEX_POINT('',#3454);
#3450=EDGE_CURVE('',#3292,#3453,#3455,.T.);
#3455=LINE('',#3293,#3457);
#3457=VECTOR('',#3458,2.54);
#3458=DIRECTION('',(0.0,0.0,1.0));
#3449=ORIENTED_EDGE('',*,*,#3450,.F.);
#3427=ORIENTED_EDGE('',*,*,#3291,.T.);
#3462=CARTESIAN_POINT('',(3.81,3.734,-3.658));
#3461=VERTEX_POINT('',#3462);
#3460=EDGE_CURVE('',#3461,#3294,#3465,.T.);
#3465=LINE('',#3462,#3467);
#3467=VECTOR('',#3468,2.54);
#3468=DIRECTION('',(0.0,0.0,-1.0));
#3459=ORIENTED_EDGE('',*,*,#3460,.F.);
#3439=EDGE_CURVE($,#3453,#3461,#3444,.T.);
#3444=CIRCLE($,#3445,0.4572);
#3446=CARTESIAN_POINT('',(3.81,4.191,-3.658));
#3445=AXIS2_PLACEMENT_3D($,#3446,#3447,#3448);
#3447=DIRECTION('',(0.0,0.0,1.0));
#3448=DIRECTION('',(0.0,-1.0,0.0));
#3438=ORIENTED_EDGE('',*,*,#3439,.F.);
#3471=STYLED_ITEM('color',(#34),#3472);
#3472=ADVANCED_FACE($,(#3478),#3473,.T.);
#3473=CYLINDRICAL_SURFACE($,#3474,0.4572);
#3474=AXIS2_PLACEMENT_3D($,#3475,#3476,#3477);
#3475=CARTESIAN_POINT('',(3.81,4.191,-6.198));
#3476=DIRECTION('',(0.,0.,1.));
#3477=DIRECTION('',(1.0,0.0,0.0));
#3478=FACE_OUTER_BOUND($,#3479,.T.);
#3479=EDGE_LOOP($,(#3502, #3480, #3512, #3491));
#3502=ORIENTED_EDGE('',*,*,#3460,.T.);
#3480=ORIENTED_EDGE('',*,*,#3302,.T.);
#3512=ORIENTED_EDGE('',*,*,#3450,.T.);
#3492=EDGE_CURVE($,#3461,#3453,#3497,.T.);
#3497=CIRCLE($,#3498,0.4572);
#3498=AXIS2_PLACEMENT_3D($,#3446,#3500,#3501);
#3500=DIRECTION('',(0.0,0.0,1.0));
#3501=DIRECTION('',(0.0,1.0,0.0));
#3491=ORIENTED_EDGE('',*,*,#3492,.F.);
#3524=STYLED_ITEM('color',(#34),#3525);
#3525=ADVANCED_FACE($,(#3531),#3526,.T.);
#3526=CYLINDRICAL_SURFACE($,#3527,0.4572);
#3527=AXIS2_PLACEMENT_3D($,#3528,#3529,#3530);
#3528=CARTESIAN_POINT('',(3.81,4.249,-3.337));
#3529=DIRECTION('',(0.0,0.338,0.941));
#3530=DIRECTION('',(1.0,0.0,0.0));
#3531=FACE_OUTER_BOUND($,#3532,.T.);
#3532=EDGE_LOOP($,(#3555, #3533, #3565, #3544));
#3558=CARTESIAN_POINT('',(3.81,4.677,-3.497));
#3557=VERTEX_POINT('',#3558);
#3560=CARTESIAN_POINT('',(3.81,5.628,-0.847));
#3559=VERTEX_POINT('',#3560);
#3556=EDGE_CURVE('',#3557,#3559,#3561,.T.);
#3561=LINE('',#3558,#3563);
#3563=VECTOR('',#3564,2.81498831044432);
#3564=DIRECTION('',(0.0,0.338,0.941));
#3555=ORIENTED_EDGE('',*,*,#3556,.F.);
#3536=CARTESIAN_POINT('',(3.81,3.821,-3.176));
#3535=VERTEX_POINT('',#3536);
#3534=EDGE_CURVE($,#3535,#3557,#3539,.T.);
#3539=CIRCLE($,#3540,0.4572);
#3541=CARTESIAN_POINT('',(3.81,4.249,-3.337));
#3540=AXIS2_PLACEMENT_3D($,#3541,#3542,#3543);
#3542=DIRECTION('',(0.0,-0.338,-0.941));
#3543=DIRECTION('',(0.0,0.936,-0.351));
#3533=ORIENTED_EDGE('',*,*,#3534,.F.);
#3568=CARTESIAN_POINT('',(3.81,4.771,-0.526));
#3567=VERTEX_POINT('',#3568);
#3566=EDGE_CURVE('',#3567,#3535,#3571,.T.);
#3571=LINE('',#3568,#3573);
#3573=VECTOR('',#3574,2.81498831044433);
#3574=DIRECTION('',(0.0,-0.338,-0.941));
#3565=ORIENTED_EDGE('',*,*,#3566,.F.);
#3545=EDGE_CURVE($,#3559,#3567,#3550,.T.);
#3550=CIRCLE($,#3551,0.4572);
#3552=CARTESIAN_POINT('',(3.81,5.2,-0.687));
#3551=AXIS2_PLACEMENT_3D($,#3552,#3553,#3554);
#3553=DIRECTION('',(0.0,0.338,0.941));
#3554=DIRECTION('',(0.0,-0.936,0.351));
#3544=ORIENTED_EDGE('',*,*,#3545,.F.);
#3577=STYLED_ITEM('color',(#34),#3578);
#3578=ADVANCED_FACE($,(#3584),#3579,.T.);
#3579=CYLINDRICAL_SURFACE($,#3580,0.4572);
#3580=AXIS2_PLACEMENT_3D($,#3581,#3582,#3583);
#3581=CARTESIAN_POINT('',(3.81,4.249,-3.337));
#3582=DIRECTION('',(0.0,0.338,0.941));
#3583=DIRECTION('',(1.0,0.0,0.0));
#3584=FACE_OUTER_BOUND($,#3585,.T.);
#3585=EDGE_LOOP($,(#3608, #3586, #3618, #3597));
#3608=ORIENTED_EDGE('',*,*,#3566,.T.);
#3587=EDGE_CURVE($,#3557,#3535,#3592,.T.);
#3592=CIRCLE($,#3593,0.4572);
#3593=AXIS2_PLACEMENT_3D($,#3541,#3595,#3596);
#3595=DIRECTION('',(0.0,-0.338,-0.941));
#3596=DIRECTION('',(0.0,-0.936,0.351));
#3586=ORIENTED_EDGE('',*,*,#3587,.F.);
#3618=ORIENTED_EDGE('',*,*,#3556,.T.);
#3598=EDGE_CURVE($,#3567,#3559,#3603,.T.);
#3603=CIRCLE($,#3604,0.4572);
#3604=AXIS2_PLACEMENT_3D($,#3552,#3606,#3607);
#3606=DIRECTION('',(0.0,0.338,0.941));
#3607=DIRECTION('',(0.0,-0.936,0.351));
#3597=ORIENTED_EDGE('',*,*,#3598,.F.);
#3630=STYLED_ITEM('color',(#34),#3631);
#3631 = ADVANCED_FACE ( '', ( #3637 ), #3632, .T. ) ;
#3632 = TOROIDAL_SURFACE ( '', #3633, 0.9144, 0.4572 ) ;
#3633 = AXIS2_PLACEMENT_3D ( '', #3634, #3635, #3636 ) ;
#3634 = CARTESIAN_POINT ( '',  ( 3.81,4.343,-0.366 ) ) ;
#3635 = DIRECTION ( '',  ( -1.0,0.0,0.0 ) ) ;
#3636 = DIRECTION ( '',  ( 0.0000000000000000000, 0.0000000000000000000, -1.000000000000000000 ) ) ;
#3637 = FACE_OUTER_BOUND ( '', #3638, .T. ) ;
#3638 = EDGE_LOOP ( '', ( #3639, #3650, #3661, #3672 ) ) ;
#3639=ORIENTED_EDGE('',*,*,#3322,.T.);
#3651=EDGE_CURVE($,#3559,#3345,#3656,.T.);
#3656=CIRCLE($,#3657,1.3716);
#3658=CARTESIAN_POINT('',(3.81,4.343,-0.366));
#3657=AXIS2_PLACEMENT_3D($,#3658,#3659,#3660);
#3659=DIRECTION('',(1.0,0.0,0.0));
#3660=DIRECTION('',(0.0,0.0,1.0));
#3650=ORIENTED_EDGE('',*,*,#3651,.F.);
#3661=ORIENTED_EDGE('',*,*,#3545,.T.);
#3673=EDGE_CURVE($,#3323,#3567,#3678,.T.);
#3678=CIRCLE($,#3679,0.4572);
#3679=AXIS2_PLACEMENT_3D($,#3658,#3681,#3682);
#3681=DIRECTION('',(-1.0,0.0,0.0));
#3682=DIRECTION('',(0.0,0.0,1.0));
#3672=ORIENTED_EDGE('',*,*,#3673,.F.);
#3683=STYLED_ITEM('color',(#34),#3684);
#3684 = ADVANCED_FACE ( '', ( #3690 ), #3685, .T. ) ;
#3685 = TOROIDAL_SURFACE ( '', #3686, 0.9144, 0.4572 ) ;
#3686 = AXIS2_PLACEMENT_3D ( '', #3687, #3688, #3689 ) ;
#3687 = CARTESIAN_POINT ( '',  ( 3.81,4.343,-0.366 ) ) ;
#3688 = DIRECTION ( '',  ( 1.0,0.0,0.0 ) ) ;
#3689 = DIRECTION ( '',  ( 0.0000000000000000000, 0.0000000000000000000, 1.000000000000000000 ) ) ;
#3690 = FACE_OUTER_BOUND ( '', #3691, .T. ) ;
#3691 = EDGE_LOOP ( '', ( #3692, #3703, #3714, #3725 ) ) ;
#3692=ORIENTED_EDGE('',*,*,#3375,.T.);
#3703=ORIENTED_EDGE('',*,*,#3673,.T.);
#3714=ORIENTED_EDGE('',*,*,#3598,.T.);
#3725=ORIENTED_EDGE('',*,*,#3651,.T.);
#3736=STYLED_ITEM('color',(#34),#3737);
#3737 = ADVANCED_FACE ( '', ( #3743 ), #3738, .T. ) ;
#3738 = TOROIDAL_SURFACE ( '', #3739, 0.9144, 0.4572 ) ;
#3739 = AXIS2_PLACEMENT_3D ( '', #3740, #3741, #3742 ) ;
#3740 = CARTESIAN_POINT ( '',  ( 3.81,5.105,-3.658 ) ) ;
#3741 = DIRECTION ( '',  ( 1.0,0.0,0.0 ) ) ;
#3742 = DIRECTION ( '',  ( 0.0000000000000000000, 0.0000000000000000000, 1.000000000000000000 ) ) ;
#3743 = FACE_OUTER_BOUND ( '', #3744, .T. ) ;
#3744 = EDGE_LOOP ( '', ( #3745, #3756, #3767, #3778 ) ) ;
#3745=ORIENTED_EDGE('',*,*,#3587,.T.);
#3757=EDGE_CURVE($,#3461,#3535,#3762,.T.);
#3762=CIRCLE($,#3763,1.3716);
#3764=CARTESIAN_POINT('',(3.81,5.105,-3.658));
#3763=AXIS2_PLACEMENT_3D($,#3764,#3765,#3766);
#3765=DIRECTION('',(-1.0,0.0,0.0));
#3766=DIRECTION('',(0.0,0.0,1.0));
#3756=ORIENTED_EDGE('',*,*,#3757,.F.);
#3767=ORIENTED_EDGE('',*,*,#3492,.T.);
#3779=EDGE_CURVE($,#3557,#3453,#3784,.T.);
#3784=CIRCLE($,#3785,0.4572);
#3785=AXIS2_PLACEMENT_3D($,#3764,#3787,#3788);
#3787=DIRECTION('',(1.0,0.0,0.0));
#3788=DIRECTION('',(0.0,0.0,1.0));
#3778=ORIENTED_EDGE('',*,*,#3779,.F.);
#3789=STYLED_ITEM('color',(#34),#3790);
#3790 = ADVANCED_FACE ( '', ( #3796 ), #3791, .T. ) ;
#3791 = TOROIDAL_SURFACE ( '', #3792, 0.9144, 0.4572 ) ;
#3792 = AXIS2_PLACEMENT_3D ( '', #3793, #3794, #3795 ) ;
#3793 = CARTESIAN_POINT ( '',  ( 3.81,5.105,-3.658 ) ) ;
#3794 = DIRECTION ( '',  ( -1.0,0.0,0.0 ) ) ;
#3795 = DIRECTION ( '',  ( 0.0000000000000000000, 0.0000000000000000000, 1.000000000000000000 ) ) ;
#3796 = FACE_OUTER_BOUND ( '', #3797, .T. ) ;
#3797 = EDGE_LOOP ( '', ( #3798, #3809, #3820, #3831 ) ) ;
#3798=ORIENTED_EDGE('',*,*,#3534,.T.);
#3809=ORIENTED_EDGE('',*,*,#3779,.T.);
#3820=ORIENTED_EDGE('',*,*,#3439,.T.);
#3831=ORIENTED_EDGE('',*,*,#3757,.T.);
#3842=MANIFOLD_SOLID_BREP($,#3843);
#3843=CLOSED_SHELL('',(#3845,#3876,#3907,#3960,#4013,#4066,#4119,#4172,#4225,#4278,#4331,#4384));
#3844=STYLED_ITEM('color',(#34),#3845);
#3845=ADVANCED_FACE($,(#3851),#3846,.T.);
#3846=PLANE($,#3847);
#3847=AXIS2_PLACEMENT_3D($,#3848,#3849,#3850);
#3848=CARTESIAN_POINT('',(2.54,5.258,0.0));
#3849=DIRECTION('',(0.,0.,1.));
#3850=DIRECTION('',(0.,1.,0.));
#3851=FACE_OUTER_BOUND($,#3852,.T.);
#3852=EDGE_LOOP($,(#3853, #3864));
#3856=CARTESIAN_POINT('',(2.54,5.715,0.0));
#3855=VERTEX_POINT('',#3856);
#3858=CARTESIAN_POINT('',(2.54,4.801,0.0));
#3857=VERTEX_POINT('',#3858);
#3854=EDGE_CURVE($,#3855,#3857,#3859,.T.);
#3859=CIRCLE($,#3860,0.4572);
#3861=CARTESIAN_POINT('',(2.54,5.258,0.0));
#3860=AXIS2_PLACEMENT_3D($,#3861,#3862,#3863);
#3862=DIRECTION('',(0.0,0.0,-1.0));
#3863=DIRECTION('',(0.0,-1.0,0.0));
#3853=ORIENTED_EDGE('',*,*,#3854,.F.);
#3865=EDGE_CURVE($,#3857,#3855,#3870,.T.);
#3870=CIRCLE($,#3871,0.4572);
#3871=AXIS2_PLACEMENT_3D($,#3861,#3873,#3874);
#3873=DIRECTION('',(0.0,0.0,-1.0));
#3874=DIRECTION('',(0.0,1.0,0.0));
#3864=ORIENTED_EDGE('',*,*,#3865,.F.);
#3875=STYLED_ITEM('color',(#34),#3876);
#3876=ADVANCED_FACE($,(#3882),#3877,.T.);
#3877=PLANE($,#3878);
#3878=AXIS2_PLACEMENT_3D($,#3879,#3880,#3881);
#3879=CARTESIAN_POINT('',(2.54,0.0,-6.198));
#3880=DIRECTION('',(0.,0.,-1.));
#3881=DIRECTION('',(0.,1.,0.));
#3882=FACE_OUTER_BOUND($,#3883,.T.);
#3883=EDGE_LOOP($,(#3884, #3895));
#3887=CARTESIAN_POINT('',(2.54,0.457,-6.198));
#3886=VERTEX_POINT('',#3887);
#3889=CARTESIAN_POINT('',(2.54,-0.457,-6.198));
#3888=VERTEX_POINT('',#3889);
#3885=EDGE_CURVE($,#3886,#3888,#3890,.T.);
#3890=CIRCLE($,#3891,0.4572);
#3892=CARTESIAN_POINT('',(2.54,0.0,-6.198));
#3891=AXIS2_PLACEMENT_3D($,#3892,#3893,#3894);
#3893=DIRECTION('',(0.0,0.0,1.0));
#3894=DIRECTION('',(0.0,-1.0,0.0));
#3884=ORIENTED_EDGE('',*,*,#3885,.F.);
#3896=EDGE_CURVE($,#3888,#3886,#3901,.T.);
#3901=CIRCLE($,#3902,0.4572);
#3902=AXIS2_PLACEMENT_3D($,#3892,#3904,#3905);
#3904=DIRECTION('',(0.0,0.0,1.0));
#3905=DIRECTION('',(0.0,1.0,0.0));
#3895=ORIENTED_EDGE('',*,*,#3896,.F.);
#3906=STYLED_ITEM('color',(#34),#3907);
#3907=ADVANCED_FACE($,(#3913),#3908,.T.);
#3908=CYLINDRICAL_SURFACE($,#3909,0.4572);
#3909=AXIS2_PLACEMENT_3D($,#3910,#3911,#3912);
#3910=CARTESIAN_POINT('',(2.54,5.258,-0.366));
#3911=DIRECTION('',(0.,0.,1.));
#3912=DIRECTION('',(1.0,0.0,0.0));
#3913=FACE_OUTER_BOUND($,#3914,.T.);
#3914=EDGE_LOOP($,(#3937, #3915, #3947, #3926));
#3940=CARTESIAN_POINT('',(2.54,5.715,-0.366));
#3939=VERTEX_POINT('',#3940);
#3938=EDGE_CURVE('',#3939,#3855,#3943,.T.);
#3943=LINE('',#3940,#3945);
#3945=VECTOR('',#3946,0.36576);
#3946=DIRECTION('',(0.0,0.0,1.0));
#3937=ORIENTED_EDGE('',*,*,#3938,.F.);
#3918=CARTESIAN_POINT('',(2.54,4.801,-0.366));
#3917=VERTEX_POINT('',#3918);
#3916=EDGE_CURVE($,#3917,#3939,#3921,.T.);
#3921=CIRCLE($,#3922,0.4572);
#3923=CARTESIAN_POINT('',(2.54,5.258,-0.366));
#3922=AXIS2_PLACEMENT_3D($,#3923,#3924,#3925);
#3924=DIRECTION('',(0.0,0.0,-1.0));
#3925=DIRECTION('',(0.0,1.0,0.0));
#3915=ORIENTED_EDGE('',*,*,#3916,.F.);
#3948=EDGE_CURVE('',#3857,#3917,#3953,.T.);
#3953=LINE('',#3858,#3955);
#3955=VECTOR('',#3956,0.36576);
#3956=DIRECTION('',(0.0,0.0,-1.0));
#3947=ORIENTED_EDGE('',*,*,#3948,.F.);
#3926=ORIENTED_EDGE('',*,*,#3865,.T.);
#3959=STYLED_ITEM('color',(#34),#3960);
#3960=ADVANCED_FACE($,(#3966),#3961,.T.);
#3961=CYLINDRICAL_SURFACE($,#3962,0.4572);
#3962=AXIS2_PLACEMENT_3D($,#3963,#3964,#3965);
#3963=CARTESIAN_POINT('',(2.54,5.258,-0.366));
#3964=DIRECTION('',(0.,0.,1.));
#3965=DIRECTION('',(1.0,0.0,0.0));
#3966=FACE_OUTER_BOUND($,#3967,.T.);
#3967=EDGE_LOOP($,(#3990, #3968, #4000, #3979));
#3990=ORIENTED_EDGE('',*,*,#3948,.T.);
#3969=EDGE_CURVE($,#3939,#3917,#3974,.T.);
#3974=CIRCLE($,#3975,0.4572);
#3975=AXIS2_PLACEMENT_3D($,#3923,#3977,#3978);
#3977=DIRECTION('',(0.0,0.0,-1.0));
#3978=DIRECTION('',(0.0,-1.0,0.0));
#3968=ORIENTED_EDGE('',*,*,#3969,.F.);
#4000=ORIENTED_EDGE('',*,*,#3938,.T.);
#3979=ORIENTED_EDGE('',*,*,#3854,.T.);
#4012=STYLED_ITEM('color',(#34),#4013);
#4013=ADVANCED_FACE($,(#4019),#4014,.T.);
#4014=CYLINDRICAL_SURFACE($,#4015,0.4572);
#4015=AXIS2_PLACEMENT_3D($,#4016,#4017,#4018);
#4016=CARTESIAN_POINT('',(2.54,0.0,-6.198));
#4017=DIRECTION('',(0.,0.,1.));
#4018=DIRECTION('',(1.0,0.0,0.0));
#4019=FACE_OUTER_BOUND($,#4020,.T.);
#4020=EDGE_LOOP($,(#4043, #4021, #4053, #4032));
#4048=CARTESIAN_POINT('',(2.54,0.457,-3.658));
#4047=VERTEX_POINT('',#4048);
#4044=EDGE_CURVE('',#3886,#4047,#4049,.T.);
#4049=LINE('',#3887,#4051);
#4051=VECTOR('',#4052,2.54);
#4052=DIRECTION('',(0.0,0.0,1.0));
#4043=ORIENTED_EDGE('',*,*,#4044,.F.);
#4021=ORIENTED_EDGE('',*,*,#3885,.T.);
#4056=CARTESIAN_POINT('',(2.54,-0.457,-3.658));
#4055=VERTEX_POINT('',#4056);
#4054=EDGE_CURVE('',#4055,#3888,#4059,.T.);
#4059=LINE('',#4056,#4061);
#4061=VECTOR('',#4062,2.54);
#4062=DIRECTION('',(0.0,0.0,-1.0));
#4053=ORIENTED_EDGE('',*,*,#4054,.F.);
#4033=EDGE_CURVE($,#4047,#4055,#4038,.T.);
#4038=CIRCLE($,#4039,0.4572);
#4040=CARTESIAN_POINT('',(2.54,0.0,-3.658));
#4039=AXIS2_PLACEMENT_3D($,#4040,#4041,#4042);
#4041=DIRECTION('',(0.0,0.0,1.0));
#4042=DIRECTION('',(0.0,-1.0,0.0));
#4032=ORIENTED_EDGE('',*,*,#4033,.F.);
#4065=STYLED_ITEM('color',(#34),#4066);
#4066=ADVANCED_FACE($,(#4072),#4067,.T.);
#4067=CYLINDRICAL_SURFACE($,#4068,0.4572);
#4068=AXIS2_PLACEMENT_3D($,#4069,#4070,#4071);
#4069=CARTESIAN_POINT('',(2.54,0.0,-6.198));
#4070=DIRECTION('',(0.,0.,1.));
#4071=DIRECTION('',(1.0,0.0,0.0));
#4072=FACE_OUTER_BOUND($,#4073,.T.);
#4073=EDGE_LOOP($,(#4096, #4074, #4106, #4085));
#4096=ORIENTED_EDGE('',*,*,#4054,.T.);
#4074=ORIENTED_EDGE('',*,*,#3896,.T.);
#4106=ORIENTED_EDGE('',*,*,#4044,.T.);
#4086=EDGE_CURVE($,#4055,#4047,#4091,.T.);
#4091=CIRCLE($,#4092,0.4572);
#4092=AXIS2_PLACEMENT_3D($,#4040,#4094,#4095);
#4094=DIRECTION('',(0.0,0.0,1.0));
#4095=DIRECTION('',(0.0,1.0,0.0));
#4085=ORIENTED_EDGE('',*,*,#4086,.F.);
#4118=STYLED_ITEM('color',(#34),#4119);
#4119=ADVANCED_FACE($,(#4125),#4120,.T.);
#4120=CYLINDRICAL_SURFACE($,#4121,0.4572);
#4121=AXIS2_PLACEMENT_3D($,#4122,#4123,#4124);
#4122=CARTESIAN_POINT('',(2.54,0.566,-2.812));
#4123=DIRECTION('',(0.0,0.932,0.362));
#4124=DIRECTION('',(1.0,0.0,0.0));
#4125=FACE_OUTER_BOUND($,#4126,.T.);
#4126=EDGE_LOOP($,(#4149, #4127, #4159, #4138));
#4152=CARTESIAN_POINT('',(2.54,0.74,-3.235));
#4151=VERTEX_POINT('',#4152);
#4154=CARTESIAN_POINT('',(2.54,4.866,-1.634));
#4153=VERTEX_POINT('',#4154);
#4150=EDGE_CURVE('',#4151,#4153,#4155,.T.);
#4155=LINE('',#4152,#4157);
#4157=VECTOR('',#4158,4.42521979982075);
#4158=DIRECTION('',(0.0,0.932,0.362));
#4149=ORIENTED_EDGE('',*,*,#4150,.F.);
#4130=CARTESIAN_POINT('',(2.54,0.392,-2.389));
#4129=VERTEX_POINT('',#4130);
#4128=EDGE_CURVE($,#4129,#4151,#4133,.T.);
#4133=CIRCLE($,#4134,0.4572);
#4135=CARTESIAN_POINT('',(2.54,0.566,-2.812));
#4134=AXIS2_PLACEMENT_3D($,#4135,#4136,#4137);
#4136=DIRECTION('',(0.0,-0.932,-0.362));
#4137=DIRECTION('',(0.0,0.381,-0.925));
#4127=ORIENTED_EDGE('',*,*,#4128,.F.);
#4162=CARTESIAN_POINT('',(2.54,4.518,-0.789));
#4161=VERTEX_POINT('',#4162);
#4160=EDGE_CURVE('',#4161,#4129,#4165,.T.);
#4165=LINE('',#4162,#4167);
#4167=VECTOR('',#4168,4.42521979982075);
#4168=DIRECTION('',(0.0,-0.932,-0.362));
#4159=ORIENTED_EDGE('',*,*,#4160,.F.);
#4139=EDGE_CURVE($,#4153,#4161,#4144,.T.);
#4144=CIRCLE($,#4145,0.4572);
#4146=CARTESIAN_POINT('',(2.54,4.692,-1.211));
#4145=AXIS2_PLACEMENT_3D($,#4146,#4147,#4148);
#4147=DIRECTION('',(0.0,0.932,0.362));
#4148=DIRECTION('',(0.0,-0.381,0.925));
#4138=ORIENTED_EDGE('',*,*,#4139,.F.);
#4171=STYLED_ITEM('color',(#34),#4172);
#4172=ADVANCED_FACE($,(#4178),#4173,.T.);
#4173=CYLINDRICAL_SURFACE($,#4174,0.4572);
#4174=AXIS2_PLACEMENT_3D($,#4175,#4176,#4177);
#4175=CARTESIAN_POINT('',(2.54,0.566,-2.812));
#4176=DIRECTION('',(0.0,0.932,0.362));
#4177=DIRECTION('',(1.0,0.0,0.0));
#4178=FACE_OUTER_BOUND($,#4179,.T.);
#4179=EDGE_LOOP($,(#4202, #4180, #4212, #4191));
#4202=ORIENTED_EDGE('',*,*,#4160,.T.);
#4181=EDGE_CURVE($,#4151,#4129,#4186,.T.);
#4186=CIRCLE($,#4187,0.4572);
#4187=AXIS2_PLACEMENT_3D($,#4135,#4189,#4190);
#4189=DIRECTION('',(0.0,-0.932,-0.362));
#4190=DIRECTION('',(0.0,-0.381,0.925));
#4180=ORIENTED_EDGE('',*,*,#4181,.F.);
#4212=ORIENTED_EDGE('',*,*,#4150,.T.);
#4192=EDGE_CURVE($,#4161,#4153,#4197,.T.);
#4197=CIRCLE($,#4198,0.4572);
#4198=AXIS2_PLACEMENT_3D($,#4146,#4200,#4201);
#4200=DIRECTION('',(0.0,0.932,0.362));
#4201=DIRECTION('',(0.0,-0.381,0.925));
#4191=ORIENTED_EDGE('',*,*,#4192,.F.);
#4224=STYLED_ITEM('color',(#34),#4225);
#4225 = ADVANCED_FACE ( '', ( #4231 ), #4226, .T. ) ;
#4226 = TOROIDAL_SURFACE ( '', #4227, 0.9144, 0.4572 ) ;
#4227 = AXIS2_PLACEMENT_3D ( '', #4228, #4229, #4230 ) ;
#4228 = CARTESIAN_POINT ( '',  ( 2.54,4.343,-0.366 ) ) ;
#4229 = DIRECTION ( '',  ( -1.0,0.0,0.0 ) ) ;
#4230 = DIRECTION ( '',  ( 0.0000000000000000000, 0.0000000000000000000, -1.000000000000000000 ) ) ;
#4231 = FACE_OUTER_BOUND ( '', #4232, .T. ) ;
#4232 = EDGE_LOOP ( '', ( #4233, #4244, #4255, #4266 ) ) ;
#4233=ORIENTED_EDGE('',*,*,#3916,.T.);
#4245=EDGE_CURVE($,#4153,#3939,#4250,.T.);
#4250=CIRCLE($,#4251,1.3716);
#4252=CARTESIAN_POINT('',(2.54,4.343,-0.366));
#4251=AXIS2_PLACEMENT_3D($,#4252,#4253,#4254);
#4253=DIRECTION('',(1.0,0.0,0.0));
#4254=DIRECTION('',(0.0,0.0,1.0));
#4244=ORIENTED_EDGE('',*,*,#4245,.F.);
#4255=ORIENTED_EDGE('',*,*,#4139,.T.);
#4267=EDGE_CURVE($,#3917,#4161,#4272,.T.);
#4272=CIRCLE($,#4273,0.4572);
#4273=AXIS2_PLACEMENT_3D($,#4252,#4275,#4276);
#4275=DIRECTION('',(-1.0,0.0,0.0));
#4276=DIRECTION('',(0.0,0.0,1.0));
#4266=ORIENTED_EDGE('',*,*,#4267,.F.);
#4277=STYLED_ITEM('color',(#34),#4278);
#4278 = ADVANCED_FACE ( '', ( #4284 ), #4279, .T. ) ;
#4279 = TOROIDAL_SURFACE ( '', #4280, 0.9144, 0.4572 ) ;
#4280 = AXIS2_PLACEMENT_3D ( '', #4281, #4282, #4283 ) ;
#4281 = CARTESIAN_POINT ( '',  ( 2.54,4.343,-0.366 ) ) ;
#4282 = DIRECTION ( '',  ( 1.0,0.0,0.0 ) ) ;
#4283 = DIRECTION ( '',  ( 0.0000000000000000000, 0.0000000000000000000, 1.000000000000000000 ) ) ;
#4284 = FACE_OUTER_BOUND ( '', #4285, .T. ) ;
#4285 = EDGE_LOOP ( '', ( #4286, #4297, #4308, #4319 ) ) ;
#4286=ORIENTED_EDGE('',*,*,#3969,.T.);
#4297=ORIENTED_EDGE('',*,*,#4267,.T.);
#4308=ORIENTED_EDGE('',*,*,#4192,.T.);
#4319=ORIENTED_EDGE('',*,*,#4245,.T.);
#4330=STYLED_ITEM('color',(#34),#4331);
#4331 = ADVANCED_FACE ( '', ( #4337 ), #4332, .T. ) ;
#4332 = TOROIDAL_SURFACE ( '', #4333, 0.9144, 0.4572 ) ;
#4333 = AXIS2_PLACEMENT_3D ( '', #4334, #4335, #4336 ) ;
#4334 = CARTESIAN_POINT ( '',  ( 2.54,0.914,-3.658 ) ) ;
#4335 = DIRECTION ( '',  ( 1.0,0.0,0.0 ) ) ;
#4336 = DIRECTION ( '',  ( 0.0000000000000000000, 0.0000000000000000000, 1.000000000000000000 ) ) ;
#4337 = FACE_OUTER_BOUND ( '', #4338, .T. ) ;
#4338 = EDGE_LOOP ( '', ( #4339, #4350, #4361, #4372 ) ) ;
#4339=ORIENTED_EDGE('',*,*,#4181,.T.);
#4351=EDGE_CURVE($,#4055,#4129,#4356,.T.);
#4356=CIRCLE($,#4357,1.3716);
#4358=CARTESIAN_POINT('',(2.54,0.914,-3.658));
#4357=AXIS2_PLACEMENT_3D($,#4358,#4359,#4360);
#4359=DIRECTION('',(-1.0,0.0,0.0));
#4360=DIRECTION('',(0.0,0.0,1.0));
#4350=ORIENTED_EDGE('',*,*,#4351,.F.);
#4361=ORIENTED_EDGE('',*,*,#4086,.T.);
#4373=EDGE_CURVE($,#4151,#4047,#4378,.T.);
#4378=CIRCLE($,#4379,0.4572);
#4379=AXIS2_PLACEMENT_3D($,#4358,#4381,#4382);
#4381=DIRECTION('',(1.0,0.0,0.0));
#4382=DIRECTION('',(0.0,0.0,1.0));
#4372=ORIENTED_EDGE('',*,*,#4373,.F.);
#4383=STYLED_ITEM('color',(#34),#4384);
#4384 = ADVANCED_FACE ( '', ( #4390 ), #4385, .T. ) ;
#4385 = TOROIDAL_SURFACE ( '', #4386, 0.9144, 0.4572 ) ;
#4386 = AXIS2_PLACEMENT_3D ( '', #4387, #4388, #4389 ) ;
#4387 = CARTESIAN_POINT ( '',  ( 2.54,0.914,-3.658 ) ) ;
#4388 = DIRECTION ( '',  ( -1.0,0.0,0.0 ) ) ;
#4389 = DIRECTION ( '',  ( 0.0000000000000000000, 0.0000000000000000000, 1.000000000000000000 ) ) ;
#4390 = FACE_OUTER_BOUND ( '', #4391, .T. ) ;
#4391 = EDGE_LOOP ( '', ( #4392, #4403, #4414, #4425 ) ) ;
#4392=ORIENTED_EDGE('',*,*,#4128,.T.);
#4403=ORIENTED_EDGE('',*,*,#4373,.T.);
#4414=ORIENTED_EDGE('',*,*,#4033,.T.);
#4425=ORIENTED_EDGE('',*,*,#4351,.T.);
#4436=MANIFOLD_SOLID_BREP($,#4437);
#4437=CLOSED_SHELL('',(#4439,#4470,#4501,#4554,#4607,#4660,#4713,#4766,#4819,#4872,#4925,#4978));
#4438=STYLED_ITEM('color',(#34),#4439);
#4439=ADVANCED_FACE($,(#4445),#4440,.T.);
#4440=PLANE($,#4441);
#4441=AXIS2_PLACEMENT_3D($,#4442,#4443,#4444);
#4442=CARTESIAN_POINT('',(1.27,5.258,0.0));
#4443=DIRECTION('',(0.,0.,1.));
#4444=DIRECTION('',(0.,1.,0.));
#4445=FACE_OUTER_BOUND($,#4446,.T.);
#4446=EDGE_LOOP($,(#4447, #4458));
#4450=CARTESIAN_POINT('',(1.27,5.715,0.0));
#4449=VERTEX_POINT('',#4450);
#4452=CARTESIAN_POINT('',(1.27,4.801,0.0));
#4451=VERTEX_POINT('',#4452);
#4448=EDGE_CURVE($,#4449,#4451,#4453,.T.);
#4453=CIRCLE($,#4454,0.4572);
#4455=CARTESIAN_POINT('',(1.27,5.258,0.0));
#4454=AXIS2_PLACEMENT_3D($,#4455,#4456,#4457);
#4456=DIRECTION('',(0.0,0.0,-1.0));
#4457=DIRECTION('',(0.0,-1.0,0.0));
#4447=ORIENTED_EDGE('',*,*,#4448,.F.);
#4459=EDGE_CURVE($,#4451,#4449,#4464,.T.);
#4464=CIRCLE($,#4465,0.4572);
#4465=AXIS2_PLACEMENT_3D($,#4455,#4467,#4468);
#4467=DIRECTION('',(0.0,0.0,-1.0));
#4468=DIRECTION('',(0.0,1.0,0.0));
#4458=ORIENTED_EDGE('',*,*,#4459,.F.);
#4469=STYLED_ITEM('color',(#34),#4470);
#4470=ADVANCED_FACE($,(#4476),#4471,.T.);
#4471=PLANE($,#4472);
#4472=AXIS2_PLACEMENT_3D($,#4473,#4474,#4475);
#4473=CARTESIAN_POINT('',(1.27,4.191,-6.198));
#4474=DIRECTION('',(0.,0.,-1.));
#4475=DIRECTION('',(0.,1.,0.));
#4476=FACE_OUTER_BOUND($,#4477,.T.);
#4477=EDGE_LOOP($,(#4478, #4489));
#4481=CARTESIAN_POINT('',(1.27,4.648,-6.198));
#4480=VERTEX_POINT('',#4481);
#4483=CARTESIAN_POINT('',(1.27,3.734,-6.198));
#4482=VERTEX_POINT('',#4483);
#4479=EDGE_CURVE($,#4480,#4482,#4484,.T.);
#4484=CIRCLE($,#4485,0.4572);
#4486=CARTESIAN_POINT('',(1.27,4.191,-6.198));
#4485=AXIS2_PLACEMENT_3D($,#4486,#4487,#4488);
#4487=DIRECTION('',(0.0,0.0,1.0));
#4488=DIRECTION('',(0.0,-1.0,0.0));
#4478=ORIENTED_EDGE('',*,*,#4479,.F.);
#4490=EDGE_CURVE($,#4482,#4480,#4495,.T.);
#4495=CIRCLE($,#4496,0.4572);
#4496=AXIS2_PLACEMENT_3D($,#4486,#4498,#4499);
#4498=DIRECTION('',(0.0,0.0,1.0));
#4499=DIRECTION('',(0.0,1.0,0.0));
#4489=ORIENTED_EDGE('',*,*,#4490,.F.);
#4500=STYLED_ITEM('color',(#34),#4501);
#4501=ADVANCED_FACE($,(#4507),#4502,.T.);
#4502=CYLINDRICAL_SURFACE($,#4503,0.4572);
#4503=AXIS2_PLACEMENT_3D($,#4504,#4505,#4506);
#4504=CARTESIAN_POINT('',(1.27,5.258,-0.366));
#4505=DIRECTION('',(0.,0.,1.));
#4506=DIRECTION('',(1.0,0.0,0.0));
#4507=FACE_OUTER_BOUND($,#4508,.T.);
#4508=EDGE_LOOP($,(#4531, #4509, #4541, #4520));
#4534=CARTESIAN_POINT('',(1.27,5.715,-0.366));
#4533=VERTEX_POINT('',#4534);
#4532=EDGE_CURVE('',#4533,#4449,#4537,.T.);
#4537=LINE('',#4534,#4539);
#4539=VECTOR('',#4540,0.36576);
#4540=DIRECTION('',(0.0,0.0,1.0));
#4531=ORIENTED_EDGE('',*,*,#4532,.F.);
#4512=CARTESIAN_POINT('',(1.27,4.801,-0.366));
#4511=VERTEX_POINT('',#4512);
#4510=EDGE_CURVE($,#4511,#4533,#4515,.T.);
#4515=CIRCLE($,#4516,0.4572);
#4517=CARTESIAN_POINT('',(1.27,5.258,-0.366));
#4516=AXIS2_PLACEMENT_3D($,#4517,#4518,#4519);
#4518=DIRECTION('',(0.0,0.0,-1.0));
#4519=DIRECTION('',(0.0,1.0,0.0));
#4509=ORIENTED_EDGE('',*,*,#4510,.F.);
#4542=EDGE_CURVE('',#4451,#4511,#4547,.T.);
#4547=LINE('',#4452,#4549);
#4549=VECTOR('',#4550,0.36576);
#4550=DIRECTION('',(0.0,0.0,-1.0));
#4541=ORIENTED_EDGE('',*,*,#4542,.F.);
#4520=ORIENTED_EDGE('',*,*,#4459,.T.);
#4553=STYLED_ITEM('color',(#34),#4554);
#4554=ADVANCED_FACE($,(#4560),#4555,.T.);
#4555=CYLINDRICAL_SURFACE($,#4556,0.4572);
#4556=AXIS2_PLACEMENT_3D($,#4557,#4558,#4559);
#4557=CARTESIAN_POINT('',(1.27,5.258,-0.366));
#4558=DIRECTION('',(0.,0.,1.));
#4559=DIRECTION('',(1.0,0.0,0.0));
#4560=FACE_OUTER_BOUND($,#4561,.T.);
#4561=EDGE_LOOP($,(#4584, #4562, #4594, #4573));
#4584=ORIENTED_EDGE('',*,*,#4542,.T.);
#4563=EDGE_CURVE($,#4533,#4511,#4568,.T.);
#4568=CIRCLE($,#4569,0.4572);
#4569=AXIS2_PLACEMENT_3D($,#4517,#4571,#4572);
#4571=DIRECTION('',(0.0,0.0,-1.0));
#4572=DIRECTION('',(0.0,-1.0,0.0));
#4562=ORIENTED_EDGE('',*,*,#4563,.F.);
#4594=ORIENTED_EDGE('',*,*,#4532,.T.);
#4573=ORIENTED_EDGE('',*,*,#4448,.T.);
#4606=STYLED_ITEM('color',(#34),#4607);
#4607=ADVANCED_FACE($,(#4613),#4608,.T.);
#4608=CYLINDRICAL_SURFACE($,#4609,0.4572);
#4609=AXIS2_PLACEMENT_3D($,#4610,#4611,#4612);
#4610=CARTESIAN_POINT('',(1.27,4.191,-6.198));
#4611=DIRECTION('',(0.,0.,1.));
#4612=DIRECTION('',(1.0,0.0,0.0));
#4613=FACE_OUTER_BOUND($,#4614,.T.);
#4614=EDGE_LOOP($,(#4637, #4615, #4647, #4626));
#4642=CARTESIAN_POINT('',(1.27,4.648,-3.658));
#4641=VERTEX_POINT('',#4642);
#4638=EDGE_CURVE('',#4480,#4641,#4643,.T.);
#4643=LINE('',#4481,#4645);
#4645=VECTOR('',#4646,2.54);
#4646=DIRECTION('',(0.0,0.0,1.0));
#4637=ORIENTED_EDGE('',*,*,#4638,.F.);
#4615=ORIENTED_EDGE('',*,*,#4479,.T.);
#4650=CARTESIAN_POINT('',(1.27,3.734,-3.658));
#4649=VERTEX_POINT('',#4650);
#4648=EDGE_CURVE('',#4649,#4482,#4653,.T.);
#4653=LINE('',#4650,#4655);
#4655=VECTOR('',#4656,2.54);
#4656=DIRECTION('',(0.0,0.0,-1.0));
#4647=ORIENTED_EDGE('',*,*,#4648,.F.);
#4627=EDGE_CURVE($,#4641,#4649,#4632,.T.);
#4632=CIRCLE($,#4633,0.4572);
#4634=CARTESIAN_POINT('',(1.27,4.191,-3.658));
#4633=AXIS2_PLACEMENT_3D($,#4634,#4635,#4636);
#4635=DIRECTION('',(0.0,0.0,1.0));
#4636=DIRECTION('',(0.0,-1.0,0.0));
#4626=ORIENTED_EDGE('',*,*,#4627,.F.);
#4659=STYLED_ITEM('color',(#34),#4660);
#4660=ADVANCED_FACE($,(#4666),#4661,.T.);
#4661=CYLINDRICAL_SURFACE($,#4662,0.4572);
#4662=AXIS2_PLACEMENT_3D($,#4663,#4664,#4665);
#4663=CARTESIAN_POINT('',(1.27,4.191,-6.198));
#4664=DIRECTION('',(0.,0.,1.));
#4665=DIRECTION('',(1.0,0.0,0.0));
#4666=FACE_OUTER_BOUND($,#4667,.T.);
#4667=EDGE_LOOP($,(#4690, #4668, #4700, #4679));
#4690=ORIENTED_EDGE('',*,*,#4648,.T.);
#4668=ORIENTED_EDGE('',*,*,#4490,.T.);
#4700=ORIENTED_EDGE('',*,*,#4638,.T.);
#4680=EDGE_CURVE($,#4649,#4641,#4685,.T.);
#4685=CIRCLE($,#4686,0.4572);
#4686=AXIS2_PLACEMENT_3D($,#4634,#4688,#4689);
#4688=DIRECTION('',(0.0,0.0,1.0));
#4689=DIRECTION('',(0.0,1.0,0.0));
#4679=ORIENTED_EDGE('',*,*,#4680,.F.);
#4712=STYLED_ITEM('color',(#34),#4713);
#4713=ADVANCED_FACE($,(#4719),#4714,.T.);
#4714=CYLINDRICAL_SURFACE($,#4715,0.4572);
#4715=AXIS2_PLACEMENT_3D($,#4716,#4717,#4718);
#4716=CARTESIAN_POINT('',(1.27,4.249,-3.337));
#4717=DIRECTION('',(0.0,0.338,0.941));
#4718=DIRECTION('',(1.0,0.0,0.0));
#4719=FACE_OUTER_BOUND($,#4720,.T.);
#4720=EDGE_LOOP($,(#4743, #4721, #4753, #4732));
#4746=CARTESIAN_POINT('',(1.27,4.677,-3.497));
#4745=VERTEX_POINT('',#4746);
#4748=CARTESIAN_POINT('',(1.27,5.628,-0.847));
#4747=VERTEX_POINT('',#4748);
#4744=EDGE_CURVE('',#4745,#4747,#4749,.T.);
#4749=LINE('',#4746,#4751);
#4751=VECTOR('',#4752,2.81498831044432);
#4752=DIRECTION('',(0.0,0.338,0.941));
#4743=ORIENTED_EDGE('',*,*,#4744,.F.);
#4724=CARTESIAN_POINT('',(1.27,3.821,-3.176));
#4723=VERTEX_POINT('',#4724);
#4722=EDGE_CURVE($,#4723,#4745,#4727,.T.);
#4727=CIRCLE($,#4728,0.4572);
#4729=CARTESIAN_POINT('',(1.27,4.249,-3.337));
#4728=AXIS2_PLACEMENT_3D($,#4729,#4730,#4731);
#4730=DIRECTION('',(0.0,-0.338,-0.941));
#4731=DIRECTION('',(0.0,0.936,-0.351));
#4721=ORIENTED_EDGE('',*,*,#4722,.F.);
#4756=CARTESIAN_POINT('',(1.27,4.771,-0.526));
#4755=VERTEX_POINT('',#4756);
#4754=EDGE_CURVE('',#4755,#4723,#4759,.T.);
#4759=LINE('',#4756,#4761);
#4761=VECTOR('',#4762,2.81498831044433);
#4762=DIRECTION('',(0.0,-0.338,-0.941));
#4753=ORIENTED_EDGE('',*,*,#4754,.F.);
#4733=EDGE_CURVE($,#4747,#4755,#4738,.T.);
#4738=CIRCLE($,#4739,0.4572);
#4740=CARTESIAN_POINT('',(1.27,5.2,-0.687));
#4739=AXIS2_PLACEMENT_3D($,#4740,#4741,#4742);
#4741=DIRECTION('',(0.0,0.338,0.941));
#4742=DIRECTION('',(0.0,-0.936,0.351));
#4732=ORIENTED_EDGE('',*,*,#4733,.F.);
#4765=STYLED_ITEM('color',(#34),#4766);
#4766=ADVANCED_FACE($,(#4772),#4767,.T.);
#4767=CYLINDRICAL_SURFACE($,#4768,0.4572);
#4768=AXIS2_PLACEMENT_3D($,#4769,#4770,#4771);
#4769=CARTESIAN_POINT('',(1.27,4.249,-3.337));
#4770=DIRECTION('',(0.0,0.338,0.941));
#4771=DIRECTION('',(1.0,0.0,0.0));
#4772=FACE_OUTER_BOUND($,#4773,.T.);
#4773=EDGE_LOOP($,(#4796, #4774, #4806, #4785));
#4796=ORIENTED_EDGE('',*,*,#4754,.T.);
#4775=EDGE_CURVE($,#4745,#4723,#4780,.T.);
#4780=CIRCLE($,#4781,0.4572);
#4781=AXIS2_PLACEMENT_3D($,#4729,#4783,#4784);
#4783=DIRECTION('',(0.0,-0.338,-0.941));
#4784=DIRECTION('',(0.0,-0.936,0.351));
#4774=ORIENTED_EDGE('',*,*,#4775,.F.);
#4806=ORIENTED_EDGE('',*,*,#4744,.T.);
#4786=EDGE_CURVE($,#4755,#4747,#4791,.T.);
#4791=CIRCLE($,#4792,0.4572);
#4792=AXIS2_PLACEMENT_3D($,#4740,#4794,#4795);
#4794=DIRECTION('',(0.0,0.338,0.941));
#4795=DIRECTION('',(0.0,-0.936,0.351));
#4785=ORIENTED_EDGE('',*,*,#4786,.F.);
#4818=STYLED_ITEM('color',(#34),#4819);
#4819 = ADVANCED_FACE ( '', ( #4825 ), #4820, .T. ) ;
#4820 = TOROIDAL_SURFACE ( '', #4821, 0.9144, 0.4572 ) ;
#4821 = AXIS2_PLACEMENT_3D ( '', #4822, #4823, #4824 ) ;
#4822 = CARTESIAN_POINT ( '',  ( 1.27,4.343,-0.366 ) ) ;
#4823 = DIRECTION ( '',  ( -1.0,0.0,0.0 ) ) ;
#4824 = DIRECTION ( '',  ( 0.0000000000000000000, 0.0000000000000000000, -1.000000000000000000 ) ) ;
#4825 = FACE_OUTER_BOUND ( '', #4826, .T. ) ;
#4826 = EDGE_LOOP ( '', ( #4827, #4838, #4849, #4860 ) ) ;
#4827=ORIENTED_EDGE('',*,*,#4510,.T.);
#4839=EDGE_CURVE($,#4747,#4533,#4844,.T.);
#4844=CIRCLE($,#4845,1.3716);
#4846=CARTESIAN_POINT('',(1.27,4.343,-0.366));
#4845=AXIS2_PLACEMENT_3D($,#4846,#4847,#4848);
#4847=DIRECTION('',(1.0,0.0,0.0));
#4848=DIRECTION('',(0.0,0.0,1.0));
#4838=ORIENTED_EDGE('',*,*,#4839,.F.);
#4849=ORIENTED_EDGE('',*,*,#4733,.T.);
#4861=EDGE_CURVE($,#4511,#4755,#4866,.T.);
#4866=CIRCLE($,#4867,0.4572);
#4867=AXIS2_PLACEMENT_3D($,#4846,#4869,#4870);
#4869=DIRECTION('',(-1.0,0.0,0.0));
#4870=DIRECTION('',(0.0,0.0,1.0));
#4860=ORIENTED_EDGE('',*,*,#4861,.F.);
#4871=STYLED_ITEM('color',(#34),#4872);
#4872 = ADVANCED_FACE ( '', ( #4878 ), #4873, .T. ) ;
#4873 = TOROIDAL_SURFACE ( '', #4874, 0.9144, 0.4572 ) ;
#4874 = AXIS2_PLACEMENT_3D ( '', #4875, #4876, #4877 ) ;
#4875 = CARTESIAN_POINT ( '',  ( 1.27,4.343,-0.366 ) ) ;
#4876 = DIRECTION ( '',  ( 1.0,0.0,0.0 ) ) ;
#4877 = DIRECTION ( '',  ( 0.0000000000000000000, 0.0000000000000000000, 1.000000000000000000 ) ) ;
#4878 = FACE_OUTER_BOUND ( '', #4879, .T. ) ;
#4879 = EDGE_LOOP ( '', ( #4880, #4891, #4902, #4913 ) ) ;
#4880=ORIENTED_EDGE('',*,*,#4563,.T.);
#4891=ORIENTED_EDGE('',*,*,#4861,.T.);
#4902=ORIENTED_EDGE('',*,*,#4786,.T.);
#4913=ORIENTED_EDGE('',*,*,#4839,.T.);
#4924=STYLED_ITEM('color',(#34),#4925);
#4925 = ADVANCED_FACE ( '', ( #4931 ), #4926, .T. ) ;
#4926 = TOROIDAL_SURFACE ( '', #4927, 0.9144, 0.4572 ) ;
#4927 = AXIS2_PLACEMENT_3D ( '', #4928, #4929, #4930 ) ;
#4928 = CARTESIAN_POINT ( '',  ( 1.27,5.105,-3.658 ) ) ;
#4929 = DIRECTION ( '',  ( 1.0,0.0,0.0 ) ) ;
#4930 = DIRECTION ( '',  ( 0.0000000000000000000, 0.0000000000000000000, 1.000000000000000000 ) ) ;
#4931 = FACE_OUTER_BOUND ( '', #4932, .T. ) ;
#4932 = EDGE_LOOP ( '', ( #4933, #4944, #4955, #4966 ) ) ;
#4933=ORIENTED_EDGE('',*,*,#4775,.T.);
#4945=EDGE_CURVE($,#4649,#4723,#4950,.T.);
#4950=CIRCLE($,#4951,1.3716);
#4952=CARTESIAN_POINT('',(1.27,5.105,-3.658));
#4951=AXIS2_PLACEMENT_3D($,#4952,#4953,#4954);
#4953=DIRECTION('',(-1.0,0.0,0.0));
#4954=DIRECTION('',(0.0,0.0,1.0));
#4944=ORIENTED_EDGE('',*,*,#4945,.F.);
#4955=ORIENTED_EDGE('',*,*,#4680,.T.);
#4967=EDGE_CURVE($,#4745,#4641,#4972,.T.);
#4972=CIRCLE($,#4973,0.4572);
#4973=AXIS2_PLACEMENT_3D($,#4952,#4975,#4976);
#4975=DIRECTION('',(1.0,0.0,0.0));
#4976=DIRECTION('',(0.0,0.0,1.0));
#4966=ORIENTED_EDGE('',*,*,#4967,.F.);
#4977=STYLED_ITEM('color',(#34),#4978);
#4978 = ADVANCED_FACE ( '', ( #4984 ), #4979, .T. ) ;
#4979 = TOROIDAL_SURFACE ( '', #4980, 0.9144, 0.4572 ) ;
#4980 = AXIS2_PLACEMENT_3D ( '', #4981, #4982, #4983 ) ;
#4981 = CARTESIAN_POINT ( '',  ( 1.27,5.105,-3.658 ) ) ;
#4982 = DIRECTION ( '',  ( -1.0,0.0,0.0 ) ) ;
#4983 = DIRECTION ( '',  ( 0.0000000000000000000, 0.0000000000000000000, 1.000000000000000000 ) ) ;
#4984 = FACE_OUTER_BOUND ( '', #4985, .T. ) ;
#4985 = EDGE_LOOP ( '', ( #4986, #4997, #5008, #5019 ) ) ;
#4986=ORIENTED_EDGE('',*,*,#4722,.T.);
#4997=ORIENTED_EDGE('',*,*,#4967,.T.);
#5008=ORIENTED_EDGE('',*,*,#4627,.T.);
#5019=ORIENTED_EDGE('',*,*,#4945,.T.);
#5030=MANIFOLD_SOLID_BREP($,#5031);
#5031=CLOSED_SHELL('',(#5033,#5064,#5095,#5148,#5201,#5254,#5307,#5360,#5413,#5466,#5519,#5572));
#5032=STYLED_ITEM('color',(#34),#5033);
#5033=ADVANCED_FACE($,(#5039),#5034,.T.);
#5034=PLANE($,#5035);
#5035=AXIS2_PLACEMENT_3D($,#5036,#5037,#5038);
#5036=CARTESIAN_POINT('',(0.0,5.258,0.0));
#5037=DIRECTION('',(0.,0.,1.));
#5038=DIRECTION('',(0.,1.,0.));
#5039=FACE_OUTER_BOUND($,#5040,.T.);
#5040=EDGE_LOOP($,(#5041, #5052));
#5044=CARTESIAN_POINT('',(0.0,5.715,0.0));
#5043=VERTEX_POINT('',#5044);
#5046=CARTESIAN_POINT('',(0.0,4.801,0.0));
#5045=VERTEX_POINT('',#5046);
#5042=EDGE_CURVE($,#5043,#5045,#5047,.T.);
#5047=CIRCLE($,#5048,0.4572);
#5049=CARTESIAN_POINT('',(0.0,5.258,0.0));
#5048=AXIS2_PLACEMENT_3D($,#5049,#5050,#5051);
#5050=DIRECTION('',(0.0,0.0,-1.0));
#5051=DIRECTION('',(0.0,-1.0,0.0));
#5041=ORIENTED_EDGE('',*,*,#5042,.F.);
#5053=EDGE_CURVE($,#5045,#5043,#5058,.T.);
#5058=CIRCLE($,#5059,0.4572);
#5059=AXIS2_PLACEMENT_3D($,#5049,#5061,#5062);
#5061=DIRECTION('',(0.0,0.0,-1.0));
#5062=DIRECTION('',(0.0,1.0,0.0));
#5052=ORIENTED_EDGE('',*,*,#5053,.F.);
#5063=STYLED_ITEM('color',(#34),#5064);
#5064=ADVANCED_FACE($,(#5070),#5065,.T.);
#5065=PLANE($,#5066);
#5066=AXIS2_PLACEMENT_3D($,#5067,#5068,#5069);
#5067=CARTESIAN_POINT('',(0.0,0.0,-6.198));
#5068=DIRECTION('',(0.,0.,-1.));
#5069=DIRECTION('',(0.,1.,0.));
#5070=FACE_OUTER_BOUND($,#5071,.T.);
#5071=EDGE_LOOP($,(#5072, #5083));
#5075=CARTESIAN_POINT('',(0.0,0.457,-6.198));
#5074=VERTEX_POINT('',#5075);
#5077=CARTESIAN_POINT('',(0.0,-0.457,-6.198));
#5076=VERTEX_POINT('',#5077);
#5073=EDGE_CURVE($,#5074,#5076,#5078,.T.);
#5078=CIRCLE($,#5079,0.4572);
#5080=CARTESIAN_POINT('',(0.0,0.0,-6.198));
#5079=AXIS2_PLACEMENT_3D($,#5080,#5081,#5082);
#5081=DIRECTION('',(0.0,0.0,1.0));
#5082=DIRECTION('',(0.0,-1.0,0.0));
#5072=ORIENTED_EDGE('',*,*,#5073,.F.);
#5084=EDGE_CURVE($,#5076,#5074,#5089,.T.);
#5089=CIRCLE($,#5090,0.4572);
#5090=AXIS2_PLACEMENT_3D($,#5080,#5092,#5093);
#5092=DIRECTION('',(0.0,0.0,1.0));
#5093=DIRECTION('',(0.0,1.0,0.0));
#5083=ORIENTED_EDGE('',*,*,#5084,.F.);
#5094=STYLED_ITEM('color',(#34),#5095);
#5095=ADVANCED_FACE($,(#5101),#5096,.T.);
#5096=CYLINDRICAL_SURFACE($,#5097,0.4572);
#5097=AXIS2_PLACEMENT_3D($,#5098,#5099,#5100);
#5098=CARTESIAN_POINT('',(0.0,5.258,-0.366));
#5099=DIRECTION('',(0.,0.,1.));
#5100=DIRECTION('',(1.0,0.0,0.0));
#5101=FACE_OUTER_BOUND($,#5102,.T.);
#5102=EDGE_LOOP($,(#5125, #5103, #5135, #5114));
#5128=CARTESIAN_POINT('',(0.0,5.715,-0.366));
#5127=VERTEX_POINT('',#5128);
#5126=EDGE_CURVE('',#5127,#5043,#5131,.T.);
#5131=LINE('',#5128,#5133);
#5133=VECTOR('',#5134,0.36576);
#5134=DIRECTION('',(0.0,0.0,1.0));
#5125=ORIENTED_EDGE('',*,*,#5126,.F.);
#5106=CARTESIAN_POINT('',(0.0,4.801,-0.366));
#5105=VERTEX_POINT('',#5106);
#5104=EDGE_CURVE($,#5105,#5127,#5109,.T.);
#5109=CIRCLE($,#5110,0.4572);
#5111=CARTESIAN_POINT('',(0.0,5.258,-0.366));
#5110=AXIS2_PLACEMENT_3D($,#5111,#5112,#5113);
#5112=DIRECTION('',(0.0,0.0,-1.0));
#5113=DIRECTION('',(0.0,1.0,0.0));
#5103=ORIENTED_EDGE('',*,*,#5104,.F.);
#5136=EDGE_CURVE('',#5045,#5105,#5141,.T.);
#5141=LINE('',#5046,#5143);
#5143=VECTOR('',#5144,0.36576);
#5144=DIRECTION('',(0.0,0.0,-1.0));
#5135=ORIENTED_EDGE('',*,*,#5136,.F.);
#5114=ORIENTED_EDGE('',*,*,#5053,.T.);
#5147=STYLED_ITEM('color',(#34),#5148);
#5148=ADVANCED_FACE($,(#5154),#5149,.T.);
#5149=CYLINDRICAL_SURFACE($,#5150,0.4572);
#5150=AXIS2_PLACEMENT_3D($,#5151,#5152,#5153);
#5151=CARTESIAN_POINT('',(0.0,5.258,-0.366));
#5152=DIRECTION('',(0.,0.,1.));
#5153=DIRECTION('',(1.0,0.0,0.0));
#5154=FACE_OUTER_BOUND($,#5155,.T.);
#5155=EDGE_LOOP($,(#5178, #5156, #5188, #5167));
#5178=ORIENTED_EDGE('',*,*,#5136,.T.);
#5157=EDGE_CURVE($,#5127,#5105,#5162,.T.);
#5162=CIRCLE($,#5163,0.4572);
#5163=AXIS2_PLACEMENT_3D($,#5111,#5165,#5166);
#5165=DIRECTION('',(0.0,0.0,-1.0));
#5166=DIRECTION('',(0.0,-1.0,0.0));
#5156=ORIENTED_EDGE('',*,*,#5157,.F.);
#5188=ORIENTED_EDGE('',*,*,#5126,.T.);
#5167=ORIENTED_EDGE('',*,*,#5042,.T.);
#5200=STYLED_ITEM('color',(#34),#5201);
#5201=ADVANCED_FACE($,(#5207),#5202,.T.);
#5202=CYLINDRICAL_SURFACE($,#5203,0.4572);
#5203=AXIS2_PLACEMENT_3D($,#5204,#5205,#5206);
#5204=CARTESIAN_POINT('',(0.0,0.0,-6.198));
#5205=DIRECTION('',(0.,0.,1.));
#5206=DIRECTION('',(1.0,0.0,0.0));
#5207=FACE_OUTER_BOUND($,#5208,.T.);
#5208=EDGE_LOOP($,(#5231, #5209, #5241, #5220));
#5236=CARTESIAN_POINT('',(0.0,0.457,-3.658));
#5235=VERTEX_POINT('',#5236);
#5232=EDGE_CURVE('',#5074,#5235,#5237,.T.);
#5237=LINE('',#5075,#5239);
#5239=VECTOR('',#5240,2.54);
#5240=DIRECTION('',(0.0,0.0,1.0));
#5231=ORIENTED_EDGE('',*,*,#5232,.F.);
#5209=ORIENTED_EDGE('',*,*,#5073,.T.);
#5244=CARTESIAN_POINT('',(0.0,-0.457,-3.658));
#5243=VERTEX_POINT('',#5244);
#5242=EDGE_CURVE('',#5243,#5076,#5247,.T.);
#5247=LINE('',#5244,#5249);
#5249=VECTOR('',#5250,2.54);
#5250=DIRECTION('',(0.0,0.0,-1.0));
#5241=ORIENTED_EDGE('',*,*,#5242,.F.);
#5221=EDGE_CURVE($,#5235,#5243,#5226,.T.);
#5226=CIRCLE($,#5227,0.4572);
#5228=CARTESIAN_POINT('',(0.0,0.0,-3.658));
#5227=AXIS2_PLACEMENT_3D($,#5228,#5229,#5230);
#5229=DIRECTION('',(0.0,0.0,1.0));
#5230=DIRECTION('',(0.0,-1.0,0.0));
#5220=ORIENTED_EDGE('',*,*,#5221,.F.);
#5253=STYLED_ITEM('color',(#34),#5254);
#5254=ADVANCED_FACE($,(#5260),#5255,.T.);
#5255=CYLINDRICAL_SURFACE($,#5256,0.4572);
#5256=AXIS2_PLACEMENT_3D($,#5257,#5258,#5259);
#5257=CARTESIAN_POINT('',(0.0,0.0,-6.198));
#5258=DIRECTION('',(0.,0.,1.));
#5259=DIRECTION('',(1.0,0.0,0.0));
#5260=FACE_OUTER_BOUND($,#5261,.T.);
#5261=EDGE_LOOP($,(#5284, #5262, #5294, #5273));
#5284=ORIENTED_EDGE('',*,*,#5242,.T.);
#5262=ORIENTED_EDGE('',*,*,#5084,.T.);
#5294=ORIENTED_EDGE('',*,*,#5232,.T.);
#5274=EDGE_CURVE($,#5243,#5235,#5279,.T.);
#5279=CIRCLE($,#5280,0.4572);
#5280=AXIS2_PLACEMENT_3D($,#5228,#5282,#5283);
#5282=DIRECTION('',(0.0,0.0,1.0));
#5283=DIRECTION('',(0.0,1.0,0.0));
#5273=ORIENTED_EDGE('',*,*,#5274,.F.);
#5306=STYLED_ITEM('color',(#34),#5307);
#5307=ADVANCED_FACE($,(#5313),#5308,.T.);
#5308=CYLINDRICAL_SURFACE($,#5309,0.4572);
#5309=AXIS2_PLACEMENT_3D($,#5310,#5311,#5312);
#5310=CARTESIAN_POINT('',(0.0,0.566,-2.812));
#5311=DIRECTION('',(0.0,0.932,0.362));
#5312=DIRECTION('',(1.0,0.0,0.0));
#5313=FACE_OUTER_BOUND($,#5314,.T.);
#5314=EDGE_LOOP($,(#5337, #5315, #5347, #5326));
#5340=CARTESIAN_POINT('',(0.0,0.74,-3.235));
#5339=VERTEX_POINT('',#5340);
#5342=CARTESIAN_POINT('',(0.0,4.866,-1.634));
#5341=VERTEX_POINT('',#5342);
#5338=EDGE_CURVE('',#5339,#5341,#5343,.T.);
#5343=LINE('',#5340,#5345);
#5345=VECTOR('',#5346,4.42521979982075);
#5346=DIRECTION('',(0.0,0.932,0.362));
#5337=ORIENTED_EDGE('',*,*,#5338,.F.);
#5318=CARTESIAN_POINT('',(0.0,0.392,-2.389));
#5317=VERTEX_POINT('',#5318);
#5316=EDGE_CURVE($,#5317,#5339,#5321,.T.);
#5321=CIRCLE($,#5322,0.4572);
#5323=CARTESIAN_POINT('',(0.0,0.566,-2.812));
#5322=AXIS2_PLACEMENT_3D($,#5323,#5324,#5325);
#5324=DIRECTION('',(0.0,-0.932,-0.362));
#5325=DIRECTION('',(0.0,0.381,-0.925));
#5315=ORIENTED_EDGE('',*,*,#5316,.F.);
#5350=CARTESIAN_POINT('',(0.0,4.518,-0.789));
#5349=VERTEX_POINT('',#5350);
#5348=EDGE_CURVE('',#5349,#5317,#5353,.T.);
#5353=LINE('',#5350,#5355);
#5355=VECTOR('',#5356,4.42521979982075);
#5356=DIRECTION('',(0.0,-0.932,-0.362));
#5347=ORIENTED_EDGE('',*,*,#5348,.F.);
#5327=EDGE_CURVE($,#5341,#5349,#5332,.T.);
#5332=CIRCLE($,#5333,0.4572);
#5334=CARTESIAN_POINT('',(0.0,4.692,-1.211));
#5333=AXIS2_PLACEMENT_3D($,#5334,#5335,#5336);
#5335=DIRECTION('',(0.0,0.932,0.362));
#5336=DIRECTION('',(0.0,-0.381,0.925));
#5326=ORIENTED_EDGE('',*,*,#5327,.F.);
#5359=STYLED_ITEM('color',(#34),#5360);
#5360=ADVANCED_FACE($,(#5366),#5361,.T.);
#5361=CYLINDRICAL_SURFACE($,#5362,0.4572);
#5362=AXIS2_PLACEMENT_3D($,#5363,#5364,#5365);
#5363=CARTESIAN_POINT('',(0.0,0.566,-2.812));
#5364=DIRECTION('',(0.0,0.932,0.362));
#5365=DIRECTION('',(1.0,0.0,0.0));
#5366=FACE_OUTER_BOUND($,#5367,.T.);
#5367=EDGE_LOOP($,(#5390, #5368, #5400, #5379));
#5390=ORIENTED_EDGE('',*,*,#5348,.T.);
#5369=EDGE_CURVE($,#5339,#5317,#5374,.T.);
#5374=CIRCLE($,#5375,0.4572);
#5375=AXIS2_PLACEMENT_3D($,#5323,#5377,#5378);
#5377=DIRECTION('',(0.0,-0.932,-0.362));
#5378=DIRECTION('',(0.0,-0.381,0.925));
#5368=ORIENTED_EDGE('',*,*,#5369,.F.);
#5400=ORIENTED_EDGE('',*,*,#5338,.T.);
#5380=EDGE_CURVE($,#5349,#5341,#5385,.T.);
#5385=CIRCLE($,#5386,0.4572);
#5386=AXIS2_PLACEMENT_3D($,#5334,#5388,#5389);
#5388=DIRECTION('',(0.0,0.932,0.362));
#5389=DIRECTION('',(0.0,-0.381,0.925));
#5379=ORIENTED_EDGE('',*,*,#5380,.F.);
#5412=STYLED_ITEM('color',(#34),#5413);
#5413 = ADVANCED_FACE ( '', ( #5419 ), #5414, .T. ) ;
#5414 = TOROIDAL_SURFACE ( '', #5415, 0.9144, 0.4572 ) ;
#5415 = AXIS2_PLACEMENT_3D ( '', #5416, #5417, #5418 ) ;
#5416 = CARTESIAN_POINT ( '',  ( 0.0,4.343,-0.366 ) ) ;
#5417 = DIRECTION ( '',  ( -1.0,0.0,0.0 ) ) ;
#5418 = DIRECTION ( '',  ( 0.0000000000000000000, 0.0000000000000000000, -1.000000000000000000 ) ) ;
#5419 = FACE_OUTER_BOUND ( '', #5420, .T. ) ;
#5420 = EDGE_LOOP ( '', ( #5421, #5432, #5443, #5454 ) ) ;
#5421=ORIENTED_EDGE('',*,*,#5104,.T.);
#5433=EDGE_CURVE($,#5341,#5127,#5438,.T.);
#5438=CIRCLE($,#5439,1.3716);
#5440=CARTESIAN_POINT('',(0.0,4.343,-0.366));
#5439=AXIS2_PLACEMENT_3D($,#5440,#5441,#5442);
#5441=DIRECTION('',(1.0,0.0,0.0));
#5442=DIRECTION('',(0.0,0.0,1.0));
#5432=ORIENTED_EDGE('',*,*,#5433,.F.);
#5443=ORIENTED_EDGE('',*,*,#5327,.T.);
#5455=EDGE_CURVE($,#5105,#5349,#5460,.T.);
#5460=CIRCLE($,#5461,0.4572);
#5461=AXIS2_PLACEMENT_3D($,#5440,#5463,#5464);
#5463=DIRECTION('',(-1.0,0.0,0.0));
#5464=DIRECTION('',(0.0,0.0,1.0));
#5454=ORIENTED_EDGE('',*,*,#5455,.F.);
#5465=STYLED_ITEM('color',(#34),#5466);
#5466 = ADVANCED_FACE ( '', ( #5472 ), #5467, .T. ) ;
#5467 = TOROIDAL_SURFACE ( '', #5468, 0.9144, 0.4572 ) ;
#5468 = AXIS2_PLACEMENT_3D ( '', #5469, #5470, #5471 ) ;
#5469 = CARTESIAN_POINT ( '',  ( 0.0,4.343,-0.366 ) ) ;
#5470 = DIRECTION ( '',  ( 1.0,0.0,0.0 ) ) ;
#5471 = DIRECTION ( '',  ( 0.0000000000000000000, 0.0000000000000000000, 1.000000000000000000 ) ) ;
#5472 = FACE_OUTER_BOUND ( '', #5473, .T. ) ;
#5473 = EDGE_LOOP ( '', ( #5474, #5485, #5496, #5507 ) ) ;
#5474=ORIENTED_EDGE('',*,*,#5157,.T.);
#5485=ORIENTED_EDGE('',*,*,#5455,.T.);
#5496=ORIENTED_EDGE('',*,*,#5380,.T.);
#5507=ORIENTED_EDGE('',*,*,#5433,.T.);
#5518=STYLED_ITEM('color',(#34),#5519);
#5519 = ADVANCED_FACE ( '', ( #5525 ), #5520, .T. ) ;
#5520 = TOROIDAL_SURFACE ( '', #5521, 0.9144, 0.4572 ) ;
#5521 = AXIS2_PLACEMENT_3D ( '', #5522, #5523, #5524 ) ;
#5522 = CARTESIAN_POINT ( '',  ( 0.0,0.914,-3.658 ) ) ;
#5523 = DIRECTION ( '',  ( 1.0,0.0,0.0 ) ) ;
#5524 = DIRECTION ( '',  ( 0.0000000000000000000, 0.0000000000000000000, 1.000000000000000000 ) ) ;
#5525 = FACE_OUTER_BOUND ( '', #5526, .T. ) ;
#5526 = EDGE_LOOP ( '', ( #5527, #5538, #5549, #5560 ) ) ;
#5527=ORIENTED_EDGE('',*,*,#5369,.T.);
#5539=EDGE_CURVE($,#5243,#5317,#5544,.T.);
#5544=CIRCLE($,#5545,1.3716);
#5546=CARTESIAN_POINT('',(0.0,0.914,-3.658));
#5545=AXIS2_PLACEMENT_3D($,#5546,#5547,#5548);
#5547=DIRECTION('',(-1.0,0.0,0.0));
#5548=DIRECTION('',(0.0,0.0,1.0));
#5538=ORIENTED_EDGE('',*,*,#5539,.F.);
#5549=ORIENTED_EDGE('',*,*,#5274,.T.);
#5561=EDGE_CURVE($,#5339,#5235,#5566,.T.);
#5566=CIRCLE($,#5567,0.4572);
#5567=AXIS2_PLACEMENT_3D($,#5546,#5569,#5570);
#5569=DIRECTION('',(1.0,0.0,0.0));
#5570=DIRECTION('',(0.0,0.0,1.0));
#5560=ORIENTED_EDGE('',*,*,#5561,.F.);
#5571=STYLED_ITEM('color',(#34),#5572);
#5572 = ADVANCED_FACE ( '', ( #5578 ), #5573, .T. ) ;
#5573 = TOROIDAL_SURFACE ( '', #5574, 0.9144, 0.4572 ) ;
#5574 = AXIS2_PLACEMENT_3D ( '', #5575, #5576, #5577 ) ;
#5575 = CARTESIAN_POINT ( '',  ( 0.0,0.914,-3.658 ) ) ;
#5576 = DIRECTION ( '',  ( -1.0,0.0,0.0 ) ) ;
#5577 = DIRECTION ( '',  ( 0.0000000000000000000, 0.0000000000000000000, 1.000000000000000000 ) ) ;
#5578 = FACE_OUTER_BOUND ( '', #5579, .T. ) ;
#5579 = EDGE_LOOP ( '', ( #5580, #5591, #5602, #5613 ) ) ;
#5580=ORIENTED_EDGE('',*,*,#5316,.T.);
#5591=ORIENTED_EDGE('',*,*,#5561,.T.);
#5602=ORIENTED_EDGE('',*,*,#5221,.T.);
#5613=ORIENTED_EDGE('',*,*,#5539,.T.);
ENDSEC;
END-ISO-10303-21;
